Line_ID,X_Value,Y_Value
0,408.21877,0.44670
0,409.13395,0.40329
0,410.04913,0.34541
0,410.96430,0.30200
0,411.87948,0.27306
0,412.79466,0.27306
0,413.70984,0.30200
0,414.62501,0.35988
0,415.54019,0.43223
0,416.45537,0.47564
0,417.37055,0.50458
0,418.28573,0.53352
0,419.20090,0.53352
0,420.11608,0.53352
0,421.03126,0.50458
0,421.94644,0.47564
0,422.86161,0.46117
0,423.77679,0.47564
0,424.69197,0.50458
0,425.60715,0.51905
0,426.52232,0.50458
0,427.43750,0.47564
0,428.35268,0.44670
0,429.26786,0.41776
0,430.18304,0.40329
0,431.09821,0.49011
0,432.01339,0.63160
0,432.92857,0.77952
0,433.84375,0.77952
0,434.75892,0.77952
0,435.67410,0.75058
0,436.58928,0.72163
0,437.50446,0.66375
0,438.41963,0.62034
0,439.33481,0.56246
0,440.24999,0.49011
0,441.16517,0.41776
0,442.08035,0.33094
0,442.99552,0.27306
0,443.91070,0.22965
0,444.82588,0.20070
0,445.74106,0.17176
0,446.65623,0.17176
0,447.57141,0.20070
0,448.48659,0.27306
0,449.40177,0.34541
0,450.31694,0.43223
0,451.23212,0.49011
0,452.14730,0.53352
0,453.06248,0.57693
0,453.97766,0.56246
0,454.89283,0.53352
0,455.80801,0.44670
0,456.72319,0.30200
0,457.63837,0.20070
0,458.55354,0.12835
0,459.46872,0.04153
0,460.38390,-0.03082
0,461.29908,-0.07423
0,462.21425,-0.07423
0,463.12943,-0.07423
0,464.04461,0.01259
0,464.95979,0.21518
0,465.87497,0.38882
0,466.79014,0.51905
0,467.70532,0.54799
0,468.62050,0.53352
0,469.53568,0.44670
0,470.45085,0.41776
0,471.36603,0.38882
0,472.28121,0.40329
0,473.19639,0.40329
0,474.11156,0.43223
0,475.02674,0.54799
0,475.94192,0.72163
0,476.85710,0.85187
0,477.77228,0.86634
0,478.68745,0.85187
0,479.60263,0.80846
0,480.51781,0.76505
0,481.43299,0.72163
0,482.34816,0.69269
0,483.26334,0.70716
0,484.17852,0.72163
0,485.09370,0.79399
0,486.00887,0.86634
0,486.92405,0.92422
0,487.83923,1.01104
0,488.75441,1.06892
0,489.66959,1.14127
0,490.58476,1.21362
0,491.49994,1.25704
0,492.41512,1.27151
0,493.33030,1.28598
0,494.24547,1.25704
0,495.16065,1.22809
0,496.07583,1.19915
0,496.99101,1.17021
0,497.90618,1.14127
0,498.82136,1.11233
0,499.73654,1.11233
0,500.65172,1.14127
0,501.56690,1.17021
0,502.48207,1.30045
0,503.39725,1.44515
0,504.31243,1.63326
0,505.22761,1.64773
0,506.14278,1.66220
0,507.05796,1.64773
0,507.97314,1.64773
0,508.88832,1.63326
0,509.80349,1.61879
0,510.71867,1.58985
0,511.63385,1.57538
0,512.54903,1.51750
0,513.46421,1.43068
0,514.37938,1.37280
0,515.29456,1.34386
0,516.20974,1.32939
0,517.12492,1.35833
0,518.04009,1.41621
0,518.95527,1.47409
0,519.87045,1.53197
0,520.78563,1.60432
0,521.70080,1.69114
0,522.61598,1.73455
0,523.53116,1.83585
0,524.44634,1.92267
0,525.36151,2.02396
0,526.27669,2.12525
0,527.19187,2.24101
0,528.10705,2.31337
0,529.02223,2.40019
0,529.93740,2.42913
0,530.85258,2.41466
0,531.76776,2.25549
0,532.68294,2.16866
0,533.59811,2.15419
0,534.51329,2.18313
0,535.42847,2.22654
0,536.34365,2.28443
0,537.25882,2.35678
0,538.17400,2.41466
0,539.08918,2.48701
0,540.00436,2.54489
0,540.91954,2.60277
0,541.83471,2.66065
0,542.74989,2.68959
0,543.66507,2.70406
0,544.58025,2.70406
0,545.49542,2.70406
0,546.41060,2.71853
0,547.32578,2.73300
0,548.24096,2.74747
0,549.15613,2.80536
0,550.07131,2.87771
0,550.98649,2.95006
0,551.90167,3.02241
0,552.81685,3.06582
0,553.73202,3.12370
0,554.64720,3.15264
0,555.56238,3.19605
0,556.47756,3.26840
0,557.39273,3.35523
0,558.30791,3.41311
0,559.22309,3.48546
0,560.13827,3.51440
0,561.05344,3.51440
0,561.96862,3.51440
0,562.88380,3.52887
0,563.79898,3.57228
0,564.71416,3.70251
0,565.62933,3.77486
0,566.54451,3.89063
0,567.45969,4.00639
0,568.37487,4.07874
0,569.29004,4.10768
0,570.20522,4.12215
0,571.12040,4.15109
0,572.03558,4.16556
0,572.95075,4.22344
0,573.86593,4.32474
0,574.78111,4.46944
0,575.69629,4.57073
0,576.61147,4.71543
0,577.52664,4.91802
0,578.44182,4.94696
0,579.35700,4.94696
0,580.27218,4.93249
0,581.18735,4.90355
0,582.10253,4.87461
0,583.01771,4.87461
0,583.93289,4.90355
0,584.84806,4.93249
0,585.76324,4.94696
0,586.67842,4.94696
0,587.59360,4.91802
0,588.50878,4.88908
0,589.42395,4.86014
0,590.33913,4.84567
0,591.25431,4.86014
0,592.16949,4.88908
0,593.08466,4.91802
0,593.99984,4.94696
0,594.91502,4.97590
0,595.83020,5.03378
0,596.74537,5.06272
0,597.66055,5.17848
0,598.57573,5.27977
0,599.49091,5.43895
0,600.40609,5.61259
0,601.32126,5.75729
0,602.23644,5.80070
0,603.15162,5.80070
0,604.06680,5.82965
0,604.98197,5.82965
0,605.89715,5.98882
0,606.81233,6.19140
0,607.72751,6.53869
0,608.64268,6.74127
0,609.55786,6.74127
0,610.47304,6.77021
0,611.38822,6.77021
0,612.30340,6.79915
0,613.21857,6.87151
0,614.13375,6.94386
0,615.04893,6.97280
0,615.96411,6.98727
0,616.87928,7.01621
0,617.79446,7.03068
0,618.70964,7.03068
0,619.62482,7.03068
0,620.53999,7.03068
0,621.45517,7.04515
0,622.37035,7.07409
0,623.28553,7.11750
0,624.20071,7.18985
0,625.11588,7.30561
0,626.03106,7.50820
0,626.94624,7.63843
0,627.86142,7.79760
0,628.77659,7.97125
0,629.69177,8.10148
0,630.60695,8.23171
0,631.52213,8.37642
0,632.43730,8.50665
0,633.35248,8.65135
0,634.26766,8.72370
0,635.18284,8.85393
0,636.09802,8.98417
0,637.01319,9.09993
0,637.92837,9.24463
0,638.84355,9.38934
0,639.75873,9.46169
0,640.67390,9.47616
0,641.58908,9.44722
0,642.50426,9.38934
0,643.41944,9.36039
0,644.33461,9.28804
0,645.24979,9.27357
0,646.16497,9.30251
0,647.08015,9.44722
0,647.99533,9.60639
0,648.91050,9.76556
0,649.82568,9.89580
0,650.74086,10.06944
0,651.65604,10.08391
0,652.57121,10.11285
0,653.48639,10.11285
0,654.40157,10.14179
0,655.31675,10.30096
0,656.23192,10.47461
0,657.14710,10.59037
0,658.06228,10.73507
0,658.97746,10.85083
0,659.89263,10.93766
0,660.80781,11.08236
0,661.72299,11.25600
0,662.63817,11.37176
0,663.55335,11.47306
0,664.46852,11.50200
0,665.38370,11.53094
0,666.29888,11.51647
0,667.21406,11.27047
0,668.12923,11.11130
0,669.04441,11.11130
0,669.95959,11.12577
0,670.87477,11.15471
0,671.78994,11.19812
0,672.70512,11.25600
0,673.62030,11.31388
0,674.53548,11.41518
0,675.45066,11.55988
0,676.36583,11.69011
0,677.28101,11.82034
0,678.19619,11.97952
0,679.11137,12.13869
0,680.02654,12.29786
0,680.94172,12.42809
0,681.85690,12.61621
0,682.77208,12.71750
0,683.68725,12.74644
0,684.60243,12.76091
0,685.51761,12.74644
0,686.43279,12.70303
0,687.34797,12.64515
0,688.26314,12.54386
0,689.17832,12.48598
0,690.09350,12.48598
0,691.00868,12.50045
0,691.92385,12.52939
0,692.83903,12.54386
0,693.75421,12.60174
0,694.66939,12.67409
0,695.58456,12.76091
0,696.49974,12.84773
0,697.41492,12.90561
0,698.33010,13.02138
0,699.24528,13.10820
0,700.16045,13.20949
0,701.07563,13.31078
0,701.99081,13.35419
0,702.90599,13.42654
0,703.82116,13.41207
0,704.73634,13.33972
0,705.65152,13.28184
0,706.56670,13.20949
0,707.48187,13.10820
0,708.39705,13.06479
0,709.31223,13.05032
0,710.22741,13.06479
0,711.14259,13.09373
0,712.05776,13.13714
0,712.97294,13.16608
0,713.88812,13.16608
0,714.80330,13.12267
0,715.71847,12.99244
0,716.63365,12.86220
0,717.54883,12.67409
0,718.46401,12.58727
0,719.37918,12.52939
0,720.29436,12.44257
0,721.20954,12.42809
0,722.12472,12.51492
0,723.03990,12.99244
0,723.95507,13.06479
0,724.87025,13.06479
0,725.78543,12.89114
0,726.70061,12.77538
0,727.61578,12.49864
0,728.53096,12.23998
0,729.44614,12.12422
0,730.36132,12.10975
0,731.27649,12.12422
0,732.19167,12.13869
0,733.10685,12.18210
0,734.02203,12.22551
0,734.93721,12.28339
0,735.85238,12.32680
0,736.76756,12.37021
0,737.68274,12.35574
0,738.59792,12.31233
0,739.51309,12.21104
0,740.42827,12.09528
0,741.34345,11.99399
0,742.25863,11.93611
0,743.17380,11.86375
0,744.08898,11.80587
0,745.00416,11.71905
0,745.91934,11.61776
0,746.83452,11.45859
0,747.74969,11.29941
0,748.66487,11.15471
0,749.58005,10.99554
0,750.49523,10.98107
0,751.41040,10.98107
0,752.32558,11.01001
0,753.24076,11.02448
0,754.15594,11.01001
0,755.07111,10.95213
0,755.98629,10.90872
0,756.90147,10.83636
0,757.81665,10.79295
0,758.73183,10.76401
0,759.64700,10.72060
0,760.56218,10.66272
0,761.47736,10.54696
0,762.39254,10.44567
0,763.30771,10.32990
0,764.22289,10.19967
0,765.13807,10.08391
0,766.05325,9.93921
0,766.96842,9.89580
0,767.88360,9.88132
0,768.79878,9.91027
0,769.71396,9.93921
0,770.62914,9.95368
0,771.54431,9.96815
0,772.45949,9.86685
0,773.37467,9.59192
0,774.28985,9.34592
0,775.20502,9.12887
0,776.12020,8.98417
0,777.03538,8.82499
0,777.95056,8.69476
0,778.86573,8.59347
0,779.78091,8.50665
0,780.69609,8.49218
0,781.61127,8.52112
0,782.52645,8.52112
0,783.44162,8.50665
0,784.35680,8.11595
0,785.27198,7.94231
0,786.18716,7.86864
0,787.10233,7.78313
0,788.01751,7.69424
0,788.93269,7.72163
0,789.84787,7.68546
0,790.76304,7.34903
0,791.67822,7.32008
0,792.59340,7.32008
0,793.50858,7.26220
0,794.42376,7.11750
0,795.33893,6.94386
0,796.25411,6.79915
0,797.16929,6.66892
0,798.08447,6.61104
0,798.99964,6.61104
0,799.91482,6.61104
0,800.83000,6.63998
0,801.74518,6.62551
0,802.66035,6.59657
0,803.57553,6.56763
0,804.49071,6.53869
0,805.40589,6.53869
0,806.32106,6.55316
0,807.23624,6.55316
0,808.15142,6.55316
0,809.06660,6.40846
0,809.98178,5.97435
0,810.89695,5.70336
0,811.81213,5.48236
0,812.72731,5.46789
0,813.64249,5.43895
0,814.55766,5.42448
0,815.47284,5.39554
0,816.38802,5.30872
0,817.30320,5.16401
0,818.21837,5.06272
0,819.13355,4.94696
0,820.04873,4.84567
0,820.96391,4.75884
0,821.87909,4.64308
0,822.79426,4.54179
0,823.70944,4.48391
0,824.62462,4.39709
0,825.53980,4.28132
0,826.45497,4.20897
0,827.37015,4.09321
0,828.28533,3.96298
0,829.20051,3.87616
0,830.11568,3.77486
0,831.03086,3.71698
0,831.94604,3.67357
0,832.86122,3.64463
0,833.77640,3.61569
0,834.69157,3.58675
0,835.60675,3.52887
0,836.52193,3.49993
0,837.43711,3.51440
0,838.35228,3.55781
0,839.26746,3.58675
0,840.18264,3.63016
0,841.09782,3.67357
0,842.01299,3.68804
0,842.92817,3.68804
0,843.84335,3.58675
0,844.75853,3.36970
0,845.67371,3.06582
0,846.58888,2.87771
0,847.50406,2.86324
0,848.41924,2.96453
0,849.33442,2.96453
0,850.24959,2.96453
0,851.16477,2.92112
0,852.07995,2.89218
0,852.99513,2.84877
0,853.91030,2.80536
0,854.82548,2.76195
0,855.74066,2.71853
0,856.65584,2.70406
0,857.57102,2.70406
0,858.48619,2.70406
0,859.40137,2.71853
0,860.31655,2.70406
0,861.23173,2.68959
0,862.14690,2.61724
0,863.06208,2.48701
0,863.97726,2.32784
0,864.89244,2.25549
0,865.80761,2.22654
0,866.72279,2.24101
0,867.63797,2.31337
0,868.55315,2.34231
0,869.46833,2.35678
0,870.38350,2.31337
0,871.29868,2.25549
0,872.21386,2.21207
0,873.12904,2.16866
0,874.04421,2.06737
0,874.95939,1.96608
0,875.87457,1.77797
0,876.78975,1.56091
0,877.70492,1.53197
0,878.62010,1.53197
0,879.53528,1.58985
0,880.45046,1.67667
0,881.36564,1.72008
0,882.28081,1.72008
0,883.19599,1.69114
0,884.11117,1.66220
0,885.02635,1.61879
0,885.94152,1.51750
0,886.85670,1.45962
0,887.77188,1.41621
0,888.68706,1.37280
0,889.60223,1.38727
0,890.51741,1.38727
0,891.43259,1.28598
0,892.34777,1.24257
0,893.26295,1.22809
0,894.17812,1.19915
0,895.09330,1.18468
0,896.00848,1.08339
0,896.92366,0.95316
0,897.83883,0.95316
0,898.75401,1.02551
0,899.66919,1.05445
0,900.58437,1.14127
0,901.49954,1.18468
0,902.41472,1.17021
0,903.32990,0.99657
0,904.24508,0.79399
0,905.16026,0.69269
0,906.07543,0.66375
0,906.99061,0.63481
0,907.90579,0.64928
0,908.82097,0.66375
0,909.73614,0.76505
0,910.65132,0.80846
0,911.56650,0.82293
0,912.48168,0.77952
0,913.39685,0.70716
0,914.31203,0.60587
0,915.22721,0.53352
0,916.14239,0.51905
0,917.05757,0.51905
0,917.97274,0.50458
0,918.88792,0.46117
0,919.80310,0.38882
0,920.71828,0.35988
0,921.63345,0.34541
0,922.54863,0.35988
0,923.46381,0.37435
0,924.37899,0.40329
0,925.29416,0.49011
0,926.20934,0.56246
0,927.12452,0.54799
0,928.03970,0.49011
0,928.95488,0.38882
0,929.87005,0.38882
0,930.78523,0.40329
0,931.70041,0.43223
0,932.61559,0.46117
0,933.53076,0.47564
0,934.44594,0.46117
0,935.36112,0.41776
0,936.27630,0.38882
0,937.19147,0.35988
0,938.10665,0.34541
0,939.02183,0.37435
0,939.93701,0.37435
0,940.85218,0.33094
0,941.76736,0.28753
0,942.68254,0.20070
0,943.59772,0.17176
0,944.51290,0.14282
0,945.42807,0.11388
0,946.34325,0.07047
0,947.25843,-0.03082
0,948.17361,-0.17552
0,949.08878,-0.17552
0,950.00396,-0.13211
0,950.91914,-0.10317
0,951.83432,-0.07423
0,952.74949,-0.04529
0,953.66467,-0.01635
0,954.57985,0.01259
0,955.49503,0.02706
0,956.41021,0.05600
0,957.32538,0.08494
0,958.24056,0.07047
0,959.15574,0.07047
0,960.07092,0.04153
0,960.98609,0.01259
0,961.90127,-0.03082
0,962.81645,-0.05976
0,963.73163,-0.08870
0,964.64680,-0.11764
0,965.56198,-0.14658
0,966.47716,-0.18999
0,967.39234,-0.24787
0,968.30752,-0.29128
0,969.22269,-0.30576
0,970.13787,-0.27681
0,971.05305,-0.26234
0,971.96823,-0.23340
0,972.88340,-0.23340
0,973.79858,-0.23340
0,974.71376,-0.29128
0,975.62894,-0.33470
0,976.54411,-0.32023
0,977.45929,-0.24787
0,978.37447,-0.21893
0,979.28965,-0.18999
0,980.20483,-0.23340
0,981.12000,-0.29128
0,982.03518,-0.30576
0,982.95036,-0.30576
0,983.86554,-0.32023
0,984.78071,-0.34917
0,985.69589,-0.39258
0,986.61107,-0.42152
0,987.52625,-0.42152
0,988.44142,-0.39258
0,989.35660,-0.36364
0,990.27178,-0.32023
0,991.18696,-0.26234
0,992.10214,-0.26234
0,993.01731,-0.29128
0,993.93249,-0.32023
0,994.84767,-0.36364
0,995.76285,-0.40705
0,996.67802,-0.46493
