Time_hours,TAA,Gen_Total,Gen_PSD,Gen_TD,Gen_SWS,Gen_MMV,Loss_Total,Loss_Stuck,Loss_Ionized,Loss_Escaped,Supply_Internal,Trans_Inward
29557.777777777777,0.00461430146060593,4.749999999999995e+27,9.400000000000009e+26,3.6399999999999936e+27,1.2e+26,5e+25,4.9500000000000497e+27,4.79000000000005e+27,1.4e+26,2e+25,1.8305626894283403e+26,0.0
29561.555555555555,1.0035974065940536,4.979999999999994e+27,1.1500000000000013e+27,3.689999999999993e+27,9e+25,5e+25,4.54000000000004e+27,4.38000000000004e+27,1.3e+26,3.0000000000000005e+25,1.8302800723334903e+26,0.0
29565.333333333332,2.002477254328369,4.8799999999999947e+27,1.0000000000000013e+27,3.7399999999999933e+27,9e+25,5e+25,4.56000000000004e+27,4.3700000000000397e+27,1.7e+26,2e+25,1.829431062375745e+26,0.0
29569.11111111111,3.001149505202193,5.089999999999995e+27,1.0900000000000016e+27,3.7899999999999934e+27,1.6e+26,5e+25,4.650000000000043e+27,4.510000000000043e+27,1.3e+26,1e+25,1.82802860699635e+26,0.0
29572.916666666668,4.006850556154859,5.109999999999993e+27,1.0100000000000012e+27,3.9399999999999926e+27,1.1e+26,5e+25,4.6700000000000436e+27,4.5200000000000433e+27,1.4e+26,1e+25,1.826024104400101e+26,0.0
29576.694444444445,5.004794303826202,5.049999999999994e+27,1.0400000000000012e+27,3.869999999999993e+27,9e+25,5e+25,5.140000000000053e+27,5.030000000000052e+27,9e+25,2e+25,1.8235023124771948e+26,0.0
29580.472222222223,6.0022217199166334,4.969999999999993e+27,8.800000000000009e+26,3.8999999999999927e+27,1.4000000000000002e+26,5e+25,4.830000000000046e+27,4.6200000000000457e+27,1.8e+26,3.0000000000000005e+25,1.8204096133086407e+26,0.0
29584.277777777777,7.006356128182233,4.6399999999999956e+27,1.0500000000000011e+27,3.4599999999999943e+27,8e+25,5e+25,4.98000000000005e+27,4.8300000000000507e+27,1.4e+26,1e+25,1.8167577181258844e+26,0.0
29588.055555555555,8.002436129660055,4.9199999999999957e+27,1.2000000000000015e+27,3.6199999999999937e+27,5e+25,5e+25,4.650000000000042e+27,4.4800000000000423e+27,1.5e+26,2e+25,1.8125565291060745e+26,0.0
29591.86111111111,9.005008575085412,4.8199999999999944e+27,9.10000000000001e+26,3.759999999999993e+27,1e+26,5e+25,5.18000000000005e+27,5.060000000000051e+27,1.2e+26,0.0,1.807787358529706e+26,0.0
29595.666666666668,10.006642529365308,4.809999999999995e+27,1.120000000000001e+27,3.499999999999994e+27,1.4000000000000002e+26,5e+25,4.470000000000037e+27,4.2700000000000373e+27,1.8e+26,2e+25,1.8024981304784736e+26,0.0
29599.472222222223,11.007237573796374,4.979999999999995e+27,9.800000000000012e+26,3.829999999999993e+27,1.2e+26,5e+25,4.89000000000005e+27,4.79000000000005e+27,1e+26,0.0,1.7966512849014203e+26,0.0
29603.277777777777,12.006691809003314,4.569999999999996e+27,9.700000000000012e+26,3.4299999999999947e+27,1.2e+26,5e+25,4.9200000000000496e+27,4.770000000000049e+27,1.2e+26,3.0000000000000005e+25,1.790289761847406e+26,0.0
29607.083333333332,13.004905970666186,4.7099999999999945e+27,9.600000000000011e+26,3.5699999999999936e+27,1.3e+26,5e+25,4.680000000000045e+27,4.5800000000000447e+27,8e+25,2e+25,1.7834232936638667e+26,0.0
29610.88888888889,14.001782392974746,4.6399999999999956e+27,9.800000000000012e+26,3.519999999999994e+27,9e+25,5e+25,4.730000000000046e+27,4.630000000000046e+27,8e+25,2e+25,1.7760490302648926e+26,0.0
29614.722222222223,15.004480043655349,4.6299999999999953e+27,1.0400000000000014e+27,3.4199999999999944e+27,1.3000000000000002e+26,4e+25,4.4400000000000375e+27,4.290000000000038e+27,1.3e+26,2e+25,1.7681102143605812e+26,0.0
29618.555555555555,16.005624698960673,4.6499999999999947e+27,9.50000000000001e+26,3.579999999999994e+27,7.000000000000001e+25,5e+25,4.660000000000044e+27,4.540000000000044e+27,1.1e+26,1e+25,1.7596686009681476e+26,0.0
29622.38888888889,17.005112570625897,4.7199999999999953e+27,1.1500000000000013e+27,3.409999999999994e+27,1.1e+26,5e+25,4.7600000000000435e+27,4.5200000000000433e+27,1.9e+26,5e+25,1.7507828098507627e+26,0.0
29626.222222222223,18.002854420590666,4.469999999999996e+27,1.0000000000000011e+27,3.309999999999995e+27,1.1e+26,5e+25,4.370000000000036e+27,4.210000000000036e+27,1.3e+26,3.0000000000000005e+25,1.741410879526841e+26,0.0
29630.083333333332,19.005958291108982,4.7099999999999945e+27,1.040000000000001e+27,3.489999999999994e+27,1.3e+26,5e+25,4.4000000000000377e+27,4.300000000000038e+27,6e+25,4e+25,1.7314899470966008e+26,0.0
29633.944444444445,20.007100124182216,4.319999999999997e+27,1.0700000000000014e+27,3.109999999999996e+27,9e+25,5e+25,4.13000000000003e+27,3.97000000000003e+27,1.1e+26,5e+25,1.7211581710175923e+26,0.0
29637.805555555555,21.006181482522152,4.1199999999999974e+27,9.800000000000012e+26,2.929999999999996e+27,1.7e+26,4e+25,4.2100000000000315e+27,4.0200000000000313e+27,1.4e+26,5e+25,1.7103500072622595e+26,0.0
29641.666666666668,22.003113123267212,4.359999999999996e+27,9.900000000000011e+26,3.209999999999995e+27,1.1e+26,5e+25,4.3900000000000363e+27,4.2300000000000363e+27,1.4e+26,2e+25,1.6991554259076094e+26,0.0
29645.555555555555,23.00495539270014,4.189999999999995e+27,7.600000000000005e+26,3.249999999999995e+27,1.3e+26,5e+25,4.55000000000004e+27,4.3700000000000397e+27,1.7e+26,1e+25,1.6874680139916356e+26,0.0
29649.444444444445,24.004431951799234,4.419999999999997e+27,1.1400000000000017e+27,3.0999999999999956e+27,1.3000000000000002e+26,5e+25,4.1300000000000307e+27,3.9800000000000304e+27,1.4e+26,1e+25,1.6753567415411357e+26,0.0
29653.333333333332,25.001460620993385,4.1899999999999964e+27,8.800000000000009e+26,3.1899999999999955e+27,7e+25,5e+25,4.010000000000027e+27,3.840000000000027e+27,1.4e+26,3.0000000000000005e+25,1.6628854956540506e+26,0.0
29657.25,26.003049869047572,3.9699999999999966e+27,9.000000000000009e+26,2.929999999999996e+27,9e+25,5e+25,4.3000000000000364e+27,4.210000000000036e+27,8e+25,1e+25,1.6499415074779843e+26,0.0
29661.166666666668,27.001979854405363,4.1399999999999974e+27,9.800000000000012e+26,2.999999999999996e+27,1.2e+26,4e+25,4.0500000000000304e+27,3.96000000000003e+27,8e+25,1e+25,1.6366615208694434e+26,0.0
29665.11111111111,28.00522393386109,4.069999999999996e+27,8.300000000000006e+26,3.0999999999999956e+27,9e+25,5e+25,4.51000000000004e+27,4.3600000000000395e+27,7e+25,8e+25,1.6229551563996196e+26,0.0
29669.055555555555,29.00560547573059,3.939999999999998e+27,9.40000000000001e+26,2.759999999999997e+27,1.9e+26,5e+25,4.1400000000000303e+27,3.9900000000000306e+27,1.3e+26,2e+25,1.6088955424139297e+26,0.0
29673.0,30.003044804707315,3.9299999999999984e+27,1.0800000000000015e+27,2.649999999999997e+27,1.5000000000000002e+26,5e+25,3.850000000000025e+27,3.7400000000000246e+27,8e+25,3.0000000000000005e+25,1.594555966185581e+26,0.0
29676.972222222223,31.00445386953288,4.2599999999999964e+27,9.600000000000011e+26,3.1199999999999955e+27,1.3000000000000002e+26,5e+25,3.7200000000000203e+27,3.5600000000000203e+27,1.3e+26,3.0000000000000005e+25,1.579807354228815e+26,0.0
29680.944444444445,32.00272103691623,3.5999999999999993e+27,1.0100000000000014e+27,2.4599999999999978e+27,8e+25,5e+25,3.900000000000026e+27,3.790000000000026e+27,8e+25,3.0000000000000005e+25,1.5647784660284772e+26,0.0
29684.944444444445,33.00471745527739,3.899999999999999e+27,1.0300000000000013e+27,2.699999999999997e+27,1.2e+26,5e+25,3.9100000000000243e+27,3.720000000000024e+27,1.4e+26,5e+25,1.549393315184315e+26,0.0
29688.944444444445,34.00337714653415,3.339999999999999e+27,8.600000000000008e+26,2.319999999999998e+27,1.1e+26,5e+25,3.26000000000001e+27,3.13000000000001e+27,9e+25,4e+25,1.5337686945253866e+26,0.0
29692.972222222223,35.005526737485525,3.439999999999999e+27,1.000000000000001e+27,2.309999999999998e+27,9e+25,4e+25,3.5300000000000163e+27,3.380000000000016e+27,1e+26,5e+25,1.5177991662954706e+26,0.0
29697.0,36.00414961595834,3.889999999999998e+27,1.0600000000000012e+27,2.649999999999997e+27,1.4e+26,4e+25,3.7000000000000204e+27,3.5700000000000206e+27,7e+25,6e+25,1.501615937824074e+26,0.0
29701.055555555555,37.00602722005624,3.289999999999999e+27,9.000000000000009e+26,2.2799999999999982e+27,6e+25,5e+25,3.460000000000014e+27,3.300000000000014e+27,1.4e+26,2e+25,1.4851118133691497e+26,0.0
29705.11111111111,38.00419561519993,3.0999999999999994e+27,8.300000000000006e+26,2.1499999999999987e+27,7.000000000000001e+25,5e+25,3.6000000000000174e+27,3.4400000000000174e+27,1e+26,6e+25,1.4684392751676563e+26,0.0
29709.194444444445,39.005387978074396,3.739999999999999e+27,1.0300000000000013e+27,2.589999999999997e+27,7.000000000000001e+25,5e+25,3.0700000000000064e+27,2.9800000000000064e+27,3.0000000000000005e+25,6e+25,1.451493132384487e+26,0.0
29713.277777777777,40.00268859497555,3.229999999999999e+27,8.600000000000008e+26,2.2299999999999984e+27,1e+26,4e+25,3.1800000000000096e+27,3.1100000000000095e+27,6e+25,1e+25,1.4344262534804613e+26,0.0
29717.38888888889,41.00278305905522,3.079999999999999e+27,7.500000000000006e+26,2.2499999999999983e+27,4e+25,4e+25,3.360000000000014e+27,3.290000000000014e+27,3.0000000000000005e+25,4e+25,1.4170778216464884e+26,0.0
29721.527777777777,42.005537341246054,3.389999999999999e+27,9.100000000000009e+26,2.329999999999998e+27,1e+26,5e+25,3.370000000000012e+27,3.220000000000012e+27,9e+25,6e+25,1.3995108821849597e+26,0.0
29725.666666666668,43.0041145565292,2.9700000000000007e+27,9.800000000000012e+26,1.8999999999999996e+27,5e+25,4e+25,3.3100000000000105e+27,3.14000000000001e+27,5e+25,1.2e+26,1.381852840367374e+26,0.0
29729.833333333332,44.00512859315768,2.8200000000000004e+27,9.100000000000009e+26,1.8e+27,7.000000000000001e+25,4e+25,3.290000000000011e+27,3.180000000000011e+27,6e+25,5e+25,1.3639948150010918e+26,0.0
29734.0,45.001806416211366,2.9900000000000006e+27,9.50000000000001e+26,1.9099999999999995e+27,8e+25,5e+25,3.1100000000000073e+27,3.010000000000007e+27,5e+25,5e+25,1.3460654208213721e+26,0.0
29738.194444444445,46.0007052009023,3.020000000000001e+27,9.300000000000011e+26,1.9099999999999995e+27,1.4000000000000002e+26,4e+25,2.6899999999999984e+27,2.6399999999999983e+27,3.0000000000000005e+25,2e+25,1.3279798877621008e+26,0.0
29742.416666666668,47.00168307570493,3.01e+27,8.500000000000008e+26,2.029999999999999e+27,8e+25,5e+25,2.920000000000002e+27,2.800000000000002e+27,8e+25,4e+25,1.309746550951152e+26,0.0
29746.666666666668,48.00461124718004,2.730000000000001e+27,8.200000000000008e+26,1.77e+27,9e+25,5e+25,2.6499999999999974e+27,2.5999999999999973e+27,3.0000000000000005e+25,2e+25,1.291374010496863e+26,0.0
29750.916666666668,49.00284670804376,2.5000000000000004e+27,6.700000000000004e+26,1.7100000000000002e+27,8e+25,4e+25,3.070000000000006e+27,2.9500000000000057e+27,8e+25,4e+25,1.2730149909882054e+26,0.0
29755.194444444445,50.002823779891514,2.859999999999999e+27,6.800000000000005e+26,2.089999999999999e+27,4e+25,5e+25,2.82e+27,2.71e+27,7e+25,4e+25,1.2545339359648455e+26,0.0
29759.5,51.00441411326301,2.8999999999999985e+27,6.600000000000004e+26,2.1399999999999987e+27,6.000000000000001e+25,4e+25,2.5299999999999946e+27,2.4299999999999946e+27,6e+25,4e+25,1.2359816048177198e+26,0.0
29763.805555555555,52.001072881052096,2.700000000000001e+27,8.600000000000008e+26,1.76e+27,4e+25,4e+25,2.7399999999999974e+27,2.6099999999999976e+27,9e+25,4e+25,1.2174689405442935e+26,0.0
29768.166666666668,53.005534666262974,2.7100000000000005e+27,7.600000000000007e+26,1.8399999999999998e+27,6.000000000000001e+25,5e+25,2.679999999999996e+27,2.539999999999996e+27,7e+25,7e+25,1.1987694151252311e+26,0.0
29772.527777777777,54.00487605492981,2.7800000000000005e+27,8.100000000000007e+26,1.8599999999999997e+27,6e+25,5e+25,2.609999999999996e+27,2.539999999999996e+27,3.0000000000000005e+25,4e+25,1.1801590554436572e+26,0.0
29776.916666666668,55.00538564467115,2.800000000000001e+27,9.300000000000011e+26,1.76e+27,6e+25,5e+25,2.399999999999995e+27,2.319999999999995e+27,2e+25,6e+25,1.1615163387891635e+26,0.0
29781.305555555555,56.000654517386465,2.4600000000000011e+27,7.000000000000005e+26,1.6500000000000004e+27,7.000000000000001e+25,4e+25,2.099999999999996e+27,2.029999999999996e+27,2e+25,5e+25,1.1429668064744033e+26,0.0
29785.75,57.00316473385101,2.8800000000000013e+27,1.0100000000000011e+27,1.6900000000000003e+27,1.4000000000000002e+26,4e+25,2.5499999999999945e+27,2.4599999999999945e+27,7e+25,2e+25,1.1243095382102955e+26,0.0
29790.194444444445,58.000265890774244,2.4700000000000014e+27,7.900000000000005e+26,1.5500000000000008e+27,8e+25,5e+25,2.2799999999999955e+27,2.2299999999999954e+27,4e+25,1e+25,1.1057966820748836e+26,0.0
29794.694444444445,59.00429770505616,2.510000000000001e+27,7.600000000000006e+26,1.6500000000000004e+27,6.000000000000001e+25,4e+25,2.519999999999995e+27,2.4399999999999946e+27,5e+25,3.0000000000000005e+25,1.087169767925207e+26,0.0
29799.194444444445,60.002755696869826,2.3600000000000023e+27,7.900000000000006e+26,1.4100000000000013e+27,1.2e+26,4e+25,2.099999999999996e+27,2.029999999999996e+27,6e+25,1e+25,1.0687148203955386e+26,0.0
29803.722222222223,61.00173316501878,2.3100000000000025e+27,8.00000000000001e+26,1.4300000000000012e+27,4e+25,4e+25,2.2799999999999955e+27,2.2099999999999954e+27,4e+25,3.0000000000000005e+25,1.050311707151724e+26,0.0
29808.277777777777,62.001126509157984,2.040000000000002e+27,6.400000000000003e+26,1.3200000000000013e+27,4e+25,4e+25,2.2099999999999957e+27,2.1599999999999956e+27,0.0,5e+25,1.031975569380639e+26,0.0
29812.86111111111,63.00082031033617,2.510000000000003e+27,1.0000000000000013e+27,1.3900000000000014e+27,8e+25,4e+25,2.3499999999999952e+27,2.2699999999999952e+27,6e+25,2e+25,1.0137175332162498e+26,0.0
29817.472222222223,64.00070664165469,2.2100000000000018e+27,7.700000000000006e+26,1.310000000000001e+27,9e+25,4e+25,2.1999999999999957e+27,2.1399999999999957e+27,2e+25,4e+25,9.95546773647827e+25,0.0
29822.11111111111,65.00068237962569,2.1800000000000032e+27,8.600000000000009e+26,1.240000000000002e+27,4e+25,4e+25,2.3799999999999948e+27,2.349999999999995e+27,2e+25,1e+25,9.77477788967763e+25,0.0
29826.777777777777,66.00064323273182,1.9700000000000026e+27,7.000000000000004e+26,1.1700000000000019e+27,6.000000000000001e+25,4e+25,2.159999999999996e+27,2.079999999999996e+27,3.0000000000000005e+25,5e+25,9.5952956750166e+25,0.0
29831.472222222223,67.0004889659067,2.3300000000000022e+27,8.300000000000009e+26,1.4300000000000012e+27,3.0000000000000005e+25,4e+25,2.019999999999996e+27,1.9699999999999963e+27,2e+25,3.0000000000000005e+25,9.417001268538901e+25,0.0
29836.194444444445,68.00012188430173,2.120000000000002e+27,8.400000000000007e+26,1.1600000000000012e+27,8e+25,4e+25,2.2199999999999957e+27,2.1199999999999958e+27,8e+25,2e+25,9.240038512834657e+25,0.0
29840.972222222223,69.0052670785899,2.040000000000002e+27,7.500000000000006e+26,1.1500000000000013e+27,1e+26,4e+25,2.0099999999999964e+27,1.9499999999999964e+27,2e+25,4e+25,9.063545593577239e+25,0.0
29845.75,70.00414623434426,1.8700000000000021e+27,6.900000000000004e+26,1.0700000000000014e+27,7.000000000000001e+25,4e+25,2.1399999999999962e+27,2.049999999999996e+27,4e+25,5e+25,8.889578447481768e+25,0.0
29850.555555555555,71.00253442439134,2.1200000000000018e+27,8.100000000000008e+26,1.240000000000001e+27,3.0000000000000005e+25,4e+25,1.9799999999999965e+27,1.9099999999999965e+27,3.0000000000000005e+25,4e+25,8.717269868488953e+25,0.0
29855.38888888889,72.00033109816286,2.0900000000000027e+27,7.400000000000005e+26,1.230000000000002e+27,8e+25,4e+25,1.9799999999999968e+27,1.8599999999999967e+27,5e+25,7e+25,8.546700103296116e+25,0.0
29860.277777777777,73.00314292216717,1.9000000000000023e+27,7.600000000000006e+26,1.0600000000000014e+27,4e+25,4e+25,2.0499999999999963e+27,1.9899999999999962e+27,1e+25,5e+25,8.377018695547461e+25,0.0
29865.194444444445,74.00512790152425,1.860000000000002e+27,6.400000000000002e+26,1.1100000000000015e+27,7.000000000000001e+25,4e+25,1.9499999999999964e+27,1.9299999999999964e+27,0.0,2e+25,8.209255273251328e+25,0.0
29870.11111111111,75.00059608551965,1.9900000000000023e+27,8.100000000000007e+26,1.0100000000000014e+27,1.3000000000000002e+26,4e+25,1.9199999999999965e+27,1.8999999999999965e+27,1e+25,1e+25,8.044259574264943e+25,0.0
29875.083333333332,76.00072355721295,2.020000000000002e+27,8.600000000000008e+26,1.0600000000000009e+27,6.000000000000001e+25,4e+25,1.7499999999999973e+27,1.6799999999999973e+27,0.0,7e+25,7.880473172267353e+25,0.0
29880.11111111111,77.00532351469519,1.8400000000000017e+27,6.800000000000006e+26,1.0200000000000012e+27,1e+26,4e+25,2.0099999999999961e+27,1.9999999999999962e+27,0.0,1e+25,7.717856961686897e+25,0.0
29885.13888888889,78.00322220928774,1.7900000000000016e+27,7.900000000000006e+26,8.90000000000001e+26,8e+25,3.0000000000000005e+25,1.9899999999999965e+27,1.9199999999999965e+27,5e+25,2e+25,7.558417804707304e+25,0.0
29890.222222222223,79.00537969228844,1.8100000000000018e+27,7.400000000000008e+26,9.90000000000001e+26,5e+25,3.0000000000000005e+25,1.869999999999997e+27,1.769999999999997e+27,3.0000000000000005e+25,7e+25,7.400262402644918e+25,0.0
29895.305555555555,80.00076822125175,1.6300000000000016e+27,5.900000000000004e+26,9.40000000000001e+26,6e+25,4e+25,1.809999999999997e+27,1.7099999999999972e+27,3.0000000000000005e+25,7e+25,7.245226862334511e+25,0.0
29900.444444444445,81.00021039917647,1.800000000000002e+27,7.500000000000009e+26,9.60000000000001e+26,5.000000000000001e+25,4e+25,1.9699999999999963e+27,1.9099999999999965e+27,3.0000000000000005e+25,3.0000000000000005e+25,7.091633546358569e+25,0.0
29905.63888888889,82.00353418236409,1.8100000000000018e+27,7.900000000000008e+26,9.300000000000008e+26,5.000000000000001e+25,4e+25,1.7199999999999972e+27,1.6799999999999973e+27,2e+25,2e+25,6.939664554751511e+25,0.0
29910.86111111111,83.00525984752676,1.7100000000000013e+27,8.100000000000008e+26,7.700000000000006e+26,1e+26,3.0000000000000005e+25,1.5799999999999977e+27,1.5699999999999977e+27,1e+25,0.0,6.790153056476034e+25,0.0
29916.083333333332,84.00005677276658,1.590000000000001e+27,6.900000000000006e+26,8.000000000000006e+26,7.000000000000001e+25,3.0000000000000005e+25,1.6299999999999978e+27,1.5599999999999977e+27,4e+25,3.0000000000000005e+25,6.643968914143145e+25,0.0
29921.38888888889,85.00369760341073,1.930000000000002e+27,8.30000000000001e+26,9.50000000000001e+26,1.1e+26,4e+25,2.0499999999999966e+27,1.9499999999999964e+27,6e+25,4e+25,6.498623170511624e+25,0.0
29926.694444444445,86.0003129087545,1.9500000000000019e+27,7.80000000000001e+26,1.0700000000000011e+27,7e+25,3.0000000000000005e+25,1.9099999999999968e+27,1.8199999999999968e+27,1e+25,8e+25,6.3566313649668605e+25,0.0
29932.055555555555,87.00029149238708,1.730000000000002e+27,7.100000000000008e+26,9.40000000000001e+26,4e+25,4e+25,1.6199999999999978e+27,1.5399999999999978e+27,2e+25,6e+25,6.216459625497932e+25,0.0
29937.472222222223,88.00348263777141,1.6500000000000018e+27,7.600000000000009e+26,8.000000000000006e+26,5e+25,4e+25,1.7199999999999977e+27,1.6299999999999975e+27,4e+25,5e+25,6.0781917143294555e+25,0.0
29942.916666666668,89.00464805824504,1.5900000000000015e+27,7.100000000000005e+26,7.900000000000009e+26,5.000000000000001e+25,4e+25,1.6599999999999974e+27,1.6299999999999975e+27,0.0,3.0000000000000005e+25,5.942484612841564e+25,0.0
29948.38888888889,90.0037463573035,1.8300000000000017e+27,7.80000000000001e+26,9.000000000000009e+26,1.1e+26,4e+25,1.6199999999999978e+27,1.5299999999999979e+27,7e+25,2e+25,5.80953829222735e+25,0.0
29953.88888888889,91.00075445442963,1.6800000000000017e+27,6.800000000000007e+26,8.90000000000001e+26,8e+25,3.0000000000000005e+25,1.6599999999999977e+27,1.5999999999999976e+27,2e+25,4e+25,5.679131337037193e+25,0.0
29959.444444444445,92.00061081303011,1.5300000000000012e+27,7.40000000000001e+26,6.800000000000003e+26,8e+25,3.0000000000000005e+25,1.6799999999999976e+27,1.6199999999999975e+27,4e+25,2e+25,5.550742753707797e+25,0.0
29965.055555555555,93.00318943706861,1.430000000000001e+27,7.300000000000007e+26,6.400000000000005e+26,3.0000000000000005e+25,3.0000000000000005e+25,1.7899999999999972e+27,1.7299999999999971e+27,2e+25,4e+25,5.424380192403253e+25,0.0
29970.694444444445,94.00344746411338,1.6800000000000012e+27,6.600000000000004e+26,9.100000000000009e+26,8e+25,3.0000000000000005e+25,1.529999999999998e+27,1.459999999999998e+27,4e+25,3.0000000000000005e+25,5.300734458838848e+25,0.0
29976.36111111111,95.00136449415277,1.8300000000000012e+27,7.200000000000006e+26,1.0500000000000008e+27,3.0000000000000005e+25,3.0000000000000005e+25,1.7099999999999972e+27,1.6799999999999973e+27,2e+25,1e+25,5.179730789897239e+25,0.0
29982.083333333332,96.00176045391709,1.730000000000002e+27,7.70000000000001e+26,8.500000000000008e+26,7.000000000000001e+25,4e+25,1.3699999999999984e+27,1.3599999999999985e+27,1e+25,0.0,5.060860610869385e+25,0.0
29987.86111111111,97.0045178426335,1.6400000000000019e+27,8.10000000000001e+26,7.600000000000007e+26,4e+25,3.0000000000000005e+25,1.3599999999999985e+27,1.3299999999999986e+27,0.0,3.0000000000000005e+25,4.9440592963716515e+25,0.0
29993.666666666668,98.00474623213358,1.670000000000002e+27,7.700000000000008e+26,7.90000000000001e+26,7.000000000000001e+25,4e+25,1.539999999999998e+27,1.469999999999998e+27,0.0,7e+25,4.829934899889191e+25,0.0
29999.5,99.00244250470587,1.350000000000001e+27,5.800000000000004e+26,6.800000000000005e+26,6e+25,3.0000000000000005e+25,1.5099999999999982e+27,1.4299999999999982e+27,1e+25,7e+25,4.718491235681791e+25,0.0
30005.38888888889,100.00229814454906,1.950000000000001e+27,8.200000000000008e+26,1.0400000000000004e+27,6.000000000000001e+25,3.0000000000000005e+25,1.5199999999999982e+27,1.449999999999998e+27,3.0000000000000005e+25,4e+25,4.609118219139049e+25,0.0
30011.333333333332,101.00420984566335,1.6100000000000017e+27,7.00000000000001e+26,7.800000000000008e+26,1e+26,3.0000000000000005e+25,1.4899999999999983e+27,1.4099999999999983e+27,2e+25,6e+25,4.50190342389852e+25,0.0
30017.305555555555,102.00344471619155,1.6300000000000013e+27,7.200000000000007e+26,7.800000000000008e+26,1e+26,3.0000000000000005e+25,1.659999999999998e+27,1.5799999999999977e+27,4e+25,4e+25,4.3972608474883965e+25,0.0
30023.305555555555,103.00000646770695,1.6700000000000018e+27,8.200000000000005e+26,7.600000000000009e+26,5.000000000000001e+25,4e+25,1.569999999999998e+27,1.5299999999999979e+27,0.0,4e+25,4.295252460691381e+25,0.0
30029.38888888889,104.00302859347539,1.530000000000002e+27,6.500000000000008e+26,8.10000000000001e+26,4e+25,3.0000000000000005e+25,1.589999999999998e+27,1.479999999999998e+27,3.0000000000000005e+25,8e+25,4.194902638019433e+25,0.0
30035.5,105.00326294994011,1.5100000000000015e+27,7.20000000000001e+26,7.000000000000007e+26,6e+25,3.0000000000000005e+25,1.499999999999998e+27,1.449999999999998e+27,3.0000000000000005e+25,2e+25,4.097103520334603e+25,0.0
30041.63888888889,106.00071967006352,1.6000000000000015e+27,7.900000000000006e+26,7.40000000000001e+26,4e+25,3.0000000000000005e+25,1.3799999999999984e+27,1.3499999999999985e+27,2e+25,1e+25,4.001800045484535e+25,0.0
30047.86111111111,107.0043470273531,1.8200000000000012e+27,7.90000000000001e+26,9.000000000000005e+26,1e+26,3.0000000000000005e+25,1.5799999999999977e+27,1.5399999999999978e+27,2e+25,2e+25,3.90817465456417e+25,0.0
30054.083333333332,108.00066936839994,1.4600000000000014e+27,6.500000000000007e+26,7.200000000000009e+26,6.000000000000001e+25,3.0000000000000005e+25,1.459999999999998e+27,1.4099999999999983e+27,2e+25,3.0000000000000005e+25,3.8174492656367103e+25,0.0
30060.38888888889,109.00300841710305,1.7200000000000016e+27,8.300000000000008e+26,7.400000000000008e+26,1.2e+26,3.0000000000000005e+25,1.7599999999999976e+27,1.6599999999999974e+27,4e+25,6e+25,3.72839682061993e+25,0.0
30066.722222222223,110.00246086198604,1.530000000000002e+27,7.50000000000001e+26,6.900000000000008e+26,6e+25,3.0000000000000005e+25,1.5199999999999982e+27,1.469999999999998e+27,1e+25,4e+25,3.641757792014645e+25,0.0
30073.11111111111,111.00339202549549,1.7500000000000012e+27,8.100000000000007e+26,8.500000000000007e+26,6.000000000000001e+25,3.0000000000000005e+25,1.879999999999997e+27,1.8299999999999968e+27,0.0,5e+25,3.557125465889898e+25,0.0
30079.527777777777,112.00143381184262,1.8200000000000012e+27,7.30000000000001e+26,1.0200000000000004e+27,4e+25,3.0000000000000005e+25,1.5999999999999976e+27,1.5399999999999978e+27,3.0000000000000005e+25,3.0000000000000005e+25,3.474860186759086e+25,0.0
30086.0,113.0008909042026,1.5200000000000017e+27,7.900000000000008e+26,6.600000000000008e+26,4e+25,3.0000000000000005e+25,1.7299999999999971e+27,1.6899999999999973e+27,1e+25,3.0000000000000005e+25,3.394573325596076e+25,0.0
30092.527777777777,114.00171291136667,1.4900000000000016e+27,6.800000000000009e+26,6.600000000000007e+26,1.2e+26,3.0000000000000005e+25,1.469999999999998e+27,1.4399999999999982e+27,1e+25,2e+25,3.3162389479135385e+25,0.0
30099.11111111111,115.00384272705105,1.800000000000001e+27,8.700000000000003e+26,8.300000000000008e+26,7e+25,3.0000000000000005e+25,1.7999999999999972e+27,1.739999999999997e+27,2e+25,4e+25,3.2398546513068834e+25,0.0
30105.722222222223,116.00305389344066,1.6400000000000016e+27,7.600000000000009e+26,7.900000000000008e+26,6.000000000000001e+25,3.0000000000000005e+25,1.3499999999999985e+27,1.3099999999999986e+27,1e+25,3.0000000000000005e+25,3.1656575255480765e+25,0.0
30112.38888888889,117.00354462645828,1.5800000000000015e+27,7.600000000000007e+26,7.30000000000001e+26,6.000000000000001e+25,3.0000000000000005e+25,1.5999999999999976e+27,1.5599999999999977e+27,1e+25,3.0000000000000005e+25,3.0933709181655737e+25,0.0
30119.083333333332,118.00114887227937,1.7200000000000013e+27,8.300000000000005e+26,7.80000000000001e+26,8e+25,3.0000000000000005e+25,1.599999999999998e+27,1.5299999999999979e+27,3.0000000000000005e+25,4e+25,3.0232182090000075e+25,0.0
30125.833333333332,119.00001534720559,1.800000000000001e+27,8.900000000000003e+26,8.100000000000008e+26,7.000000000000001e+25,3.0000000000000005e+25,1.5699999999999977e+27,1.509999999999998e+27,3.0000000000000005e+25,3.0000000000000005e+25,2.9549162166505795e+25,0.0
30132.63888888889,120.00010718254725,1.560000000000002e+27,6.700000000000009e+26,7.500000000000009e+26,1.1000000000000002e+26,3.0000000000000005e+25,1.6899999999999976e+27,1.6399999999999975e+27,1e+25,4e+25,2.8883687933975803e+25,0.0
30139.5,121.00139736260007,1.940000000000001e+27,9.500000000000003e+26,8.500000000000007e+26,1.2000000000000002e+26,2e+25,1.769999999999997e+27,1.759999999999997e+27,0.0,1e+25,2.823612244803452e+25,0.0
30146.416666666668,122.00385996644945,1.7400000000000012e+27,6.700000000000009e+26,9.200000000000004e+26,1.2e+26,3.0000000000000005e+25,1.779999999999997e+27,1.759999999999997e+27,1e+25,1e+25,2.760621412406112e+25,0.0
30153.36111111111,123.00349034881765,1.5100000000000015e+27,7.700000000000008e+26,6.300000000000006e+26,8e+25,3.0000000000000005e+25,1.6299999999999978e+27,1.5799999999999977e+27,4e+25,1e+25,2.699582608428594e+25,0.0
30160.333333333332,124.00035094173654,1.8700000000000008e+27,9.9e+26,7.700000000000008e+26,8e+25,3.0000000000000005e+25,1.8199999999999974e+27,1.739999999999997e+27,4e+25,4e+25,2.6404426327466624e+25,0.0
30167.38888888889,125.00237043663583,1.9500000000000005e+27,9.100000000000005e+26,9.400000000000001e+26,8e+25,2e+25,2.1399999999999957e+27,2.1099999999999958e+27,0.0,3.0000000000000005e+25,2.5827575134295566e+25,0.0
30174.472222222223,126.00164790899635,2.01e+27,9.200000000000003e+26,9.7e+26,9e+25,3.0000000000000005e+25,1.6099999999999976e+27,1.5799999999999977e+27,1e+25,2e+25,2.5269034054271916e+25,0.0
30181.61111111111,127.0021342454229,1.7800000000000005e+27,8.600000000000004e+26,8.600000000000004e+26,3.0000000000000005e+25,3.0000000000000005e+25,1.6899999999999978e+27,1.5899999999999976e+27,4e+25,6e+25,2.472637090259869e+25,0.0
30188.805555555555,128.0038248410774,2.06e+27,9.600000000000002e+26,9.700000000000001e+26,1e+26,3.0000000000000005e+25,1.9099999999999968e+27,1.8499999999999967e+27,2e+25,4e+25,2.4199134922584965e+25,0.0
30196.027777777777,129.00288964089577,2.0300000000000007e+27,9.900000000000003e+26,9.500000000000003e+26,6e+25,3.0000000000000005e+25,1.9599999999999963e+27,1.9199999999999965e+27,2e+25,2e+25,2.368954116971379e+25,0.0
30203.305555555555,130.00321290505326,1.9600000000000004e+27,8.100000000000007e+26,1.0399999999999999e+27,8e+25,3.0000000000000005e+25,1.8199999999999968e+27,1.769999999999997e+27,2e+25,3.0000000000000005e+25,2.319507050250845e+25,0.0
30210.61111111111,131.00101840999014,1.8700000000000005e+27,8.700000000000003e+26,9.100000000000002e+26,6e+25,3.0000000000000005e+25,1.799999999999997e+27,1.769999999999997e+27,0.0,3.0000000000000005e+25,2.271686997174834e+25,0.0
30217.972222222223,132.00014581398955,1.8600000000000005e+27,8.500000000000003e+26,9.000000000000004e+26,8e+25,3.0000000000000005e+25,1.8899999999999966e+27,1.8399999999999967e+27,2e+25,3.0000000000000005e+25,2.225289690007597e+25,0.0
30225.38888888889,133.00060806832062,1.9200000000000006e+27,7.400000000000007e+26,9.9e+26,1.6e+26,3.0000000000000005e+25,2.0999999999999958e+27,2.049999999999996e+27,3.0000000000000005e+25,2e+25,2.1803160114659554e+25,0.0
30232.86111111111,134.0024228837674,1.9300000000000006e+27,9.600000000000003e+26,8.400000000000006e+26,1.1e+26,2e+25,2.4699999999999945e+27,2.4299999999999946e+27,3.0000000000000005e+25,1e+25,2.1367314451644275e+25,0.0
30240.36111111111,135.0019187739008,2.09e+27,1.01e+27,9.600000000000002e+26,9e+25,3.0000000000000005e+25,2.239999999999996e+27,2.1299999999999957e+27,6e+25,5e+25,2.0946225178418614e+25,0.0
30247.916666666668,136.0028564502045,2.1899999999999994e+27,1.0099999999999997e+27,1.0799999999999997e+27,8e+25,2e+25,2.2299999999999954e+27,2.2099999999999954e+27,2e+25,0.0,2.053887872076892e+25,0.0
30255.5,137.00161269683758,2.0999999999999997e+27,1.0099999999999998e+27,9.599999999999999e+26,1e+26,3.0000000000000005e+25,2.2799999999999952e+27,2.2499999999999953e+27,0.0,3.0000000000000005e+25,2.0145404281158614e+25,0.0
30263.13888888889,138.00190946324528,2.289999999999999e+27,9.499999999999999e+26,1.1499999999999993e+27,1.6e+26,3.0000000000000005e+25,2.029999999999996e+27,1.9699999999999963e+27,3.0000000000000005e+25,3.0000000000000005e+25,1.976489667303857e+25,0.0
30270.805555555555,139.00017280941665,2.0900000000000003e+27,8.900000000000004e+26,9.900000000000002e+26,1.8e+26,3.0000000000000005e+25,2.129999999999996e+27,2.059999999999996e+27,1e+25,6e+25,1.9397736504191483e+25,0.0
30278.527777777777,140.00008676404013,2.2000000000000001e+27,1.0100000000000001e+27,1e+27,1.6e+26,3.0000000000000005e+25,2.3799999999999954e+27,2.2899999999999951e+27,4e+25,5e+25,1.9042807220182952e+25,0.0
30286.305555555555,141.00169007234217,2.1300000000000004e+27,1.0499999999999998e+27,8.300000000000006e+26,2.2e+26,3.0000000000000005e+25,2.0299999999999963e+27,1.9399999999999964e+27,6e+25,3.0000000000000005e+25,1.8699796155809157e+25,0.0
30294.11111111111,142.00147659754566,2.2099999999999996e+27,1.0799999999999996e+27,9.6e+26,1.5000000000000002e+26,2e+25,2.349999999999995e+27,2.2899999999999951e+27,3.0000000000000005e+25,3.0000000000000005e+25,1.836946046360497e+25,0.0
30301.972222222223,143.00308080733157,2.1399999999999998e+27,7.600000000000007e+26,1.1899999999999993e+27,1.6e+26,3.0000000000000005e+25,2.2899999999999954e+27,2.1999999999999955e+27,7e+25,2e+25,1.8050286275677794e+25,0.0
30309.86111111111,144.0030396660768,2.3599999999999996e+27,9.7e+26,1.1599999999999996e+27,2e+26,3.0000000000000005e+25,2.389999999999995e+27,2.329999999999995e+27,2e+25,4e+25,1.7743319387067826e+25,0.0
30317.777777777777,145.00145712491667,2.3599999999999996e+27,1.0799999999999996e+27,1.0599999999999998e+27,2e+26,2e+25,2.369999999999995e+27,2.319999999999995e+27,1e+25,4e+25,1.7448154822006792e+25,0.0
30325.75,146.00191895325133,2.589999999999999e+27,9.999999999999999e+26,1.3699999999999987e+27,1.9e+26,3.0000000000000005e+25,2.4199999999999952e+27,2.319999999999995e+27,5e+25,5e+25,1.7163579891552532e+25,0.0
30333.75,147.00102239906664,2.2199999999999998e+27,9.899999999999999e+26,1.0499999999999998e+27,1.5e+26,3.0000000000000005e+25,2.2699999999999955e+27,2.1999999999999955e+27,2e+25,5e+25,1.68899825900077e+25,0.0
30341.805555555555,148.0023225993209,2.3199999999999992e+27,8.700000000000003e+26,1.279999999999999e+27,1.4e+26,3.0000000000000005e+25,2.4899999999999947e+27,2.4399999999999946e+27,2e+25,3.0000000000000005e+25,1.6626623251271004e+25,0.0
30349.88888888889,149.00245460325368,2.7099999999999983e+27,1.05e+27,1.3499999999999988e+27,2.9e+26,2e+25,2.5099999999999946e+27,2.4499999999999946e+27,0.0,6e+25,1.6374105221911322e+25,0.0
30358.0,150.00153025963027,2.529999999999999e+27,1.0199999999999998e+27,1.2899999999999993e+27,2e+26,2e+25,2.9800000000000026e+27,2.8100000000000024e+27,9e+25,8e+25,1.6131938174788108e+25,0.0
30366.166666666668,151.00306686751355,2.549999999999999e+27,1.1199999999999996e+27,1.2399999999999992e+27,1.6e+26,3.0000000000000005e+25,2.5799999999999947e+27,2.4199999999999947e+27,7e+25,9e+25,1.5899204515850871e+25,0.0
30374.333333333332,152.00036492647905,2.709999999999999e+27,1.2199999999999994e+27,1.2599999999999994e+27,2.1e+26,2e+25,2.719999999999998e+27,2.629999999999998e+27,3.0000000000000005e+25,6e+25,1.5677169180875402e+25,0.0
30382.555555555555,153.00032859405474,2.5e+27,1.0500000000000004e+27,1.0999999999999997e+27,3.2e+26,3.0000000000000005e+25,2.3199999999999953e+27,2.2399999999999953e+27,3.0000000000000005e+25,5e+25,1.5464028244554625e+25,0.0
30390.833333333332,154.0030336579175,2.5499999999999994e+27,9.8e+26,1.2899999999999993e+27,2.6e+26,2e+25,2.499999999999995e+27,2.4299999999999946e+27,4e+25,3.0000000000000005e+25,1.5259819152807263e+25,0.0
30399.11111111111,155.00187420291059,2.5899999999999993e+27,1.05e+27,1.2799999999999993e+27,2.4e+26,2e+25,2.3699999999999949e+27,2.339999999999995e+27,0.0,3.0000000000000005e+25,1.5065573206011941e+25,0.0
30407.416666666668,156.00034222547401,2.7899999999999986e+27,1.1699999999999994e+27,1.3599999999999987e+27,2.3e+26,3.0000000000000005e+25,2.6599999999999955e+27,2.5199999999999954e+27,6e+25,8e+25,1.4880464534844993e+25,0.0
30415.777777777777,157.0018829200435,2.8499999999999984e+27,1.0499999999999998e+27,1.5699999999999985e+27,2.1e+26,2e+25,2.609999999999996e+27,2.539999999999996e+27,3.0000000000000005e+25,4e+25,1.4703624428338737e+25,0.0
30424.166666666668,158.0032756976043,2.739999999999999e+27,1.1999999999999996e+27,1.2499999999999994e+27,2.7e+26,2e+25,2.759999999999999e+27,2.669999999999999e+27,5e+25,4e+25,1.4535627124012128e+25,0.0
30432.555555555555,159.00134869099566,2.8399999999999987e+27,1.0699999999999999e+27,1.4799999999999989e+27,2.7e+26,2e+25,2.6999999999999964e+27,2.549999999999996e+27,1e+26,5e+25,1.4376682045221113e+25,0.0
30441.0,160.00283765499262,2.779999999999999e+27,1.1299999999999998e+27,1.429999999999999e+27,1.9e+26,3.0000000000000005e+25,2.5499999999999945e+27,2.4799999999999945e+27,6e+25,1e+25,1.4225517086092263e+25,0.0
30449.444444444445,161.00128565901196,2.8299999999999984e+27,1.0799999999999997e+27,1.419999999999999e+27,3.1e+26,2e+25,2.7199999999999986e+27,2.6399999999999983e+27,1e+25,7e+25,1.408316704806488e+25,0.0
30457.916666666668,162.00012015373613,2.719999999999999e+27,1.0800000000000001e+27,1.3499999999999993e+27,2.7e+26,2e+25,2.9200000000000017e+27,2.790000000000002e+27,6e+25,7e+25,1.3948732894895824e+25,0.0
30466.444444444445,163.00273435382496,2.48e+27,9.500000000000003e+26,1.2699999999999993e+27,2.4e+26,2e+25,2.709999999999998e+27,2.619999999999998e+27,2e+25,7e+25,1.3821956976604193e+25,0.0
30474.972222222223,164.00273014461072,2.32e+27,9.300000000000004e+26,1.1799999999999998e+27,1.9e+26,2e+25,2.4999999999999944e+27,2.4499999999999946e+27,3.0000000000000005e+25,2e+25,1.37033274779772e+25,0.0
30483.5,165.00026554396754,2.559999999999999e+27,9.700000000000001e+26,1.329999999999999e+27,2.4e+26,2e+25,2.8100000000000007e+27,2.7300000000000005e+27,3.0000000000000005e+25,5e+25,1.3592796114541025e+25,0.0
30492.083333333332,166.00197587046114,2.9899999999999995e+27,1.1200000000000001e+27,1.5499999999999992e+27,3.0000000000000003e+26,2e+25,2.8100000000000007e+27,2.7400000000000007e+27,2e+25,5e+25,1.3489337549857518e+25,0.0
30500.666666666668,167.00151485729475,2.839999999999999e+27,1.1000000000000001e+27,1.3399999999999994e+27,3.8e+26,2e+25,2.7399999999999996e+27,2.6899999999999995e+27,3.0000000000000005e+25,2e+25,1.3393717004391135e+25,0.0
30509.277777777777,168.00226530915006,2.579999999999999e+27,1.0999999999999997e+27,1.1899999999999996e+27,2.7e+26,2e+25,3.190000000000009e+27,3.1100000000000095e+27,4e+25,4e+25,1.330548554182455e+25,0.0
30517.88888888889,169.00114954977835,2.8199999999999993e+27,1.2799999999999996e+27,1.2799999999999996e+27,2.4e+26,2e+25,2.659999999999996e+27,2.549999999999996e+27,6e+25,5e+25,1.3224604746329192e+25,0.0
30526.527777777777,170.00153758784563,2.89e+27,1.0900000000000002e+27,1.3999999999999994e+27,3.8e+26,2e+25,2.87e+27,2.72e+27,6e+25,9e+25,1.3151058933823734e+25,0.0
30535.166666666668,171.0003641649846,3.119999999999999e+27,1.2799999999999996e+27,1.4799999999999989e+27,3.3e+26,3.0000000000000005e+25,2.850000000000002e+27,2.800000000000002e+27,2e+25,3.0000000000000005e+25,1.3084827692699251e+25,0.0
30543.833333333332,172.00099180653433,2.859999999999999e+27,1.2199999999999996e+27,1.2999999999999998e+27,3.2e+26,2e+25,2.910000000000003e+27,2.840000000000003e+27,2e+25,5e+25,1.302574903330752e+25,0.0
30552.5,173.00036588829153,2.86e+27,1.1000000000000002e+27,1.4899999999999994e+27,2.4e+26,3.0000000000000005e+25,2.940000000000003e+27,2.840000000000003e+27,4e+25,6e+25,1.2973635451501488e+25,0.0
30561.194444444445,174.00184036991868,2.72e+27,1.0300000000000007e+27,1.3099999999999997e+27,3.6e+26,2e+25,3.090000000000007e+27,3.000000000000007e+27,3.0000000000000005e+25,6e+25,1.2928575847354433e+25,0.0
30569.88888888889,175.00237075298082,2.79e+27,1.0800000000000003e+27,1.4299999999999999e+27,2.5e+26,3.0000000000000005e+25,3.030000000000006e+27,2.9500000000000057e+27,3.0000000000000005e+25,5e+25,1.2890535158720925e+25,0.0
30578.583333333332,176.00211402284913,3.0800000000000006e+27,1.1600000000000005e+27,1.5899999999999996e+27,3.1e+26,2e+25,2.900000000000002e+27,2.790000000000002e+27,5e+25,6e+25,1.2859417394458347e+25,0.0
30587.277777777777,177.00122858212308,3.249999999999999e+27,1.36e+27,1.5299999999999995e+27,3.4e+26,2e+25,2.950000000000004e+27,2.880000000000004e+27,4e+25,3.0000000000000005e+25,1.2835350343074995e+25,0.0
30596.0,178.00306093425115,2.7400000000000007e+27,1.0100000000000011e+27,1.4099999999999997e+27,3e+26,2e+25,2.5599999999999953e+27,2.499999999999995e+27,3.0000000000000005e+25,3.0000000000000005e+25,1.2818108497324635e+25,0.0
30604.694444444445,179.00138887418234,2.900000000000001e+27,1.110000000000001e+27,1.4800000000000002e+27,2.8e+26,3.0000000000000005e+25,2.8900000000000026e+27,2.8200000000000026e+27,3.0000000000000005e+25,4e+25,1.2807861946873374e+25,0.0
30613.416666666668,180.0027480997951,2.9200000000000006e+27,1.1900000000000008e+27,1.3899999999999997e+27,3.1e+26,3.0000000000000005e+25,2.7999999999999994e+27,2.6899999999999995e+27,7e+25,4e+25,1.2804382588887113e+25,0.0
30622.11111111111,181.00091940607035,3.1500000000000006e+27,1.3500000000000004e+27,1.5e+27,2.8e+26,2e+25,2.840000000000001e+27,2.750000000000001e+27,4e+25,5e+25,1.2807865612383206e+25,0.0
30630.833333333332,182.00243649086133,2.8900000000000004e+27,1.2300000000000002e+27,1.36e+27,2.8e+26,2e+25,3.1200000000000065e+27,2.9800000000000064e+27,6e+25,8e+25,1.2818296565938772e+25,0.0
30639.527777777777,183.00108014918442,3.060000000000001e+27,1.1600000000000008e+27,1.5200000000000006e+27,3.6e+26,2e+25,3.100000000000006e+27,2.960000000000006e+27,5e+25,9e+25,1.2835364279885123e+25,0.0
30648.222222222223,184.00019510313996,3.1500000000000017e+27,1.2400000000000005e+27,1.510000000000001e+27,3.8e+26,2e+25,3.010000000000005e+27,2.920000000000005e+27,5e+25,4e+25,1.285961661870775e+25,0.0
30656.944444444445,185.0031342082675,2.9400000000000016e+27,1.1500000000000017e+27,1.4600000000000003e+27,3.1e+26,2e+25,2.900000000000002e+27,2.800000000000002e+27,4e+25,6e+25,1.2890669921139564e+25,0.0
30665.61111111111,186.0004700169393,3.2100000000000015e+27,1.3400000000000007e+27,1.4500000000000006e+27,4e+26,2e+25,2.960000000000005e+27,2.910000000000005e+27,2e+25,3.0000000000000005e+25,1.2928629446622781e+25,0.0
30674.305555555555,187.00194591959098,3.110000000000003e+27,1.230000000000002e+27,1.5500000000000008e+27,3.1e+26,2e+25,3.010000000000004e+27,2.880000000000004e+27,6e+25,7e+25,1.2973670940013092e+25,0.0
30682.972222222223,188.00132104464228,3.090000000000003e+27,1.3000000000000017e+27,1.470000000000001e+27,3.0000000000000003e+26,2e+25,3.0200000000000063e+27,2.960000000000006e+27,5e+25,1e+25,1.302578837417432e+25,0.0
30691.63888888889,189.00194966350045,2.990000000000002e+27,1.1500000000000014e+27,1.400000000000001e+27,4.2e+26,2e+25,3.1500000000000067e+27,2.9900000000000067e+27,7e+25,9e+25,1.3085024702348618e+25,0.0
30700.277777777777,190.00077819832768,2.690000000000002e+27,1.1400000000000017e+27,1.2900000000000006e+27,2.4e+26,2e+25,2.7999999999999994e+27,2.6899999999999995e+27,4e+25,7e+25,1.315130214065633e+25,0.0
30708.916666666668,191.00116855282704,2.790000000000003e+27,1.2300000000000014e+27,1.3000000000000017e+27,2.3e+26,3.0000000000000005e+25,3.0800000000000066e+27,2.9800000000000064e+27,3.0000000000000005e+25,7e+25,1.3224856522468788e+25,0.0
30717.527777777777,192.0000540526844,3.170000000000003e+27,1.2900000000000017e+27,1.530000000000001e+27,3.3e+26,2e+25,2.71e+27,2.7e+27,1e+25,0.0,1.3305570777319802e+25,0.0
30726.13888888889,193.00080662927212,3.010000000000003e+27,1.1200000000000016e+27,1.5800000000000007e+27,2.8000000000000003e+26,3.0000000000000005e+25,3.1000000000000066e+27,3.000000000000007e+27,4e+25,6e+25,1.3393979997438085e+25,0.0
30734.722222222223,194.00034790706468,2.740000000000003e+27,1.0400000000000014e+27,1.4200000000000013e+27,2.5e+26,3.0000000000000005e+25,2.9800000000000053e+27,2.930000000000005e+27,4e+25,1e+25,1.34896062926108e+25,0.0
30743.305555555555,195.0020604412839,3.040000000000003e+27,1.2800000000000015e+27,1.3700000000000014e+27,3.7e+26,2e+25,3.2700000000000106e+27,3.170000000000011e+27,4e+25,6e+25,1.3592913889876104e+25,0.0
30751.86111111111,196.00285269284177,2.890000000000003e+27,1.2600000000000018e+27,1.3200000000000016e+27,2.9e+26,2e+25,2.7599999999999995e+27,2.6899999999999995e+27,6e+25,1e+25,1.3703981342001434e+25,0.0
30760.38888888889,197.0028591607106,2.8800000000000024e+27,1.0400000000000012e+27,1.500000000000001e+27,3.2e+26,2e+25,3.0300000000000065e+27,2.970000000000006e+27,1e+25,5e+25,1.3822638056084273e+25,0.0
30768.88888888889,198.00221441168105,3.0000000000000025e+27,1.1200000000000016e+27,1.530000000000001e+27,3.3000000000000006e+26,2e+25,2.7600000000000006e+27,2.7300000000000005e+27,1e+25,2e+25,1.3949031075218337e+25,0.0
30777.36111111111,199.0010536324935,3.170000000000002e+27,1.250000000000002e+27,1.5400000000000008e+27,3.6e+26,2e+25,2.9400000000000044e+27,2.880000000000004e+27,3.0000000000000005e+25,3.0000000000000005e+25,1.4083479859678813e+25,0.0
30785.833333333332,200.00279440349004,2.800000000000002e+27,9.900000000000011e+26,1.470000000000001e+27,3.1e+26,3.0000000000000005e+25,2.759999999999999e+27,2.669999999999999e+27,4e+25,5e+25,1.422647289319369e+25,0.0
30794.25,201.00099852940457,2.710000000000004e+27,1.2400000000000016e+27,1.1900000000000018e+27,2.5e+26,3.0000000000000005e+25,2.7499999999999993e+27,2.679999999999999e+27,5e+25,2e+25,1.4377010174371718e+25,0.0
30802.666666666668,202.00238640328735,2.820000000000002e+27,1.0000000000000013e+27,1.6000000000000006e+27,1.9e+26,3.0000000000000005e+25,3.0500000000000065e+27,2.970000000000006e+27,5e+25,3.0000000000000005e+25,1.4536564533032993e+25,0.0
30811.027777777777,203.00047384460322,3.0700000000000036e+27,1.2700000000000018e+27,1.3800000000000014e+27,3.9e+26,3.0000000000000005e+25,3.060000000000007e+27,3.0200000000000074e+27,2e+25,2e+25,1.4704107975746154e+25,0.0
30819.38888888889,204.00201910604028,2.7400000000000023e+27,1.1500000000000006e+27,1.3900000000000014e+27,1.7e+26,3.0000000000000005e+25,2.629999999999996e+27,2.539999999999996e+27,4e+25,5e+25,1.4881042247915677e+25,0.0
30827.694444444445,205.00049297490295,2.8100000000000024e+27,1.1800000000000009e+27,1.3700000000000014e+27,2.4e+26,2e+25,2.5199999999999943e+27,2.4399999999999946e+27,4e+25,4e+25,1.5066163186012148e+25,0.0
30836.0,206.00269735990696,2.770000000000002e+27,1.1900000000000007e+27,1.2800000000000015e+27,2.8000000000000003e+26,2e+25,2.429999999999995e+27,2.349999999999995e+27,1e+25,7e+25,1.5261039423499201e+25,0.0
30844.25,207.00205084591016,2.780000000000003e+27,1.2200000000000009e+27,1.2800000000000015e+27,2.6e+26,2e+25,2.9000000000000034e+27,2.8500000000000033e+27,2e+25,3.0000000000000005e+25,1.546463803102102e+25,0.0
30852.472222222223,208.00202121406528,2.6300000000000025e+27,1.0100000000000014e+27,1.350000000000001e+27,2.5e+26,2e+25,2.729999999999999e+27,2.659999999999999e+27,5e+25,2e+25,1.5677569453480404e+25,0.0
30860.666666666668,209.0027253051203,2.8300000000000023e+27,1.0900000000000013e+27,1.4200000000000013e+27,3.0000000000000003e+26,2e+25,2.6799999999999976e+27,2.5999999999999973e+27,5e+25,3.0000000000000005e+25,1.5900386550479666e+25,0.0
30868.805555555555,210.00086938340064,2.760000000000003e+27,1.1400000000000014e+27,1.4300000000000012e+27,1.6e+26,3.0000000000000005e+25,2.8400000000000003e+27,2.72e+27,7e+25,5e+25,1.6132532170204294e+25,0.0
30876.944444444445,211.0033832329991,2.4900000000000035e+27,1.0500000000000015e+27,1.2000000000000018e+27,2.1e+26,3.0000000000000005e+25,2.870000000000002e+27,2.800000000000002e+27,4e+25,3.0000000000000005e+25,1.6375621714699602e+25,0.0
30885.0,212.00009363698337,2.680000000000003e+27,1.1200000000000012e+27,1.3100000000000017e+27,2.2e+26,3.0000000000000005e+25,2.639999999999997e+27,2.589999999999997e+27,0.0,5e+25,1.6627323135621916e+25,0.0
30893.055555555555,213.0014026122626,2.830000000000003e+27,1.1000000000000014e+27,1.3700000000000014e+27,3.4e+26,2e+25,2.8300000000000006e+27,2.7300000000000005e+27,5e+25,5e+25,1.6890699238138484e+25,0.0
30901.055555555555,214.00051533679652,2.770000000000002e+27,1.0800000000000007e+27,1.460000000000001e+27,2e+26,3.0000000000000005e+25,2.5299999999999946e+27,2.4599999999999945e+27,1e+25,6e+25,1.7164314299813763e+25,0.0
30909.027777777777,215.00098703679032,2.680000000000002e+27,1.030000000000001e+27,1.4000000000000013e+27,2.3e+26,2e+25,2.6299999999999964e+27,2.5699999999999966e+27,2e+25,4e+25,1.744890786105368e+25,0.0
30916.972222222223,216.0029267866339,2.7900000000000024e+27,1.0700000000000014e+27,1.490000000000001e+27,2e+26,3.0000000000000005e+25,2.7199999999999975e+27,2.619999999999998e+27,4e+25,6e+25,1.7745167587198552e+25,0.0
30924.86111111111,217.0029130920948,2.570000000000002e+27,1.0500000000000007e+27,1.1900000000000015e+27,3.1e+26,2e+25,2.5299999999999946e+27,2.4399999999999946e+27,4e+25,5e+25,1.80522308325863e+25,0.0
30932.694444444445,218.00099912002315,2.840000000000002e+27,1.1400000000000012e+27,1.480000000000001e+27,2e+26,2e+25,2.970000000000004e+27,2.880000000000004e+27,4e+25,5e+25,1.8370377618198654e+25,0.0
30940.5,219.00079745929543,2.370000000000002e+27,8.300000000000006e+26,1.3700000000000014e+27,1.5000000000000002e+26,2e+25,2.679999999999997e+27,2.589999999999997e+27,6e+25,3.0000000000000005e+25,1.8700635335572066e+25,0.0
30948.277777777777,220.0024124049769,2.750000000000002e+27,9.600000000000011e+26,1.490000000000001e+27,2.7e+26,3.0000000000000005e+25,2.689999999999997e+27,2.5699999999999966e+27,7e+25,5e+25,1.9043958533125077e+25,0.0
30956.0,221.0023396871302,3.010000000000002e+27,1.240000000000001e+27,1.470000000000001e+27,2.7e+26,3.0000000000000005e+25,2.539999999999995e+27,2.4899999999999947e+27,2e+25,3.0000000000000005e+25,1.939891710689951e+25,0.0
30963.666666666668,222.0006166191224,2.670000000000003e+27,1.0800000000000015e+27,1.380000000000001e+27,1.9e+26,2e+25,2.790000000000001e+27,2.7400000000000007e+27,1e+25,4e+25,1.976580576805828e+25,0.0
30971.305555555555,223.00092729368862,2.680000000000002e+27,9.300000000000011e+26,1.510000000000001e+27,2.1e+26,3.0000000000000005e+25,2.599999999999996e+27,2.549999999999996e+27,3.0000000000000005e+25,2e+25,2.0146646194859604e+25,0.0
30978.916666666668,224.0033671649635,2.8200000000000015e+27,1.0400000000000007e+27,1.5900000000000007e+27,1.6e+26,3.0000000000000005e+25,2.769999999999999e+27,2.679999999999999e+27,3.0000000000000005e+25,6e+25,2.0541306989961623e+25,0.0
30986.444444444445,225.00065123688182,2.430000000000002e+27,8.400000000000009e+26,1.3900000000000014e+27,1.7e+26,3.0000000000000005e+25,2.2399999999999956e+27,2.1799999999999955e+27,2e+25,4e+25,2.094753412921226e+25,0.0
30993.944444444445,226.00016272012454,2.5200000000000026e+27,9.300000000000011e+26,1.2800000000000018e+27,2.9e+26,2e+25,2.7799999999999994e+27,2.7e+27,4e+25,4e+25,2.1368330166614155e+25,0.0
31001.416666666668,227.0019939701715,2.7300000000000027e+27,1.0400000000000014e+27,1.520000000000001e+27,1.4000000000000002e+26,3.0000000000000005e+25,2.609999999999997e+27,2.579999999999997e+27,2e+25,1e+25,2.1804540834307248e+25,0.0
31008.833333333332,228.00247260520246,2.6500000000000024e+27,1.0700000000000011e+27,1.400000000000001e+27,1.6e+26,2e+25,2.2599999999999955e+27,2.1799999999999955e+27,3.0000000000000005e+25,5e+25,2.2254315167721116e+25,0.0
31016.194444444445,229.00161749838935,3.110000000000002e+27,1.2700000000000007e+27,1.5800000000000007e+27,2.3e+26,3.0000000000000005e+25,2.6699999999999985e+27,2.629999999999998e+27,1e+25,3.0000000000000005e+25,2.2718019734206974e+25,0.0
31023.527777777777,230.0032469100579,2.7100000000000027e+27,1.150000000000001e+27,1.3200000000000016e+27,2.1e+26,3.0000000000000005e+25,2.9000000000000023e+27,2.8200000000000026e+27,2e+25,6e+25,2.319811282483049e+25,0.0
31030.805555555555,231.0036133245476,2.6900000000000033e+27,1.1100000000000013e+27,1.2700000000000018e+27,2.8000000000000003e+26,3.0000000000000005e+25,2.349999999999995e+27,2.309999999999995e+27,1e+25,3.0000000000000005e+25,2.36929776359854e+25,0.0
31038.027777777777,232.00272286464406,2.670000000000003e+27,1.0900000000000012e+27,1.3900000000000014e+27,1.7e+26,2e+25,2.880000000000002e+27,2.790000000000002e+27,3.0000000000000005e+25,6e+25,2.420296581616815e+25,0.0
31045.194444444445,233.0005776584976,2.3700000000000017e+27,9.100000000000009e+26,1.280000000000001e+27,1.6e+26,2e+25,2.639999999999997e+27,2.589999999999997e+27,5e+25,0.0,2.4728000580347834e+25,0.0
31052.333333333332,234.00108433166133,2.920000000000003e+27,1.1500000000000014e+27,1.530000000000001e+27,2.1e+26,3.0000000000000005e+25,2.77e+27,2.6899999999999995e+27,5e+25,3.0000000000000005e+25,2.5270702879587275e+25,0.0
31059.416666666668,235.00038284253333,2.7200000000000035e+27,1.1700000000000013e+27,1.3500000000000015e+27,1.7e+26,3.0000000000000005e+25,2.4099999999999947e+27,2.3699999999999949e+27,2e+25,2e+25,2.5829292295834837e+25,0.0
31066.472222222223,236.0024244429669,2.5800000000000024e+27,9.300000000000011e+26,1.4200000000000013e+27,2e+26,3.0000000000000005e+25,2.4599999999999948e+27,2.4099999999999947e+27,5e+25,0.0,2.640647973584796e+25,0.0
31073.472222222223,237.00329187173156,2.5600000000000024e+27,9.50000000000001e+26,1.3900000000000014e+27,1.9e+26,3.0000000000000005e+25,2.5299999999999946e+27,2.4699999999999945e+27,2e+25,4e+25,2.700005593843111e+25,0.0
31080.416666666668,238.0029732488174,2.880000000000002e+27,9.900000000000011e+26,1.6800000000000003e+27,1.8e+26,3.0000000000000005e+25,2.5699999999999944e+27,2.4699999999999945e+27,4e+25,6e+25,2.761054975391642e+25,0.0
31087.305555555555,239.00144686478416,2.3900000000000025e+27,9.100000000000009e+26,1.2600000000000018e+27,1.9e+26,3.0000000000000005e+25,2.7399999999999996e+27,2.7e+27,4e+25,0.0,2.8238135354222906e+25,0.0
31094.166666666668,240.0027617519845,2.6000000000000023e+27,9.20000000000001e+26,1.530000000000001e+27,1.2e+26,3.0000000000000005e+25,2.6599999999999966e+27,2.5699999999999966e+27,4e+25,5e+25,2.8885761401690867e+25,0.0
31100.972222222223,241.00287860399112,2.5400000000000025e+27,9.40000000000001e+26,1.3600000000000015e+27,2.1e+26,3.0000000000000005e+25,2.5499999999999945e+27,2.4699999999999945e+27,3.0000000000000005e+25,5e+25,2.9551286675083125e+25,0.0
31107.722222222223,242.0017694690032,2.810000000000001e+27,9.100000000000009e+26,1.6400000000000005e+27,2.3e+26,3.0000000000000005e+25,2.479999999999995e+27,2.3699999999999949e+27,3.0000000000000005e+25,8e+25,3.0234541539426477e+25,0.0
31114.444444444445,243.00355382782436,2.7000000000000025e+27,9.50000000000001e+26,1.480000000000001e+27,2.4e+26,3.0000000000000005e+25,2.5899999999999955e+27,2.509999999999995e+27,5e+25,3.0000000000000005e+25,3.0939084098047187e+25,0.0
31121.11111111111,244.00410071367605,2.490000000000002e+27,9.600000000000011e+26,1.330000000000001e+27,1.7e+26,3.0000000000000005e+25,2.749999999999999e+27,2.6499999999999985e+27,1e+25,9e+25,3.166238410716458e+25,0.0
31127.722222222223,245.0033685811295,2.4100000000000021e+27,8.300000000000006e+26,1.3300000000000016e+27,2.2e+26,3.0000000000000005e+25,2.379999999999995e+27,2.329999999999995e+27,5e+25,0.0,3.240398568587757e+25,0.0
31134.277777777777,246.00131330590375,2.7600000000000017e+27,9.000000000000009e+26,1.5600000000000008e+27,2.8e+26,2e+25,2.830000000000001e+27,2.760000000000001e+27,5e+25,2e+25,3.3165256818002834e+25,0.0
31140.805555555555,247.002162690761,2.6500000000000024e+27,9.700000000000012e+26,1.470000000000001e+27,1.8e+26,3.0000000000000005e+25,2.6499999999999963e+27,2.5599999999999964e+27,5e+25,4e+25,3.394869557908506e+25,0.0
31147.277777777777,248.00164937909904,2.790000000000002e+27,9.40000000000001e+26,1.5700000000000007e+27,2.5e+26,3.0000000000000005e+25,2.860000000000002e+27,2.7800000000000016e+27,0.0,8e+25,3.475164138678796e+25,0.0
31153.722222222223,249.0040568174254,2.850000000000003e+27,1.1000000000000016e+27,1.530000000000001e+27,1.9e+26,3.0000000000000005e+25,2.749999999999997e+27,2.579999999999997e+27,1.2e+26,5e+25,3.5578037412340625e+25,0.0
31160.083333333332,250.00068026694134,2.8400000000000014e+27,8.800000000000009e+26,1.7000000000000003e+27,2.3e+26,3.0000000000000005e+25,2.499999999999995e+27,2.4099999999999947e+27,4e+25,5e+25,3.64207906477703e+25,0.0
31166.416666666668,251.00016337137185,2.750000000000003e+27,1.1000000000000016e+27,1.500000000000001e+27,1.2e+26,3.0000000000000005e+25,2.9100000000000037e+27,2.8600000000000036e+27,2e+25,3.0000000000000005e+25,3.7287265890867893e+25,0.0
31172.722222222223,252.00253362879903,2.7700000000000014e+27,9.20000000000001e+26,1.6000000000000006e+27,2.2e+26,3.0000000000000005e+25,2.719999999999997e+27,2.5999999999999973e+27,6e+25,6e+25,3.817788946392616e+25,0.0
31178.972222222223,253.00335194284617,2.8000000000000016e+27,9.20000000000001e+26,1.6600000000000004e+27,1.9e+26,3.0000000000000005e+25,2.870000000000001e+27,2.750000000000001e+27,3.0000000000000005e+25,9e+25,3.908940423330518e+25,0.0
31185.166666666668,254.00254522584055,2.930000000000002e+27,1.0300000000000013e+27,1.75e+27,1.2000000000000002e+26,3.0000000000000005e+25,2.9700000000000034e+27,2.8600000000000036e+27,4e+25,7e+25,4.002157855615712e+25,0.0
31191.305555555555,255.0000350306036,2.93e+27,7.600000000000005e+26,1.9399999999999994e+27,1.9e+26,4e+25,2.6799999999999976e+27,2.6099999999999976e+27,3.0000000000000005e+25,4e+25,4.097471970979731e+25,0.0
31197.416666666668,256.00030210647947,2.7700000000000014e+27,9.50000000000001e+26,1.6300000000000005e+27,1.6e+26,3.0000000000000005e+25,2.830000000000001e+27,2.750000000000001e+27,3.0000000000000005e+25,5e+25,4.195280782638908e+25,0.0
31203.5,257.0033567498467,2.8700000000000016e+27,1.0300000000000013e+27,1.6500000000000004e+27,1.6e+26,3.0000000000000005e+25,2.83e+27,2.71e+27,5e+25,7e+25,4.295696553387558e+25,0.0
31209.527777777777,258.0045815401245,3.010000000000001e+27,1.0300000000000013e+27,1.8e+27,1.4000000000000002e+26,4e+25,2.9200000000000017e+27,2.7800000000000016e+27,4e+25,1e+26,4.3982134209281534e+25,0.0
31215.5,259.0038843014536,3.060000000000002e+27,1.0100000000000014e+27,1.8499999999999997e+27,1.7e+26,3.0000000000000005e+25,2.79e+27,2.71e+27,3.0000000000000005e+25,5e+25,4.5028298581280056e+25,0.0
31221.416666666668,260.0011662452689,2.9200000000000017e+27,1.0400000000000014e+27,1.75e+27,1e+26,3.0000000000000005e+25,2.739999999999998e+27,2.629999999999998e+27,6e+25,5e+25,4.609576381841361e+25,0.0
31227.305555555555,261.00105663102204,2.660000000000001e+27,8.700000000000008e+26,1.6900000000000003e+27,7.000000000000001e+25,3.0000000000000005e+25,2.7099999999999994e+27,2.669999999999999e+27,1e+25,3.0000000000000005e+25,4.718939563308488e+25,0.0
31233.166666666668,262.00355585852503,3.0800000000000017e+27,1.1400000000000017e+27,1.7200000000000002e+27,1.8e+26,4e+25,2.9900000000000045e+27,2.9000000000000045e+27,4e+25,5e+25,4.830936353618512e+25,0.0
31238.972222222223,263.00385619116514,2.9300000000000014e+27,9.300000000000011e+26,1.78e+27,1.9e+26,3.0000000000000005e+25,3.1500000000000083e+27,3.0700000000000086e+27,4e+25,4e+25,4.945069233372255e+25,0.0
31244.722222222223,264.0018447492066,3.0900000000000014e+27,1.0000000000000013e+27,1.8899999999999996e+27,1.7e+26,3.0000000000000005e+25,3.170000000000009e+27,3.090000000000009e+27,4e+25,4e+25,5.061329215698714e+25,0.0
31250.444444444445,265.0022769544612,3.2800000000000004e+27,1.0800000000000015e+27,2.039999999999999e+27,1.3e+26,3.0000000000000005e+25,3.170000000000009e+27,3.0700000000000086e+27,2e+25,8e+25,5.180265677330122e+25,0.0
31256.11111111111,266.00022938972415,3.47e+27,1.1800000000000013e+27,2.039999999999999e+27,2.2e+26,3.0000000000000005e+25,3.220000000000009e+27,3.080000000000009e+27,9e+25,5e+25,5.301263359128047e+25,0.0
31261.75,267.00052443371624,2.840000000000002e+27,1.0300000000000013e+27,1.6600000000000004e+27,1.2000000000000002e+26,3.0000000000000005e+25,3.0500000000000065e+27,2.970000000000006e+27,3.0000000000000005e+25,5e+25,5.4249797259328675e+25,0.0
31267.36111111111,268.0031400852895,3.549999999999999e+27,1.0100000000000014e+27,2.2999999999999984e+27,2e+26,4e+25,3.3000000000000124e+27,3.2300000000000124e+27,2e+25,5e+25,5.5512965367178e+25,0.0
31272.916666666668,269.0030334175535,3.1700000000000016e+27,1.1000000000000016e+27,1.8899999999999996e+27,1.5000000000000002e+26,3.0000000000000005e+25,3.140000000000008e+27,3.040000000000008e+27,3.0000000000000005e+25,7e+25,5.679758672395636e+25,0.0
31278.416666666668,270.00007796118916,3.0900000000000014e+27,1.0400000000000014e+27,1.8199999999999998e+27,2e+26,3.0000000000000005e+25,3.0000000000000036e+27,2.880000000000004e+27,6e+25,6e+25,5.810086016438635e+25,0.0
31283.916666666668,271.00430343595326,3.05e+27,9.100000000000009e+26,1.9199999999999995e+27,1.8e+26,4e+25,3.310000000000012e+27,3.2300000000000124e+27,2e+25,6e+25,5.943827751045192e+25,0.0
31289.333333333332,272.00041720217996,3.1500000000000006e+27,9.100000000000009e+26,2.0399999999999993e+27,1.7e+26,3.0000000000000005e+25,3.3900000000000135e+27,3.2800000000000136e+27,5e+25,6e+25,6.078842106007128e+25,0.0
31294.75,273.0036464686,3.4299999999999996e+27,1.0000000000000013e+27,2.2499999999999983e+27,1.4000000000000002e+26,4e+25,3.2400000000000116e+27,3.1900000000000115e+27,4e+25,1e+25,6.217105295302913e+25,0.0
31300.11111111111,274.0036629672868,3.43e+27,1.0900000000000016e+27,2.1699999999999986e+27,1.4e+26,3.0000000000000005e+25,3.2300000000000097e+27,3.1100000000000095e+27,8e+25,4e+25,6.357346112777716e+25,0.0
31305.416666666668,275.00031587757985,3.3700000000000004e+27,1.0800000000000014e+27,2.089999999999999e+27,1.6e+26,4e+25,3.1700000000000093e+27,3.1000000000000093e+27,4e+25,3.0000000000000005e+25,6.499355575291689e+25,0.0
31310.722222222223,276.00399544010907,3.5799999999999993e+27,1.0400000000000012e+27,2.309999999999998e+27,1.9e+26,4e+25,3.480000000000016e+27,3.390000000000016e+27,2e+25,7e+25,6.64465417405897e+25,0.0
31315.972222222223,277.00414211548105,3.2699999999999996e+27,9.20000000000001e+26,2.1899999999999985e+27,1.2e+26,4e+25,3.3400000000000123e+27,3.220000000000012e+27,4e+25,8e+25,6.791705457745651e+25,0.0
31321.166666666668,278.00059514177065,3.52e+27,1.0400000000000012e+27,2.2799999999999985e+27,1.7e+26,3.0000000000000005e+25,3.7400000000000213e+27,3.590000000000021e+27,8e+25,7e+25,6.940449730350983e+25,0.0
31326.36111111111,279.003958680446,3.709999999999999e+27,1.1200000000000012e+27,2.369999999999998e+27,1.8e+26,4e+25,3.380000000000014e+27,3.290000000000014e+27,3.0000000000000005e+25,6e+25,7.092437744682114e+25,0.0
31331.5,280.003438791834,3.6500000000000005e+27,1.1900000000000015e+27,2.2599999999999986e+27,1.7e+26,3.0000000000000005e+25,3.580000000000017e+27,3.4100000000000167e+27,7e+25,1e+26,7.245950976111863e+25,0.0
31336.61111111111,281.00432568507586,3.01e+27,8.70000000000001e+26,1.9899999999999992e+27,1.1000000000000002e+26,4e+25,3.110000000000008e+27,3.040000000000008e+27,3.0000000000000005e+25,4e+25,7.40184223170878e+25,0.0
31341.666666666668,282.0010627559177,3.6999999999999995e+27,1.0900000000000016e+27,2.439999999999998e+27,1.4000000000000002e+26,3.0000000000000005e+25,3.510000000000015e+27,3.3500000000000153e+27,7e+25,9e+25,7.55914561880238e+25,0.0
31346.722222222223,283.00453219646715,3.499999999999999e+27,1.060000000000001e+27,2.2699999999999982e+27,1.3e+26,4e+25,3.550000000000017e+27,3.4000000000000165e+27,5e+25,1e+26,7.7196319421023775e+25,0.0
31351.722222222223,284.003639355069,3.409999999999999e+27,9.800000000000012e+26,2.2699999999999982e+27,1.2000000000000002e+26,4e+25,3.4300000000000145e+27,3.300000000000014e+27,8e+25,5e+25,7.8813118248053e+25,0.0
31356.694444444445,285.0038063908014,3.509999999999999e+27,8.700000000000008e+26,2.4699999999999975e+27,1.4e+26,3.0000000000000005e+25,3.550000000000017e+27,3.4100000000000167e+27,9e+25,5e+25,8.045179048413528e+25,0.0
31361.63888888889,286.0049576522333,3.679999999999999e+27,1.0400000000000014e+27,2.4599999999999978e+27,1.4000000000000002e+26,4e+25,3.7400000000000224e+27,3.630000000000022e+27,3.0000000000000005e+25,8e+25,8.211010008982328e+25,0.0
31366.527777777777,287.001336651404,3.6299999999999994e+27,1.1300000000000015e+27,2.349999999999998e+27,1.1e+26,4e+25,3.6900000000000207e+27,3.580000000000021e+27,6e+25,5e+25,8.377977689083133e+25,0.0
31371.416666666668,288.0041881707857,3.879999999999999e+27,1.1800000000000013e+27,2.4999999999999977e+27,1.6e+26,4e+25,3.640000000000017e+27,3.420000000000017e+27,1.6e+26,6e+25,8.547680672592727e+25,0.0
31376.25,289.00202437699136,3.7999999999999986e+27,1.0800000000000015e+27,2.549999999999997e+27,1.3e+26,4e+25,3.5600000000000187e+27,3.4900000000000186e+27,5e+25,2e+25,8.718266933035362e+25,0.0
31381.055555555555,290.0004513877693,3.4099999999999997e+27,9.800000000000012e+26,2.2799999999999985e+27,1.1e+26,4e+25,3.6200000000000206e+27,3.5600000000000203e+27,1e+25,5e+25,8.890599738951453e+25,0.0
31385.86111111111,291.00519433871614,3.439999999999999e+27,8.800000000000009e+26,2.3599999999999982e+27,1.6e+26,4e+25,3.5900000000000183e+27,3.470000000000018e+27,4e+25,8e+25,9.065600445534733e+25,0.0
31390.61111111111,292.0045538016575,3.539999999999999e+27,1.0500000000000012e+27,2.3399999999999983e+27,1.1000000000000002e+26,4e+25,3.690000000000021e+27,3.600000000000021e+27,3.0000000000000005e+25,6e+25,9.241101370312514e+25,0.0
31395.333333333332,293.00422526367856,3.9499999999999983e+27,1.190000000000001e+27,2.569999999999997e+27,1.5000000000000002e+26,4e+25,3.440000000000015e+27,3.3600000000000155e+27,2e+25,6e+25,9.418083491519094e+25,0.0
31400.027777777777,294.00410996168193,3.8699999999999986e+27,1.1100000000000011e+27,2.5099999999999974e+27,2.1e+26,4e+25,3.910000000000026e+27,3.800000000000026e+27,5e+25,6e+25,9.596337232949194e+25,0.0
31404.694444444445,295.0041098961865,3.7499999999999974e+27,1.0500000000000005e+27,2.549999999999997e+27,1.1e+26,4e+25,4.070000000000029e+27,3.930000000000029e+27,5e+25,9e+25,9.775902362647329e+25,0.0
31409.333333333332,296.0041242847501,3.9799999999999974e+27,1.0100000000000011e+27,2.8099999999999963e+27,1.2000000000000002e+26,4e+25,3.570000000000017e+27,3.4100000000000167e+27,8e+25,8e+25,9.956482686113813e+25,0.0
31413.944444444445,297.00404874433116,3.7699999999999984e+27,9.800000000000012e+26,2.5399999999999976e+27,2.1e+26,4e+25,4.1000000000000316e+27,4.0300000000000316e+27,5e+25,2e+25,1.0138321213111718e+26,0.0
31418.527777777777,298.0037804469366,4.0199999999999983e+27,1.2000000000000012e+27,2.659999999999997e+27,1.2e+26,4e+25,3.870000000000025e+27,3.760000000000025e+27,6e+25,5e+25,1.0320783889859087e+26,0.0
31423.083333333332,299.003212738402,3.919999999999997e+27,1.1400000000000002e+27,2.629999999999997e+27,1.1e+26,4e+25,3.860000000000025e+27,3.7300000000000244e+27,8e+25,5e+25,1.0504234496357369e+26,0.0
31427.61111111111,300.0022279219902,3.6299999999999983e+27,9.800000000000012e+26,2.5399999999999976e+27,7.000000000000001e+25,4e+25,3.860000000000025e+27,3.750000000000025e+27,7e+25,4e+25,1.0688378397404957e+26,0.0
31432.11111111111,301.0007243937662,3.789999999999998e+27,1.0400000000000006e+27,2.589999999999997e+27,1.2e+26,4e+25,3.7200000000000214e+27,3.6100000000000215e+27,6e+25,5e+25,1.0872947700278868e+26,0.0
31436.61111111111,302.0047933674523,3.809999999999998e+27,1.0400000000000014e+27,2.619999999999997e+27,1.1e+26,4e+25,3.820000000000024e+27,3.7000000000000237e+27,5e+25,7e+25,1.105905785434551e+26,0.0
31441.055555555555,303.0019325366047,3.709999999999998e+27,9.40000000000001e+26,2.609999999999997e+27,1.2e+26,4e+25,3.8100000000000235e+27,3.680000000000023e+27,3.0000000000000005e+25,1e+26,1.1244388961424441e+26,0.0
31445.5,304.0044798433182,3.6799999999999984e+27,1.0400000000000014e+27,2.5099999999999974e+27,9e+25,4e+25,3.910000000000026e+27,3.790000000000026e+27,9e+25,3.0000000000000005e+25,1.1430931845083051e+26,0.0
31449.916666666668,305.00610226293156,3.599999999999999e+27,1.0000000000000008e+27,2.4599999999999978e+27,1e+26,4e+25,3.7000000000000204e+27,3.5600000000000203e+27,8e+25,6e+25,1.1617464934002905e+26,0.0
31454.277777777777,306.00033240467656,3.7599999999999976e+27,9.900000000000009e+26,2.629999999999997e+27,9e+25,5e+25,4.1000000000000305e+27,3.9800000000000304e+27,7e+25,5e+25,1.1802750935229222e+26,0.0
31458.666666666668,307.00609370917573,3.909999999999998e+27,1.1800000000000007e+27,2.5999999999999973e+27,9e+25,4e+25,3.9100000000000265e+27,3.8200000000000265e+27,4e+25,5e+25,1.1990207037146865e+26,0.0
31463.0,308.0042094183227,3.709999999999998e+27,9.100000000000009e+26,2.659999999999997e+27,1e+26,4e+25,3.8900000000000255e+27,3.760000000000025e+27,1e+26,3.0000000000000005e+25,1.2175919606189555e+26,0.0
31467.305555555555,309.0009044533235,3.779999999999998e+27,9.900000000000011e+26,2.649999999999997e+27,9e+25,5e+25,3.880000000000027e+27,3.830000000000027e+27,2e+25,3.0000000000000005e+25,1.2361043641401735e+26,0.0
31471.61111111111,310.0025306199086,3.939999999999998e+27,1.010000000000001e+27,2.679999999999997e+27,2e+26,5e+25,3.9400000000000267e+27,3.840000000000027e+27,4e+25,6e+25,1.2546774042532836e+26,0.0
31475.88888888889,311.00254295500054,4.019999999999997e+27,1.1500000000000009e+27,2.719999999999997e+27,1.1e+26,4e+25,4.160000000000031e+27,4.010000000000031e+27,9e+25,6e+25,1.2731367094679951e+26,0.0
31480.13888888889,312.0008140011578,3.4899999999999983e+27,8.500000000000008e+26,2.4999999999999977e+27,1e+26,4e+25,3.8500000000000245e+27,3.7300000000000244e+27,9e+25,3.0000000000000005e+25,1.291521262870369e+26,0.0
31484.38888888889,313.00377813059185,3.8699999999999975e+27,9.800000000000012e+26,2.7499999999999965e+27,9e+25,5e+25,3.690000000000022e+27,3.620000000000022e+27,4e+25,3.0000000000000005e+25,1.3098956736872748e+26,0.0
31488.61111111111,314.00479086340965,3.809999999999999e+27,1.0700000000000011e+27,2.5399999999999976e+27,1.5000000000000002e+26,5e+25,4.0200000000000275e+27,3.8600000000000275e+27,6e+25,1e+26,1.3281308526959555e+26,0.0
31492.805555555555,315.0037241670816,3.8799999999999983e+27,1.0700000000000014e+27,2.629999999999997e+27,1.4000000000000002e+26,4e+25,3.940000000000026e+27,3.8200000000000265e+27,6e+25,6e+25,1.3462181986789669e+26,0.0
31496.972222222223,316.0004368123118,4.029999999999998e+27,1.0300000000000013e+27,2.7899999999999964e+27,1.6e+26,5e+25,3.8000000000000233e+27,3.680000000000023e+27,9e+25,3.0000000000000005e+25,1.3641238373681236e+26,0.0
31501.13888888889,317.001484069714,3.8099999999999977e+27,9.000000000000009e+26,2.759999999999997e+27,1e+26,5e+25,3.8000000000000244e+27,3.710000000000024e+27,8e+25,1e+25,1.3819832542815355e+26,0.0
31505.277777777777,318.0000957713364,3.8799999999999983e+27,1.140000000000001e+27,2.609999999999997e+27,8e+25,5e+25,3.860000000000026e+27,3.7700000000000253e+27,8e+25,1e+25,1.3996426554249718e+26,0.0
31509.416666666668,319.00288242665374,3.8999999999999977e+27,1.0300000000000007e+27,2.719999999999997e+27,1.1000000000000002e+26,4e+25,3.550000000000019e+27,3.510000000000019e+27,2e+25,2e+25,1.4172109334340419e+26,0.0
31513.527777777777,320.00301006443715,3.719999999999999e+27,1.1200000000000008e+27,2.419999999999998e+27,1.4000000000000002e+26,4e+25,3.9300000000000264e+27,3.830000000000027e+27,6e+25,4e+25,1.4345606697733492e+26,0.0
31517.61111111111,321.0003435524577,4.399999999999997e+27,1.1700000000000013e+27,3.0099999999999956e+27,1.7e+26,5e+25,3.8500000000000256e+27,3.7700000000000253e+27,5e+25,3.0000000000000005e+25,1.4516530629541047e+26,0.0
31521.694444444445,322.0015682038129,3.6399999999999986e+27,9.20000000000001e+26,2.5599999999999975e+27,1.2e+26,4e+25,4.0500000000000304e+27,3.97000000000003e+27,5e+25,3.0000000000000005e+25,1.4685938337256768e+26,0.0
31525.777777777777,323.0066173434734,4.0099999999999975e+27,1.0400000000000014e+27,2.7899999999999964e+27,1.3e+26,5e+25,4.1400000000000303e+27,3.9800000000000304e+27,1.2e+26,4e+25,1.485364546445819e+26,0.0
31529.805555555555,324.00167718357443,4.059999999999997e+27,1.0800000000000008e+27,2.8099999999999963e+27,1.2e+26,5e+25,4.020000000000029e+27,3.930000000000029e+27,6e+25,3.0000000000000005e+25,1.5017552320097582e+26,0.0
31533.833333333332,325.0003307353036,3.7099999999999986e+27,1.040000000000001e+27,2.5199999999999976e+27,1e+26,5e+25,4.1900000000000326e+27,4.0700000000000325e+27,7e+25,5e+25,1.517939589048586e+26,0.0
31537.86111111111,326.00251175000267,4.019999999999998e+27,9.400000000000009e+26,2.9499999999999964e+27,8e+25,5e+25,3.990000000000029e+27,3.920000000000029e+27,7e+25,0.0,1.5339096663432863e+26,0.0
31541.86111111111,327.00120085901017,3.9699999999999977e+27,1.0600000000000013e+27,2.7699999999999965e+27,9e+25,5e+25,3.7900000000000236e+27,3.710000000000024e+27,6e+25,2e+25,1.549535330558617e+26,0.0
31545.86111111111,328.00322660133406,3.9199999999999976e+27,1.0400000000000007e+27,2.719999999999997e+27,1.1e+26,5e+25,4.140000000000031e+27,3.9900000000000306e+27,1e+26,5e+25,1.5649214900005818e+26,0.0
31549.833333333332,329.0015235019291,3.849999999999998e+27,1.0900000000000013e+27,2.589999999999997e+27,1.3000000000000002e+26,4e+25,3.990000000000028e+27,3.8600000000000275e+27,1e+26,3.0000000000000005e+25,1.579951340184218e+26,0.0
31553.805555555555,330.0029613427787,3.959999999999998e+27,9.900000000000011e+26,2.8399999999999965e+27,8e+25,5e+25,4.1800000000000324e+27,4.0600000000000323e+27,9e+25,3.0000000000000005e+25,1.5946910791275278e+26,0.0
31557.75,331.00042914960613,3.969999999999997e+27,8.50000000000001e+26,2.929999999999996e+27,1.4000000000000002e+26,5e+25,3.9800000000000276e+27,3.870000000000028e+27,9e+25,2e+25,1.6090407470408946e+26,0.0
31561.694444444445,332.0008386750196,3.9399999999999975e+27,1.0200000000000008e+27,2.7799999999999967e+27,9e+25,5e+25,3.62000000000002e+27,3.55000000000002e+27,5e+25,2e+25,1.6230702150669757e+26,0.0
31565.63888888889,333.0041103132153,4.189999999999996e+27,1.1000000000000002e+27,2.989999999999996e+27,6.000000000000001e+25,4e+25,4.030000000000029e+27,3.9100000000000287e+27,1e+26,2e+25,1.6368022091224225e+26,0.0
31569.555555555555,334.00306683913095,4.239999999999997e+27,1.1600000000000011e+27,2.939999999999996e+27,9e+25,5e+25,4.1500000000000317e+27,4.0300000000000316e+27,9e+25,3.0000000000000005e+25,1.650088461490356e+26,0.0
31573.472222222223,335.00468217631715,4.449999999999996e+27,1.1900000000000007e+27,3.0899999999999953e+27,1.2000000000000002e+26,5e+25,4.4000000000000366e+27,4.2400000000000366e+27,1.4e+26,2e+25,1.6630013110436768e+26,0.0
31577.36111111111,336.0017369904517,4.579999999999996e+27,9.900000000000011e+26,3.4299999999999947e+27,1.1e+26,5e+25,4.3100000000000344e+27,4.1500000000000344e+27,1e+26,6e+25,1.675493377981193e+26,0.0
31581.25,337.00123886718666,4.179999999999998e+27,1.020000000000001e+27,3.029999999999996e+27,8e+25,5e+25,4.210000000000032e+27,4.0600000000000323e+27,1.3e+26,2e+25,1.6875839089235974e+26,0.0
31585.13888888889,338.00310598425676,4.069999999999997e+27,1.0100000000000014e+27,2.909999999999996e+27,1.1000000000000002e+26,4e+25,4.2900000000000345e+27,4.1500000000000344e+27,1.1e+26,3.0000000000000005e+25,1.6992716000764335e+26,0.0
31589.0,339.00006221519834,4.169999999999996e+27,9.300000000000011e+26,3.129999999999995e+27,6.000000000000001e+25,5e+25,4.3000000000000336e+27,4.1100000000000335e+27,1.7e+26,2e+25,1.7104664146621073e+26,0.0
31592.88888888889,340.0063621133595,4.539999999999996e+27,1.0400000000000011e+27,3.3799999999999946e+27,8e+25,4e+25,4.220000000000033e+27,4.0700000000000325e+27,1.2e+26,3.0000000000000005e+25,1.7213519213516105e+26,0.0
31596.722222222223,341.0003322075527,3.7599999999999976e+27,9.000000000000009e+26,2.7499999999999965e+27,6.000000000000001e+25,5e+25,4.4400000000000375e+27,4.290000000000038e+27,1.3e+26,2e+25,1.7316060765580373e+26,0.0
31600.583333333332,342.00345887512685,3.8899999999999974e+27,8.90000000000001e+26,2.8099999999999963e+27,1.4000000000000002e+26,5e+25,4.310000000000035e+27,4.170000000000035e+27,1.2e+26,2e+25,1.7415271183949353e+26,0.0
31604.416666666668,343.00122255380666,4.6199999999999956e+27,9.40000000000001e+26,3.479999999999994e+27,1.5000000000000002e+26,5e+25,4.240000000000033e+27,4.0700000000000325e+27,1.7e+26,0.0,1.7508813042516616e+26,0.0
31608.25,344.0007313196338,4.469999999999995e+27,8.700000000000008e+26,3.409999999999994e+27,1.4000000000000002e+26,5e+25,4.3500000000000376e+27,4.2800000000000375e+27,7e+25,0.0,1.7597839589215005e+26,0.0
31612.083333333332,345.00189696495,4.5499999999999956e+27,1.0200000000000012e+27,3.3699999999999943e+27,1.1e+26,5e+25,4.150000000000031e+27,4.0200000000000313e+27,1.1e+26,2e+25,1.7682258718486316e+26,0.0
31615.916666666668,346.00461469975653,4.859999999999995e+27,1.0300000000000013e+27,3.6399999999999936e+27,1.4000000000000002e+26,5e+25,4.290000000000034e+27,4.130000000000034e+27,1.4e+26,2e+25,1.776163977137217e+26,0.0
31619.722222222223,347.0015107094132,4.309999999999996e+27,9.200000000000008e+26,3.249999999999995e+27,9e+25,5e+25,4.4400000000000375e+27,4.2800000000000375e+27,1.3e+26,3.0000000000000005e+25,1.7835234731974272e+26,0.0
31623.555555555555,348.00703403075477,4.4899999999999953e+27,9.30000000000001e+26,3.409999999999994e+27,1e+26,5e+25,4.5200000000000405e+27,4.4000000000000404e+27,9e+25,3.0000000000000005e+25,1.7904533666140272e+26,0.0
31627.36111111111,349.00651691652183,4.749999999999996e+27,1.1600000000000011e+27,3.4299999999999947e+27,1.1e+26,5e+25,4.780000000000046e+27,4.640000000000046e+27,1e+26,4e+25,1.7967994655987808e+26,0.0
31631.166666666668,350.00713744894983,4.389999999999996e+27,9.50000000000001e+26,3.239999999999995e+27,1.5000000000000002e+26,5e+25,4.880000000000048e+27,4.7300000000000483e+27,1.3e+26,2e+25,1.802617506509639e+26,0.0
31634.944444444445,351.00148032665766,4.809999999999994e+27,1.0700000000000007e+27,3.6499999999999933e+27,5.000000000000001e+25,4e+25,4.590000000000043e+27,4.4800000000000423e+27,1e+26,1e+25,1.8078967690138986e+26,0.0
31638.75,352.0040695794505,4.999999999999994e+27,1.0400000000000011e+27,3.809999999999993e+27,1e+26,5e+25,4.400000000000039e+27,4.3200000000000385e+27,8e+25,0.0,1.8126338141096847e+26,0.0
31642.527777777777,353.0001651546045,4.949999999999995e+27,1.0600000000000014e+27,3.7099999999999937e+27,1.3e+26,5e+25,4.600000000000041e+27,4.430000000000041e+27,1.3e+26,4e+25,1.816834541076616e+26,0.0
31646.333333333332,354.00431516351546,4.6199999999999956e+27,1.1500000000000009e+27,3.319999999999995e+27,1e+26,5e+25,4.3400000000000346e+27,4.1600000000000347e+27,1.5e+26,3.0000000000000005e+25,1.8204859452145794e+26,0.0
31650.11111111111,355.00175583375767,4.509999999999996e+27,9.300000000000011e+26,3.4299999999999947e+27,1e+26,5e+25,4.560000000000041e+27,4.4100000000000406e+27,1.4e+26,1e+25,1.8235774620017445e+26,0.0
31653.916666666668,356.0070532198297,4.599999999999995e+27,9.20000000000001e+26,3.519999999999994e+27,1.1e+26,5e+25,4.51000000000004e+27,4.38000000000004e+27,1.1e+26,2e+25,1.8261137163036067e+26,0.0
31657.694444444445,357.0054281335515,4.759999999999995e+27,9.700000000000012e+26,3.669999999999994e+27,7.000000000000001e+25,5e+25,4.6700000000000447e+27,4.5700000000000445e+27,8e+25,2e+25,1.8281019678067147e+26,0.0
31661.472222222223,358.0041127706427,4.669999999999994e+27,9.500000000000007e+26,3.6099999999999935e+27,6.000000000000001e+25,5e+25,4.970000000000048e+27,4.720000000000048e+27,2.4e+26,1e+25,1.8295038193162338e+26,0.0
31665.25,359.00300424174475,4.7799999999999956e+27,1.0200000000000013e+27,3.589999999999994e+27,1.2e+26,5e+25,4.9500000000000486e+27,4.750000000000049e+27,1.8e+26,2e+25,1.8303512425243244e+26,0.0
