Time_hours,TAA,Exosphere_Total,Surface_Total,Gen_Total,Gen_PSD,Gen_TD,Gen_SWS,Gen_MMV,Loss_Total,Loss_Stuck,Loss_Ionized,Loss_Escaped,Supply_Internal,Trans_Inward
29557.777777777777,0.004613984076968336,2.068e+28,4.487263186328997e+31,2.020999999999998e+28,1.8879999999999977e+28,0.0,9.800000000000001e+26,3.5e+26,2.0930000000000026e+28,2.0070000000000024e+28,7.400000000000001e+26,1.2e+26,1.2813938826112553e+27,0.0
29561.555555555555,1.0035978740661449,2.0630000000000003e+28,4.488999399587657e+31,3.960299999999996e+29,3.754399999999996e+29,0.0,1.38e+28,6.78999999999999e+27,3.960800000000006e+29,3.8095000000000005e+29,1.2830000000000003e+28,2.299999999999999e+27,2.4894453216448845e+28,0.0
29565.333333333332,2.0024777896696833,2.1380000000000002e+28,4.490141228088468e+31,3.917899999999995e+29,3.709699999999996e+29,0.0,1.4039999999999993e+28,6.77999999999999e+27,3.910400000000003e+29,3.752800000000002e+29,1.357e+28,2.1899999999999988e+27,2.488670602747906e+28,0.0
29569.11111111111,3.001149752583842,2.1000000000000003e+28,4.491828124685604e+31,3.972599999999998e+29,3.760699999999997e+29,0.0,1.4399999999999997e+28,6.78999999999999e+27,3.976400000000004e+29,3.8089000000000055e+29,1.4359999999999996e+28,2.389999999999998e+27,2.4871245505938524e+28,0.0
29572.916666666668,4.006850565499008,2.058e+28,4.493360343626045e+31,3.973799999999997e+29,3.758099999999993e+29,0.0,1.4760000000000001e+28,6.80999999999999e+27,3.978000000000003e+29,3.8179000000000035e+29,1.3399999999999997e+28,2.6099999999999987e+27,2.5030922725694004e+28,0.0
29576.694444444445,5.004794939285603,2.0370000000000004e+28,4.495124020418481e+31,3.968099999999997e+29,3.763299999999995e+29,0.0,1.3699999999999997e+28,6.779999999999991e+27,3.970200000000006e+29,3.816600000000003e+29,1.3179999999999998e+28,2.1799999999999988e+27,2.4817388748696293e+28,0.0
29580.472222222223,6.002221622954494,2.073e+28,4.496617026679198e+31,3.946799999999995e+29,3.741899999999995e+29,0.0,1.3709999999999998e+28,6.779999999999991e+27,3.943200000000002e+29,3.784200000000003e+29,1.344999999999999e+28,2.449999999999999e+27,2.47791299120634e+28,0.0
29584.277777777777,7.006355805322528,2.132e+28,4.498291284828729e+31,4.012599999999995e+29,3.794399999999995e+29,0.0,1.5009999999999992e+28,6.80999999999999e+27,4.0067000000000036e+29,3.842700000000005e+29,1.3749999999999994e+28,2.649999999999999e+27,2.4914953557053713e+28,0.0
29588.055555555555,8.002435972621242,2.1210000000000004e+28,4.500239755903325e+31,3.990199999999997e+29,3.781199999999993e+29,0.0,1.4149999999999986e+28,6.74999999999999e+27,3.9913000000000044e+29,3.831700000000005e+29,1.3609999999999994e+28,2.3499999999999974e+27,2.4679726486300197e+28,0.0
29591.86111111111,9.005008106069909,2.114e+28,4.5017589219045055e+31,3.966099999999997e+29,3.757999999999994e+29,0.0,1.3999999999999994e+28,6.80999999999999e+27,3.966800000000004e+29,3.8148000000000025e+29,1.243e+28,2.7699999999999987e+27,2.479983468077559e+28,0.0
29595.666666666668,10.006642251123594,2.0900000000000004e+28,4.503465043851241e+31,3.995299999999997e+29,3.781499999999994e+29,0.0,1.4579999999999998e+28,6.79999999999999e+27,3.9977000000000056e+29,3.836100000000003e+29,1.339e+28,2.769999999999999e+27,2.4730849120901242e+28,0.0
29599.472222222223,11.007237818787871,2.0539999999999998e+28,4.5048365522381375e+31,3.963199999999998e+29,3.754699999999994e+29,0.0,1.401999999999999e+28,6.829999999999989e+27,3.9668000000000036e+29,3.798100000000002e+29,1.3959999999999993e+28,2.9100000000000004e+27,2.465447699856506e+28,0.0
29603.277777777777,12.006691724029224,2.0870000000000004e+28,4.50629383847098e+31,3.970399999999997e+29,3.754099999999998e+29,0.0,1.4849999999999997e+28,6.77999999999999e+27,3.967100000000002e+29,3.806300000000003e+29,1.3170000000000001e+28,2.9099999999999987e+27,2.457099883898094e+28,0.0
29607.083333333332,13.004907008396003,2.1420000000000006e+28,4.507786785769546e+31,3.9743e+29,3.766599999999993e+29,0.0,1.4050000000000005e+28,6.71999999999999e+27,3.9688e+29,3.807800000000005e+29,1.3009999999999997e+28,3.0899999999999997e+27,2.448027060626874e+28,0.0
29610.88888888889,14.001781400720574,2.1060000000000004e+28,4.5091960231817365e+31,3.9488999999999984e+29,3.7318999999999945e+29,0.0,1.4949999999999988e+28,6.74999999999999e+27,3.9525000000000014e+29,3.7949000000000025e+29,1.2600000000000005e+28,3.160000000000001e+27,2.4382512039513673e+28,0.0
29614.722222222223,15.00448100761787,2.031e+28,4.510953431726446e+31,4.011399999999995e+29,3.798799999999995e+29,0.0,1.442e+28,6.83999999999999e+27,4.018900000000003e+29,3.8506000000000024e+29,1.3620000000000002e+28,3.210000000000002e+27,2.4454826412914868e+28,0.0
29618.555555555555,16.00562305434778,2.0930000000000004e+28,4.5126429388791515e+31,4.0107999999999946e+29,3.798599999999998e+29,0.0,1.4480000000000003e+28,6.73999999999999e+27,4.0046e+29,3.841800000000003e+29,1.316e+28,3.120000000000001e+27,2.4341933588153768e+28,0.0
29622.38888888889,17.005112599375934,2.048e+28,4.514196178826537e+31,3.985199999999997e+29,3.780999999999995e+29,0.0,1.3670000000000003e+28,6.74999999999999e+27,3.989700000000004e+29,3.8242000000000026e+29,1.3230000000000002e+28,3.32e+27,2.422230700220615e+28,0.0
29626.222222222223,18.00285225893549,2.0690000000000003e+28,4.515663855381062e+31,3.985899999999998e+29,3.771499999999996e+29,0.0,1.466e+28,6.77999999999999e+27,3.983800000000004e+29,3.818500000000002e+29,1.2870000000000004e+28,3.660000000000003e+27,2.4096099629423675e+28,0.0
29630.083333333332,19.005959042609902,2.0810000000000004e+28,4.517383994635738e+31,4.0248e+29,3.807499999999997e+29,0.0,1.4860000000000005e+28,6.869999999999989e+27,4.023600000000007e+29,3.856400000000004e+29,1.3040000000000002e+28,3.680000000000002e+27,2.413664169920789e+28,0.0
29633.944444444445,20.007098782366484,2.1110000000000005e+28,4.518512937279554e+31,3.959499999999996e+29,3.752199999999994e+29,0.0,1.391e+28,6.819999999999988e+27,3.9564999999999995e+29,3.793499999999999e+29,1.262e+28,3.6800000000000006e+27,2.3995861130547145e+28,0.0
29637.805555555555,21.006181921215102,2.1110000000000005e+28,4.519740619820153e+31,3.972399999999998e+29,3.766599999999994e+29,0.0,1.3779999999999994e+28,6.79999999999999e+27,3.972400000000001e+29,3.7991000000000005e+29,1.2859999999999997e+28,4.470000000000002e+27,2.384896549729674e+28,0.0
29641.666666666668,22.00311353141751,1.9470000000000001e+28,4.521159927907775e+31,3.966999999999996e+29,3.7601999999999955e+29,0.0,1.388e+28,6.79999999999999e+27,3.9834e+29,3.807400000000001e+29,1.325e+28,4.3499999999999996e+27,2.3696020732180266e+28,0.0
29645.555555555555,23.004953424037012,2.0800000000000005e+28,4.522426266369205e+31,4.0018999999999945e+29,3.787999999999996e+29,0.0,1.4529999999999999e+28,6.859999999999989e+27,3.9885999999999984e+29,3.8140000000000006e+29,1.2819999999999998e+28,4.640000000000001e+27,2.370610975447727e+28,0.0
29649.444444444445,24.00443394508602,1.995e+28,4.523775177079752e+31,3.981799999999999e+29,3.769499999999993e+29,0.0,1.4499999999999992e+28,6.72999999999999e+27,3.9902999999999996e+29,3.812799999999999e+29,1.2939999999999998e+28,4.810000000000005e+27,2.3539512158978996e+28,0.0
29653.333333333332,25.001460617982048,1.9349999999999998e+28,4.525247615156503e+31,3.9868999999999945e+29,3.777899999999996e+29,0.0,1.4150000000000002e+28,6.74999999999999e+27,3.992900000000001e+29,3.816000000000003e+29,1.2429999999999998e+28,5.26e+27,2.3367496727600288e+28,0.0
29657.25,26.003048653217775,2.0470000000000003e+28,4.526226550511844e+31,3.967799999999996e+29,3.758199999999996e+29,0.0,1.421e+28,6.74999999999999e+27,3.956599999999998e+29,3.7839e+29,1.2110000000000006e+28,5.160000000000003e+27,2.335532618013715e+28,0.0
29661.166666666668,27.0019799175343,2.012e+28,4.527286879574128e+31,3.956899999999996e+29,3.748399999999995e+29,0.0,1.4029999999999994e+28,6.819999999999991e+27,3.960399999999997e+29,3.7815e+29,1.2040000000000002e+28,5.850000000000003e+27,2.317045920836709e+28,0.0
29665.11111111111,28.00522643509339,1.956e+28,4.528354863600256e+31,3.967499999999995e+29,3.755299999999995e+29,0.0,1.4409999999999996e+28,6.80999999999999e+27,3.9731e+29,3.7968e+29,1.1700000000000004e+28,5.930000000000004e+27,2.3142956524042085e+28,0.0
29669.055555555555,29.005606455742054,1.973e+28,4.529581812849777e+31,3.984999999999997e+29,3.776599999999996e+29,0.0,1.3979999999999995e+28,6.859999999999989e+27,3.983299999999999e+29,3.802999999999996e+29,1.191000000000001e+28,6.120000000000006e+27,2.2945904336425105e+28,0.0
29673.0,30.003044531214073,1.889e+28,4.530535791654691e+31,3.926999999999996e+29,3.719699999999995e+29,0.0,1.3910000000000005e+28,6.819999999999988e+27,3.9354e+29,3.762599999999995e+29,1.1240000000000003e+28,6.040000000000003e+27,2.2744236354308634e+28,0.0
29676.972222222223,31.0044533078526,1.9440000000000001e+28,4.531240187324407e+31,3.938799999999994e+29,3.725199999999994e+29,0.0,1.4519999999999996e+28,6.83999999999999e+27,3.933299999999997e+29,3.747399999999998e+29,1.1790000000000004e+28,6.800000000000002e+27,2.2696242183626244e+28,0.0
29680.944444444445,32.00271981885089,2.008e+28,4.532426973140322e+31,3.974999999999997e+29,3.758599999999996e+29,0.0,1.491e+28,6.729999999999989e+27,3.968599999999998e+29,3.783499999999997e+29,1.1399999999999993e+28,7.11e+27,2.2483385774603285e+28,0.0
29684.944444444445,33.00471602220841,1.9289999999999998e+28,4.5337951367134765e+31,3.9865999999999966e+29,3.785099999999996e+29,0.0,1.3370000000000004e+28,6.77999999999999e+27,3.9945e+29,3.8171999999999966e+29,1.0620000000000002e+28,7.110000000000005e+27,2.2421667484188836e+28,0.0
29688.944444444445,34.003375284204594,1.917e+28,4.534543663224506e+31,3.916499999999997e+29,3.710499999999996e+29,0.0,1.3849999999999989e+28,6.749999999999992e+27,3.9176999999999965e+29,3.737099999999997e+29,1.0889999999999995e+28,7.170000000000004e+27,2.2198262135068545e+28,0.0
29692.972222222223,35.00552557374431,1.831e+28,4.535386988775118e+31,3.9353999999999954e+29,3.7301999999999976e+29,0.0,1.3650000000000002e+28,6.869999999999989e+27,3.943999999999996e+29,3.7574999999999966e+29,1.0910000000000003e+28,7.740000000000002e+27,2.212323915585277e+28,0.0
29697.0,36.00414959593218,1.844e+28,4.536303620491232e+31,3.936899999999995e+29,3.7228999999999944e+29,0.0,1.4549999999999996e+28,6.849999999999991e+27,3.935599999999999e+29,3.7521999999999966e+29,1.0580000000000006e+28,7.760000000000003e+27,2.1890084607993725e+28,0.0
29701.055555555555,37.00602931426238,1.871e+28,4.536987977738021e+31,3.9151999999999954e+29,3.7101999999999955e+29,0.0,1.3679999999999997e+28,6.81999999999999e+27,3.912499999999997e+29,3.730799999999994e+29,1.0340000000000004e+28,7.830000000000002e+27,2.180253776087581e+28,0.0
29705.11111111111,38.00419875568241,1.8789999999999998e+28,4.537906616197644e+31,3.9323999999999944e+29,3.727299999999995e+29,0.0,1.3719999999999987e+28,6.78999999999999e+27,3.931599999999995e+29,3.740899999999997e+29,1.0699999999999995e+28,8.370000000000002e+27,2.1560462369223156e+28,0.0
29709.194444444445,39.005386379531956,1.8039999999999998e+28,4.538790198960981e+31,3.924599999999995e+29,3.717599999999998e+29,0.0,1.384999999999999e+28,6.84999999999999e+27,3.932099999999998e+29,3.744799999999997e+29,1.0450000000000002e+28,8.280000000000001e+27,2.146104403357422e+28,0.0
29713.277777777777,40.00268691729707,1.794e+28,4.5397398870300765e+31,3.917199999999993e+29,3.7104999999999976e+29,0.0,1.3839999999999995e+28,6.829999999999989e+27,3.918199999999994e+29,3.7334999999999964e+29,1.022e+28,8.250000000000001e+27,2.121086191621557e+28,0.0
29717.38888888889,41.0027849822809,1.753e+28,4.540590963971504e+31,3.9101999999999954e+29,3.710199999999997e+29,0.0,1.3280000000000001e+28,6.71999999999999e+27,3.914299999999993e+29,3.733499999999995e+29,9.900000000000002e+27,8.180000000000003e+27,2.110033811864055e+28,0.0
29721.527777777777,42.005535486106965,1.848e+28,4.541654099072569e+31,3.947299999999995e+29,3.744999999999995e+29,0.0,1.3329999999999992e+28,6.899999999999988e+27,3.937799999999997e+29,3.757199999999994e+29,1.0000000000000006e+28,8.059999999999998e+27,2.098286239392119e+28,0.0
29725.666666666668,43.00411472425367,1.749e+28,4.542450435030861e+31,3.885799999999995e+29,3.679399999999997e+29,0.0,1.3889999999999992e+28,6.749999999999993e+27,3.895699999999994e+29,3.712699999999996e+29,9.910000000000003e+27,8.390000000000003e+27,2.0720444769436077e+28,0.0
29729.833333333332,44.005128244846674,1.6990000000000001e+28,4.543220582805822e+31,3.896799999999995e+29,3.6832999999999965e+29,0.0,1.4459999999999995e+28,6.88999999999999e+27,3.901799999999996e+29,3.717299999999993e+29,9.940000000000004e+27,8.509999999999997e+27,2.0593079698197053e+28,0.0
29734.0,45.001806313835914,1.714e+28,4.544337172464986e+31,3.919799999999996e+29,3.709699999999994e+29,0.0,1.396e+28,7.049999999999985e+27,3.918299999999996e+29,3.7321999999999945e+29,9.940000000000004e+27,8.670000000000006e+27,2.0324728441787057e+28,0.0
29738.194444444445,46.00070392554244,1.72e+28,4.544992350475604e+31,3.8734999999999964e+29,3.672999999999998e+29,0.0,1.3209999999999991e+28,6.839999999999988e+27,3.872899999999993e+29,3.6898999999999955e+29,9.619999999999998e+27,8.68e+27,2.0188347126044215e+28,0.0
29742.416666666668,47.00168539260085,1.698e+28,4.545908172096822e+31,3.898599999999997e+29,3.690999999999995e+29,0.0,1.386e+28,6.89999999999999e+27,3.900799999999993e+29,3.7185999999999964e+29,9.34e+27,8.88e+27,2.004594623711283e+28,0.0
29746.666666666668,48.004611567426764,1.635e+28,4.546711499842326e+31,3.883399999999998e+29,3.682099999999996e+29,0.0,1.3329999999999998e+28,6.79999999999999e+27,3.889699999999994e+29,3.711799999999992e+29,9.260000000000001e+27,8.530000000000003e+27,1.9897776747444604e+28,0.0
29750.916666666668,49.00284454740995,1.733e+28,4.547547080022373e+31,3.8812999999999925e+29,3.688099999999997e+29,0.0,1.2549999999999998e+28,6.769999999999991e+27,3.871499999999993e+29,3.6934999999999936e+29,8.950000000000002e+27,8.850000000000005e+27,1.9616676379706677e+28,0.0
29755.194444444445,50.002822641674356,1.6830000000000002e+28,4.548377678185586e+31,3.862699999999996e+29,3.662599999999997e+29,0.0,1.3119999999999997e+28,6.889999999999988e+27,3.867699999999994e+29,3.695299999999995e+29,8.950000000000002e+27,8.289999999999999e+27,1.9461192774969978e+28,0.0
29759.5,51.004414351022206,1.6740000000000001e+28,4.549166656657251e+31,3.8741999999999984e+29,3.667999999999996e+29,0.0,1.3829999999999996e+28,6.78999999999999e+27,3.875099999999994e+29,3.6945999999999935e+29,8.790000000000001e+27,9.260000000000004e+27,1.9300492535042192e+28,0.0
29763.805555555555,52.00107477755773,1.6850000000000001e+28,4.550135013236396e+31,3.8715999999999974e+29,3.6689999999999964e+29,0.0,1.3390000000000003e+28,6.869999999999987e+27,3.870499999999994e+29,3.6886999999999964e+29,9.290000000000004e+27,8.889999999999993e+27,1.9013179886405623e+28,0.0
29768.166666666668,53.00553487950492,1.632e+28,4.550949374666975e+31,3.869199999999997e+29,3.6708999999999996e+29,0.0,1.2999999999999999e+28,6.82999999999999e+27,3.874499999999993e+29,3.701699999999993e+29,8.660000000000003e+27,8.620000000000002e+27,1.896633912829579e+28,0.0
29772.527777777777,54.004874866488535,1.697e+28,4.551994571559161e+31,3.875799999999996e+29,3.6767999999999974e+29,0.0,1.3009999999999995e+28,6.889999999999988e+27,3.8692999999999956e+29,3.6991999999999935e+29,8.18e+27,8.829999999999997e+27,1.8673530528442886e+28,0.0
29776.916666666668,55.005382798110986,1.61e+28,4.55257013033116e+31,3.821999999999996e+29,3.6296999999999984e+29,0.0,1.2429999999999996e+28,6.799999999999991e+27,3.830699999999994e+29,3.651299999999993e+29,8.789999999999999e+27,9.150000000000004e+27,1.8498082127803364e+28,0.0
29781.305555555555,56.00065394897865,1.5830000000000002e+28,4.553181429655506e+31,3.8022999999999994e+29,3.597199999999999e+29,0.0,1.3749999999999988e+28,6.759999999999991e+27,3.8049999999999934e+29,3.633799999999992e+29,8.029999999999998e+27,9.09e+27,1.8204325702393904e+28,0.0
29785.75,57.00316668173491,1.5630000000000002e+28,4.553878607002489e+31,3.835699999999999e+29,3.6448e+29,0.0,1.214e+28,6.949999999999989e+27,3.8376999999999944e+29,3.663299999999994e+29,8.790000000000004e+27,8.650000000000004e+27,1.8137160792657494e+28,0.0
29790.194444444445,58.00026458011598,1.603e+28,4.554366971166434e+31,3.7993999999999984e+29,3.5982999999999965e+29,0.0,1.3219999999999996e+28,6.889999999999988e+27,3.795399999999995e+29,3.620199999999995e+29,8.540000000000001e+27,8.979999999999998e+27,1.7839673841336046e+28,0.0
29794.694444444445,59.00429795129003,1.5389999999999998e+28,4.5550487461423215e+31,3.8325e+29,3.636899999999997e+29,0.0,1.2619999999999993e+28,6.939999999999987e+27,3.838899999999996e+29,3.663799999999991e+29,8.56e+27,8.949999999999999e+27,1.7761878115185886e+28,0.0
29799.194444444445,60.0027540685569,1.5229999999999999e+28,4.555747434246604e+31,3.807700000000001e+29,3.612999999999997e+29,0.0,1.269e+28,6.779999999999987e+27,3.8092999999999956e+29,3.636299999999993e+29,8.489999999999999e+27,8.809999999999998e+27,1.7461540893649218e+28,0.0
29803.722222222223,61.00173500668643,1.425e+28,4.5568384567769445e+31,3.832299999999998e+29,3.637999999999996e+29,0.0,1.2540000000000002e+28,6.889999999999987e+27,3.842099999999995e+29,3.677199999999991e+29,8.010000000000005e+27,8.479999999999998e+27,1.7268917566378283e+28,0.0
29808.277777777777,62.00112468513362,1.4919999999999999e+28,4.5574082515167965e+31,3.7925999999999965e+29,3.594099999999998e+29,0.0,1.297e+28,6.879999999999989e+27,3.7858999999999925e+29,3.620499999999989e+29,8.220000000000002e+27,8.320000000000003e+27,1.7073498136689295e+28,0.0
29812.86111111111,63.00081937842879,1.532e+28,4.557591205635238e+31,3.7558e+29,3.552799999999999e+29,0.0,1.3419999999999997e+28,6.879999999999988e+27,3.7517999999999924e+29,3.580699999999993e+29,7.950000000000001e+27,9.160000000000001e+27,1.687571798957833e+28,0.0
29817.472222222223,64.00070868425337,1.46e+28,4.558255936249975e+31,3.7895999999999955e+29,3.5937999999999964e+29,0.0,1.2749999999999999e+28,6.82999999999999e+27,3.796799999999994e+29,3.627399999999993e+29,7.880000000000002e+27,9.060000000000001e+27,1.667559072657068e+28,0.0
29822.11111111111,65.00068511882,1.4430000000000002e+28,4.5585745424674865e+31,3.750599999999998e+29,3.5498999999999956e+29,0.0,1.3229999999999995e+28,6.839999999999989e+27,3.752299999999993e+29,3.5827999999999916e+29,7.760000000000002e+27,9.190000000000003e+27,1.6473524880211725e+28,0.0
29826.777777777777,66.00064637813011,1.457e+28,4.559235516546625e+31,3.801899999999996e+29,3.603099999999996e+29,0.0,1.3069999999999987e+28,6.809999999999989e+27,3.800499999999992e+29,3.6265999999999925e+29,8.580000000000002e+27,8.809999999999997e+27,1.626958757365235e+28,0.0
29831.472222222223,67.00049104378922,1.4400000000000002e+28,4.559698793330243e+31,3.765599999999998e+29,3.566399999999995e+29,0.0,1.307e+28,6.849999999999989e+27,3.7672999999999895e+29,3.600799999999992e+29,8.1e+27,8.550000000000003e+27,1.6064104969646238e+28,0.0
29836.194444444445,68.00012067072475,1.476e+28,4.56016717499988e+31,3.7743999999999984e+29,3.5763999999999946e+29,0.0,1.2939999999999987e+28,6.859999999999988e+27,3.770799999999991e+29,3.605599999999991e+29,7.869999999999999e+27,8.65e+27,1.5857216013836384e+28,0.0
29840.972222222223,69.00526629947035,1.407e+28,4.560907029345047e+31,3.8065999999999946e+29,3.609299999999998e+29,0.0,1.2829999999999999e+28,6.899999999999989e+27,3.8134999999999915e+29,3.650099999999993e+29,7.530000000000005e+27,8.81e+27,1.5739839264106226e+28,0.0
29845.75,70.00414846010699,1.37e+28,4.561678189669424e+31,3.794199999999999e+29,3.593099999999997e+29,0.0,1.3229999999999995e+28,6.879999999999989e+27,3.797899999999992e+29,3.6363999999999925e+29,7.709999999999999e+27,8.439999999999996e+27,1.5438461102561317e+28,0.0
29850.555555555555,71.00253102739589,1.469e+28,4.562275789676259e+31,3.789399999999995e+29,3.594499999999997e+29,0.0,1.2649999999999998e+28,6.83999999999999e+27,3.779499999999991e+29,3.6160999999999926e+29,7.560000000000003e+27,8.779999999999999e+27,1.5228745473301565e+28,0.0
29855.38888888889,72.00033255760445,1.493e+28,4.5630746016763205e+31,3.808699999999997e+29,3.6051999999999976e+29,0.0,1.3459999999999993e+28,6.889999999999991e+27,3.806299999999992e+29,3.637699999999994e+29,8.069999999999995e+27,8.790000000000002e+27,1.501850590336281e+28,0.0
29860.277777777777,73.00314130991956,1.4090000000000001e+28,4.563688961053214e+31,3.800199999999998e+29,3.602199999999999e+29,0.0,1.2909999999999992e+28,6.889999999999991e+27,3.808599999999991e+29,3.634099999999993e+29,7.960000000000002e+27,9.490000000000006e+27,1.4891682467004964e+28,0.0
29865.194444444445,74.0051264018839,1.378e+28,4.564128947070811e+31,3.7823999999999966e+29,3.5824e+29,0.0,1.312e+28,6.87999999999999e+27,3.785499999999994e+29,3.622399999999993e+29,7.330000000000002e+27,8.979999999999999e+27,1.4677555427936802e+28,0.0
29870.11111111111,75.00059929960116,1.382e+28,4.564905832392301e+31,3.8003999999999975e+29,3.607799999999999e+29,0.0,1.2459999999999996e+28,6.799999999999993e+27,3.799999999999991e+29,3.633999999999992e+29,7.809999999999999e+27,8.790000000000002e+27,1.4383071535560203e+28,0.0
29875.083333333332,76.00072599319174,1.378e+28,4.5648343168268865e+31,3.722999999999998e+29,3.5303e+29,0.0,1.239e+28,6.879999999999992e+27,3.723399999999994e+29,3.564699999999994e+29,7.17e+27,8.7e+27,1.4251409623339223e+28,0.0
29880.11111111111,77.00532652080892,1.391e+28,4.565217055063995e+31,3.790599999999996e+29,3.5932000000000014e+29,0.0,1.2889999999999997e+28,6.849999999999993e+27,3.789299999999992e+29,3.6312999999999925e+29,7.28e+27,8.519999999999998e+27,1.411521550667508e+28,0.0
29885.13888888889,78.00322421159217,1.2930000000000002e+28,4.565963086639182e+31,3.7942999999999984e+29,3.5970999999999995e+29,0.0,1.2920000000000001e+28,6.799999999999997e+27,3.804099999999994e+29,3.645699999999994e+29,7.460000000000001e+27,8.380000000000004e+27,1.3823706502956565e+28,0.0
29890.222222222223,79.00537633706335,1.347e+28,4.566514341036746e+31,3.808299999999998e+29,3.612599999999999e+29,0.0,1.2710000000000002e+28,6.859999999999996e+27,3.802899999999991e+29,3.642399999999992e+29,7.529999999999999e+27,8.519999999999999e+27,1.3685859809480716e+28,0.0
29895.305555555555,80.00076723960683,1.377e+28,4.567047364782093e+31,3.780899999999996e+29,3.590099999999999e+29,0.0,1.2279999999999997e+28,6.799999999999996e+27,3.777899999999992e+29,3.6201999999999934e+29,7.459999999999996e+27,8.310000000000003e+27,1.3399278628914727e+28,0.0
29900.444444444445,81.00021328628645,1.2709999999999998e+28,4.5676812211187625e+31,3.7933999999999985e+29,3.601500000000002e+29,0.0,1.2319999999999994e+28,6.869999999999996e+27,3.8039999999999956e+29,3.648199999999993e+29,6.94e+27,8.640000000000002e+27,1.3260311379432509e+28,0.0
29905.63888888889,82.00353314367294,1.294e+28,4.568098693303201e+31,3.808899999999998e+29,3.605100000000001e+29,0.0,1.3540000000000002e+28,6.840000000000001e+27,3.8065999999999896e+29,3.645199999999994e+29,7.660000000000002e+27,8.48e+27,1.311802741961358e+28,0.0
29910.86111111111,83.00525874460982,1.349e+28,4.568439651090077e+31,3.789700000000001e+29,3.5964999999999996e+29,0.0,1.2479999999999997e+28,6.839999999999999e+27,3.784199999999993e+29,3.631199999999994e+29,7.060000000000005e+27,8.240000000000001e+27,1.290486917167603e+28,0.0
29916.083333333332,84.00005947128193,1.251e+28,4.568685454779256e+31,3.7477e+29,3.559699999999999e+29,0.0,1.205999999999999e+28,6.739999999999999e+27,3.7574999999999944e+29,3.600999999999994e+29,7.800000000000002e+27,7.850000000000005e+27,1.2626821397334408e+28,0.0
29921.38888888889,85.00369947759827,1.3430000000000002e+28,4.5690126452859e+31,3.818799999999999e+29,3.6216999999999974e+29,0.0,1.2690000000000005e+28,7.019999999999999e+27,3.809599999999995e+29,3.652299999999996e+29,7.279999999999997e+27,8.450000000000003e+27,1.2549894329851519e+28,0.0
29926.694444444445,86.00031383804162,1.2579999999999999e+28,4.569592964792976e+31,3.8130000000000014e+29,3.6171999999999994e+29,0.0,1.2679999999999991e+28,6.900000000000001e+27,3.821499999999993e+29,3.6657999999999926e+29,7.280000000000003e+27,8.29e+27,1.2275556614945082e+28,0.0
29932.055555555555,87.00029284598168,1.344e+28,4.569802965257077e+31,3.805399999999999e+29,3.613000000000003e+29,0.0,1.2359999999999992e+28,6.88e+27,3.7967999999999924e+29,3.642999999999992e+29,7.330000000000004e+27,8.050000000000002e+27,1.2131805365429406e+28,0.0
29937.472222222223,88.00348455375752,1.288e+28,4.570221906614953e+31,3.847700000000001e+29,3.6474999999999966e+29,0.0,1.308999999999999e+28,6.930000000000004e+27,3.853299999999998e+29,3.693899999999998e+29,6.980000000000006e+27,8.960000000000005e+27,1.1986053018830604e+28,0.0
29942.916666666668,89.00464595278572,1.262e+28,4.570650268513061e+31,3.834700000000002e+29,3.641200000000001e+29,0.0,1.2359999999999992e+28,6.989999999999998e+27,3.837299999999995e+29,3.6870999999999945e+29,6.630000000000005e+27,8.390000000000001e+27,1.177907135097703e+28,0.0
29948.38888888889,90.00374751841355,1.2310000000000002e+28,4.571292456511888e+31,3.8626e+29,3.665100000000001e+29,0.0,1.277e+28,6.980000000000002e+27,3.8656999999999926e+29,3.7145999999999956e+29,7.020000000000005e+27,8.090000000000006e+27,1.1574542569815752e+28,0.0
29953.88888888889,91.00075155739069,1.1930000000000002e+28,4.57167560608019e+31,3.842100000000001e+29,3.648000000000003e+29,0.0,1.2569999999999998e+28,6.840000000000004e+27,3.8458999999999946e+29,3.695799999999997e+29,6.910000000000005e+27,8.100000000000005e+27,1.1372549066848129e+28,0.0
29959.444444444445,92.00061366183581,1.2609999999999999e+28,4.571825573983677e+31,3.845799999999999e+29,3.6491000000000006e+29,0.0,1.279e+28,6.880000000000004e+27,3.8389999999999935e+29,3.6881999999999944e+29,7.010000000000001e+27,8.070000000000006e+27,1.1228658236002005e+28,0.0
29965.055555555555,93.00319064866017,1.3210000000000002e+28,4.572586003139448e+31,3.925900000000001e+29,3.725100000000003e+29,0.0,1.3119999999999988e+28,6.960000000000003e+27,3.9198999999999934e+29,3.771699999999993e+29,6.82e+27,8.000000000000001e+27,1.108369921152756e+28,0.0
29970.694444444445,94.0034483699983,1.1980000000000002e+28,4.5726342760952405e+31,3.8365999999999974e+29,3.6454e+29,0.0,1.2179999999999998e+28,6.940000000000007e+27,3.848899999999996e+29,3.700299999999995e+29,6.990000000000005e+27,7.870000000000005e+27,1.088483106159872e+28,0.0
29976.36111111111,95.00136483396727,1.274e+28,4.573002103567072e+31,3.8815e+29,3.6901000000000004e+29,0.0,1.2209999999999996e+28,6.930000000000006e+27,3.873899999999995e+29,3.7368999999999966e+29,6.959999999999999e+27,6.740000000000006e+27,1.0688934385723383e+28,0.0
29982.083333333332,96.00176211385042,1.2060000000000002e+28,4.573452419028711e+31,3.895000000000002e+29,3.702000000000002e+29,0.0,1.239e+28,6.910000000000009e+27,3.9017999999999924e+29,3.760899999999994e+29,6.660000000000003e+27,7.430000000000008e+27,1.0546643523556177e+28,0.0
29987.86111111111,97.00451614856138,1.238e+28,4.573420840125805e+31,3.891e+29,3.698200000000001e+29,0.0,1.2339999999999997e+28,6.940000000000004e+27,3.887799999999996e+29,3.7454999999999926e+29,6.690000000000001e+27,7.540000000000006e+27,1.0403950698390548e+28,0.0
29993.666666666668,98.0047458769186,1.267e+28,4.5734029722571e+31,3.9000000000000025e+29,3.699799999999998e+29,0.0,1.3039999999999993e+28,6.980000000000004e+27,3.897099999999996e+29,3.7515999999999925e+29,7.010000000000004e+27,7.540000000000002e+27,1.0212673533122228e+28,0.0
29999.5,99.00244348172237,1.1870000000000002e+28,4.573638197031107e+31,3.918100000000003e+29,3.721500000000002e+29,0.0,1.2779999999999995e+28,6.88000000000001e+27,3.926099999999995e+29,3.7844999999999956e+29,6.830000000000005e+27,7.330000000000001e+27,1.0024723401086136e+28,0.0
30005.38888888889,100.00229916537592,1.224e+28,4.57403569877518e+31,3.974700000000002e+29,3.774900000000001e+29,0.0,1.306999999999999e+28,6.910000000000012e+27,3.970999999999994e+29,3.8291999999999956e+29,6.650000000000007e+27,7.530000000000004e+27,9.886134316725214e+27,0.0
30011.333333333332,101.00420952465356,1.223e+28,4.5741466829683945e+31,3.967300000000001e+29,3.7655e+29,0.0,1.3339999999999993e+28,6.840000000000011e+27,3.967399999999997e+29,3.8247999999999934e+29,6.430000000000003e+27,7.830000000000003e+27,9.747686174530916e+27,0.0
30017.305555555555,102.00344379278431,1.2110000000000001e+28,4.574394533255037e+31,3.981400000000004e+29,3.780000000000001e+29,0.0,1.3219999999999988e+28,6.920000000000015e+27,3.9825999999999965e+29,3.8445999999999934e+29,6.590000000000002e+27,7.210000000000008e+27,9.565523411996154e+27,0.0
30023.305555555555,103.00000611698579,1.1860000000000001e+28,4.574384884553853e+31,3.968800000000003e+29,3.77e+29,0.0,1.2999999999999994e+28,6.880000000000014e+27,3.971299999999995e+29,3.827999999999992e+29,6.910000000000006e+27,7.420000000000007e+27,9.386902914868318e+27,0.0
30029.38888888889,104.00302981378627,1.194e+28,4.574458392914033e+31,4.028e+29,3.826499999999998e+29,0.0,1.3169999999999995e+28,6.980000000000015e+27,4.027199999999995e+29,3.878499999999996e+29,7.000000000000006e+27,7.870000000000004e+27,9.295665907115978e+27,0.0
30035.5,105.00326311803292,1.1840000000000002e+28,4.57478561071117e+31,4.041099999999998e+29,3.839799999999999e+29,0.0,1.317e+28,6.960000000000017e+27,4.0420999999999944e+29,3.911199999999994e+29,6.180000000000002e+27,6.909999999999999e+27,9.120142061878217e+27,0.0
30041.63888888889,106.00071910112183,1.2060000000000002e+28,4.575087004462399e+31,4.0656000000000024e+29,3.866099999999999e+29,0.0,1.3109999999999992e+28,6.840000000000016e+27,4.063399999999997e+29,3.921099999999996e+29,6.99e+27,7.240000000000012e+27,8.948267586102097e+27,0.0
30047.86111111111,107.00434556584969,1.1980000000000002e+28,4.575417607224939e+31,4.117500000000002e+29,3.9187e+29,0.0,1.2859999999999994e+28,7.020000000000017e+27,4.118299999999997e+29,3.972899999999991e+29,6.760000000000002e+27,7.780000000000003e+27,8.858187278127353e+27,0.0
30054.083333333332,108.00067090760876,1.1990000000000003e+28,4.575745196232059e+31,4.1091e+29,3.9003e+29,0.0,1.393999999999999e+28,6.940000000000018e+27,4.108999999999996e+29,3.969599999999995e+29,6.500000000000011e+27,7.440000000000001e+27,8.651737890266205e+27,0.0
30060.38888888889,109.00300923294981,1.191e+28,4.57600012266161e+31,4.1583000000000034e+29,3.950099999999998e+29,0.0,1.3869999999999997e+28,6.950000000000018e+27,4.159099999999995e+29,4.0156999999999946e+29,6.770000000000003e+27,7.570000000000008e+27,8.563578566367576e+27,0.0
30066.722222222223,110.002461861749,1.1980000000000002e+28,4.575926237542528e+31,4.134800000000002e+29,3.9359999999999974e+29,0.0,1.29e+28,6.980000000000017e+27,4.134099999999996e+29,3.993799999999993e+29,6.940000000000006e+27,7.090000000000004e+27,8.400997695356417e+27,0.0
30073.11111111111,111.00339427630479,1.204e+28,4.576564646790089e+31,4.233100000000002e+29,4.029099999999999e+29,0.0,1.3409999999999996e+28,6.990000000000022e+27,4.2324999999999964e+29,4.0957999999999946e+29,6.720000000000006e+27,6.950000000000007e+27,8.277763109601657e+27,0.0
30079.527777777777,112.00143311978354,1.221e+28,4.576647064781864e+31,4.1993000000000004e+29,3.994199999999998e+29,0.0,1.3550000000000005e+28,6.960000000000021e+27,4.197599999999998e+29,4.054899999999994e+29,6.890000000000008e+27,7.380000000000011e+27,8.121015779094675e+27,0.0
30086.0,113.00089054796172,1.1930000000000002e+28,4.577161088436675e+31,4.2690000000000025e+29,4.0649e+29,0.0,1.347e+28,6.940000000000022e+27,4.271799999999995e+29,4.125799999999994e+29,7.300000000000005e+27,7.300000000000003e+27,8.001971825668961e+27,0.0
30092.527777777777,114.00171171313377,1.152e+28,4.577286221192172e+31,4.255999999999998e+29,4.0428999999999964e+29,0.0,1.436e+28,6.950000000000021e+27,4.260099999999993e+29,4.126799999999994e+29,6.520000000000009e+27,6.810000000000007e+27,7.884293277665861e+27,0.0
30099.11111111111,115.00384496862898,1.1750000000000001e+28,4.577051822694708e+31,4.2820000000000056e+29,4.0676999999999986e+29,0.0,1.4409999999999996e+28,7.020000000000023e+27,4.279699999999997e+29,4.130899999999997e+29,7.480000000000002e+27,7.400000000000006e+27,7.768039899746615e+27,0.0
30105.722222222223,116.00305488468712,1.1770000000000003e+28,4.57718143579299e+31,4.3226e+29,4.1065e+29,0.0,1.4659999999999998e+28,6.950000000000023e+27,4.322399999999995e+29,4.18579999999999e+29,6.660000000000009e+27,7.00000000000001e+27,7.621667286654727e+27,0.0
30112.38888888889,117.00354575072197,1.138e+28,4.577051931614334e+31,4.3339e+29,4.120299999999998e+29,0.0,1.4419999999999999e+28,6.940000000000023e+27,4.337799999999994e+29,4.1961999999999945e+29,6.940000000000006e+27,7.220000000000003e+27,7.509970608617198e+27,0.0
30119.083333333332,118.00115099819322,1.251e+28,4.577226212320718e+31,4.3941000000000025e+29,4.178799999999995e+29,0.0,1.4559999999999999e+28,6.970000000000024e+27,4.382799999999992e+29,4.2462999999999924e+29,6.790000000000006e+27,6.860000000000004e+27,7.36965624589342e+27,0.0
30125.833333333332,119.00001505041473,1.237e+28,4.577352291933045e+31,4.4061999999999994e+29,4.1968e+29,0.0,1.3910000000000005e+28,7.03000000000002e+27,4.4075999999999964e+29,4.275099999999992e+29,6.940000000000008e+27,6.310000000000009e+27,7.262590381419221e+27,0.0
30132.63888888889,120.00010627741085,1.194e+28,4.577246716180934e+31,4.4218000000000014e+29,4.2108999999999924e+29,0.0,1.413e+28,6.960000000000023e+27,4.4260999999999994e+29,4.292599999999997e+29,6.650000000000006e+27,6.70000000000001e+27,7.157194642086249e+27,0.0
30139.5,121.00139781000053,1.1930000000000002e+28,4.577005556772875e+31,4.4485000000000005e+29,4.235499999999994e+29,0.0,1.4249999999999992e+28,7.050000000000023e+27,4.4485999999999955e+29,4.316699999999994e+29,6.780000000000005e+27,6.410000000000007e+27,7.053497652038821e+27,0.0
30146.416666666668,122.00386110666386,1.1840000000000002e+28,4.577082158488763e+31,4.5393000000000024e+29,4.312199999999999e+29,0.0,1.5610000000000002e+28,7.100000000000023e+27,4.540199999999993e+29,4.400899999999994e+29,7.190000000000011e+27,6.740000000000006e+27,6.951585470175493e+27,0.0
30153.36111111111,123.00349078665113,1.1720000000000001e+28,4.57669172531651e+31,4.502199999999999e+29,4.284299999999997e+29,0.0,1.4769999999999993e+28,7.020000000000023e+27,4.5033999999999906e+29,4.373899999999992e+29,6.510000000000001e+27,6.440000000000002e+27,6.824474686576048e+27,0.0
30160.333333333332,124.00035124939313,1.213e+28,4.57679509808255e+31,4.592900000000004e+29,4.3709999999999966e+29,0.0,1.5170000000000003e+28,7.020000000000024e+27,4.588799999999994e+29,4.451299999999994e+29,7.190000000000012e+27,6.560000000000001e+27,6.700987909028271e+27,0.0
30167.38888888889,125.00237157977244,1.1239999999999998e+28,4.576697390603016e+31,4.613700000000001e+29,4.387599999999999e+29,0.0,1.5639999999999985e+28,6.970000000000024e+27,4.622599999999997e+29,4.484499999999991e+29,6.960000000000002e+27,6.85000000000001e+27,6.632731111721869e+27,0.0
30174.472222222223,126.00164901293738,1.1720000000000001e+28,4.576848873382507e+31,4.672900000000003e+29,4.4462999999999994e+29,0.0,1.5619999999999997e+28,7.040000000000022e+27,4.668099999999999e+29,4.5355999999999945e+29,6.930000000000012e+27,6.320000000000005e+27,6.51407444792464e+27,0.0
30181.61111111111,127.00213373334464,1.2030000000000001e+28,4.576741846015737e+31,4.6860000000000014e+29,4.460099999999991e+29,0.0,1.5569999999999993e+28,7.020000000000022e+27,4.6828999999999934e+29,4.548699999999994e+29,7.069999999999997e+27,6.350000000000008e+27,6.423674374271879e+27,0.0
30188.805555555555,128.0038253971079,1.22e+28,4.576748752699138e+31,4.776500000000004e+29,4.536799999999994e+29,0.0,1.6919999999999987e+28,7.050000000000024e+27,4.774799999999996e+29,4.6261999999999895e+29,7.770000000000012e+27,7.090000000000007e+27,6.33516199857244e+27,0.0
30196.027777777777,129.00288985829502,1.223e+28,4.576607818328906e+31,4.778800000000003e+29,4.546199999999997e+29,0.0,1.627e+28,6.990000000000027e+27,4.778499999999996e+29,4.6385999999999934e+29,7.320000000000004e+27,6.670000000000002e+27,6.22487877899398e+27,0.0
30203.305555555555,130.00321290671855,1.248e+28,4.576732150519525e+31,4.853900000000003e+29,4.613799999999998e+29,0.0,1.7119999999999983e+28,6.890000000000024e+27,4.8513999999999985e+29,4.7095999999999946e+29,7.020000000000013e+27,7.160000000000004e+27,6.141224545899154e+27,0.0
30210.61111111111,131.00101790884491,1.28e+28,4.576410793788185e+31,4.8421000000000034e+29,4.5929999999999956e+29,0.0,1.785999999999999e+28,7.050000000000023e+27,4.8389e+29,4.694699999999995e+29,7.300000000000016e+27,7.120000000000012e+27,6.036763870293177e+27,0.0
30217.972222222223,132.00014552717857,1.1840000000000002e+28,4.576317020255331e+31,4.885600000000004e+29,4.6381999999999955e+29,0.0,1.7719999999999989e+28,7.020000000000026e+27,4.895199999999998e+29,4.7598999999999974e+29,7.170000000000014e+27,6.360000000000006e+27,5.957862716179119e+27,0.0
30225.38888888889,133.0006084039951,1.2500000000000001e+28,4.576547708230315e+31,4.992100000000002e+29,4.7475999999999956e+29,0.0,1.7329999999999982e+28,7.120000000000027e+27,4.9854999999999986e+29,4.844599999999995e+29,7.650000000000007e+27,6.440000000000011e+27,5.880868483097724e+27,0.0
30232.86111111111,134.00242270286344,1.24e+28,4.576334784028602e+31,5.013399999999998e+29,4.7474000000000005e+29,0.0,1.940999999999999e+28,7.190000000000025e+27,5.0144e+29,4.868999999999994e+29,7.800000000000012e+27,6.740000000000003e+27,5.805805978052724e+27,0.0
30240.36111111111,135.00191871443803,1.227e+28,4.576536555441415e+31,5.0837000000000045e+29,4.8279999999999976e+29,0.0,1.8469999999999993e+28,7.100000000000027e+27,5.084999999999994e+29,4.9429999999999955e+29,7.250000000000006e+27,6.950000000000009e+27,5.711750675485686e+27,0.0
30247.916666666668,136.00285571891618,1.2280000000000001e+28,4.576622852053513e+31,5.1219999999999984e+29,4.8544000000000016e+29,0.0,1.9829999999999966e+28,6.930000000000029e+27,5.121899999999995e+29,4.982899999999999e+29,6.910000000000012e+27,6.990000000000012e+27,5.64140290715229e+27,0.0
30255.5,137.0016127660956,1.2960000000000002e+28,4.576732214122103e+31,5.1657e+29,4.8992999999999974e+29,0.0,1.9639999999999986e+28,7.000000000000026e+27,5.158899999999994e+29,5.013399999999994e+29,7.660000000000011e+27,6.89000000000001e+27,5.552842450145467e+27,0.0
30263.13888888889,138.00191049539444,1.256e+28,4.576390037080665e+31,5.1598000000000015e+29,4.894199999999997e+29,0.0,1.9479999999999993e+28,7.080000000000026e+27,5.163799999999993e+29,5.0216999999999956e+29,7.380000000000011e+27,6.830000000000003e+27,5.48712440834728e+27,0.0
30270.805555555555,139.00017347803532,1.341e+28,4.5761150178215965e+31,5.2351999999999986e+29,4.956599999999998e+29,0.0,2.0779999999999977e+28,7.080000000000029e+27,5.226699999999998e+29,5.081299999999995e+29,7.710000000000009e+27,6.83000000000001e+27,5.403929366271078e+27,0.0
30278.527777777777,140.00008709319718,1.291e+28,4.5756564420791875e+31,5.271100000000005e+29,4.976799999999993e+29,0.0,2.2359999999999987e+28,7.07000000000003e+27,5.276099999999996e+29,5.127999999999993e+29,7.96000000000001e+27,6.850000000000012e+27,5.342752222944394e+27,0.0
30286.305555555555,141.00168962396947,1.3010000000000002e+28,4.575152930992261e+31,5.3215000000000026e+29,5.038399999999998e+29,0.0,2.123e+28,7.080000000000025e+27,5.3205000000000014e+29,5.171899999999995e+29,7.910000000000006e+27,6.950000000000007e+27,5.283476561947527e+27,0.0
30294.11111111111,142.00147809465307,1.348e+28,4.575201581280783e+31,5.412700000000003e+29,5.1225000000000004e+29,0.0,2.2029999999999994e+28,6.990000000000028e+27,5.407999999999997e+29,5.259999999999996e+29,7.850000000000006e+27,6.95000000000001e+27,5.20774580201898e+27,0.0
30301.972222222223,143.00308069924995,1.282e+28,4.575239393201576e+31,5.4573999999999975e+29,5.169399999999997e+29,0.0,2.193999999999998e+28,6.86000000000003e+27,5.463999999999996e+29,5.3207999999999964e+29,7.730000000000007e+27,6.590000000000004e+27,5.152915251256865e+27,0.0
30309.86111111111,144.0030395757285,1.376e+28,4.575009650974022e+31,5.518499999999996e+29,5.1940000000000044e+29,0.0,2.525999999999999e+28,7.190000000000029e+27,5.509099999999995e+29,5.3511999999999984e+29,8.480000000000014e+27,7.310000000000012e+27,5.082233013769542e+27,0.0
30317.777777777777,145.00145785749737,1.4029999999999999e+28,4.574398009180268e+31,5.5289999999999994e+29,5.210199999999997e+29,0.0,2.4850000000000015e+28,7.03000000000003e+27,5.526299999999996e+29,5.3648999999999965e+29,8.270000000000007e+27,7.870000000000016e+27,5.014346934290136e+27,0.0
30325.75,146.00191993807675,1.338e+28,4.57398891594806e+31,5.590899999999998e+29,5.265400000000002e+29,0.0,2.5640000000000004e+28,6.910000000000026e+27,5.597399999999994e+29,5.440999999999997e+29,8.510000000000005e+27,7.130000000000003e+27,4.96633176835515e+27,0.0
30333.75,147.00102328569028,1.3829999999999998e+28,4.574081221056528e+31,5.6884e+29,5.363300000000003e+29,0.0,2.553000000000001e+28,6.980000000000026e+27,5.683899999999998e+29,5.527099999999998e+29,8.900000000000015e+27,6.780000000000012e+27,4.903288803177914e+27,0.0
30341.805555555555,148.00232273983147,1.351e+28,4.573473596735682e+31,5.663499999999998e+29,5.3374000000000025e+29,0.0,2.5519999999999995e+28,7.090000000000033e+27,5.666699999999992e+29,5.510599999999995e+29,8.650000000000016e+27,6.960000000000013e+27,4.8595270228067935e+27,0.0
30349.88888888889,149.00245386726874,1.4109999999999998e+28,4.573230299260873e+31,5.8021999999999954e+29,5.4307000000000034e+29,0.0,3.025000000000001e+28,6.900000000000028e+27,5.796199999999995e+29,5.629600000000001e+29,9.320000000000004e+27,7.340000000000006e+27,4.8012135004304016e+27,0.0
30358.0,150.00153009016321,1.416e+28,4.572970724465397e+31,5.837199999999999e+29,5.473600000000001e+29,0.0,2.9409999999999996e+28,6.950000000000025e+27,5.836699999999991e+29,5.670899999999997e+29,9.200000000000012e+27,7.380000000000016e+27,4.7454792028741513e+27,0.0
30366.166666666668,151.00306632032698,1.384e+28,4.5723855813113215e+31,5.8517999999999996e+29,5.4843000000000015e+29,0.0,2.973000000000003e+28,7.020000000000032e+27,5.854999999999991e+29,5.692599999999998e+29,9.09e+27,7.150000000000012e+27,4.70818347313993e+27,0.0
30374.333333333332,152.00036442303372,1.4680000000000002e+28,4.571586906936398e+31,5.854799999999999e+29,5.489500000000003e+29,0.0,2.9539999999999995e+28,6.990000000000028e+27,5.846399999999991e+29,5.6873999999999954e+29,8.370000000000001e+27,7.530000000000004e+27,4.641335431360486e+27,0.0
30382.555555555555,153.00032751768777,1.505e+28,4.571007043064777e+31,5.944799999999992e+29,5.568800000000004e+29,0.0,3.0569999999999987e+28,7.030000000000035e+27,5.941099999999991e+29,5.7793999999999936e+29,9.210000000000008e+27,6.960000000000003e+27,4.6085326060813723e+27,0.0
30390.833333333332,154.00303421667832,1.461e+28,4.570499497855974e+31,6.036599999999998e+29,5.6370000000000046e+29,0.0,3.286000000000001e+28,7.100000000000035e+27,6.0409999999999905e+29,5.872999999999996e+29,8.890000000000016e+27,7.910000000000011e+27,4.577506354956013e+27,0.0
30399.11111111111,155.0018744211011,1.4270000000000002e+28,4.570057701156279e+31,6.060399999999998e+29,5.662600000000005e+29,0.0,3.283000000000002e+28,6.950000000000027e+27,6.06379999999999e+29,5.897099999999992e+29,9.340000000000011e+27,7.330000000000013e+27,4.5181507799921483e+27,0.0
30407.416666666668,156.00034314061577,1.4949999999999999e+28,4.569311748883493e+31,6.079399999999993e+29,5.685800000000006e+29,0.0,3.2380000000000026e+28,6.98000000000003e+27,6.072599999999989e+29,5.9055999999999934e+29,9.770000000000007e+27,6.930000000000014e+27,4.4766114762976113e+27,0.0
30415.777777777777,157.001882779492,1.479e+28,4.568889012355182e+31,6.1579999999999966e+29,5.7611000000000026e+29,0.0,3.2710000000000015e+28,6.980000000000034e+27,6.159599999999984e+29,5.9952999999999885e+29,9.460000000000013e+27,6.970000000000011e+27,4.452094162525866e+27,0.0
30424.166666666668,158.00327523803935,1.5540000000000001e+28,4.568445050935455e+31,6.2470999999999854e+29,5.814900000000003e+29,0.0,3.615999999999999e+28,7.060000000000033e+27,6.239599999999985e+29,6.063199999999986e+29,9.640000000000006e+27,8.000000000000006e+27,4.4148193120766297e+27,0.0
30432.555555555555,159.00134790177253,1.47e+28,4.567680397681659e+31,6.217299999999989e+29,5.787900000000002e+29,0.0,3.600000000000001e+28,6.940000000000033e+27,6.225699999999986e+29,6.054199999999989e+29,9.510000000000008e+27,7.640000000000015e+27,4.3654498805847364e+27,0.0
30441.0,160.00283813249098,1.489e+28,4.567231050295031e+31,6.316899999999988e+29,5.893400000000003e+29,0.0,3.516000000000001e+28,7.190000000000034e+27,6.314999999999986e+29,6.146799999999989e+29,9.820000000000008e+27,7.000000000000008e+27,4.347242628645122e+27,0.0
30449.444444444445,161.00128664858948,1.5079999999999998e+28,4.566398474141731e+31,6.281999999999993e+29,5.860900000000001e+29,0.0,3.5020000000000014e+28,7.090000000000033e+27,6.280099999999984e+29,6.121699999999992e+29,9.300000000000004e+27,6.540000000000012e+27,4.3026334616105164e+27,0.0
30457.916666666668,162.00012013149626,1.602e+28,4.565215664945444e+31,6.31019999999999e+29,5.875500000000004e+29,0.0,3.6470000000000012e+28,7.000000000000032e+27,6.300799999999982e+29,6.135999999999986e+29,9.700000000000012e+27,6.780000000000005e+27,4.274595570065601e+27,0.0
30466.444444444445,163.00273514799937,1.598e+28,4.564215757336761e+31,6.394399999999986e+29,5.949200000000003e+29,0.0,3.7529999999999973e+28,6.990000000000031e+27,6.394799999999985e+29,6.229299999999985e+29,9.620000000000001e+27,6.930000000000016e+27,4.2625376446273867e+27,0.0
30474.972222222223,164.0027295577529,1.547e+28,4.563721434153482e+31,6.465499999999989e+29,6.006700000000001e+29,0.0,3.8889999999999997e+28,6.990000000000033e+27,6.470599999999983e+29,6.295699999999988e+29,1.033000000000001e+28,7.160000000000013e+27,4.2248679800131724e+27,0.0
30483.5,165.0002652179419,1.536e+28,4.563130464730702e+31,6.470399999999987e+29,6.025299999999997e+29,0.0,3.7509999999999998e+28,7.000000000000033e+27,6.47149999999998e+29,6.302299999999983e+29,1.0330000000000004e+28,6.590000000000005e+27,4.1896880549893757e+27,0.0
30492.083333333332,166.0019764890494,1.5800000000000002e+28,4.562710640641738e+31,6.552799999999984e+29,6.086799999999999e+29,0.0,3.939999999999999e+28,7.20000000000003e+27,6.54839999999998e+29,6.382699999999987e+29,1.0040000000000014e+28,6.530000000000012e+27,4.1839250066848974e+27,0.0
30500.666666666668,167.00151458047822,1.629e+28,4.562202871628125e+31,6.587499999999986e+29,6.101399999999998e+29,0.0,4.164e+28,6.970000000000032e+27,6.582599999999978e+29,6.407499999999986e+29,1.0400000000000003e+28,7.110000000000006e+27,4.153185369530279e+27,0.0
30509.277777777777,168.00226555630434,1.665e+28,4.561916881310181e+31,6.631499999999988e+29,6.156099999999999e+29,0.0,4.035999999999998e+28,7.180000000000034e+27,6.627899999999977e+29,6.466799999999982e+29,9.590000000000013e+27,6.520000000000013e+27,4.138124109793848e+27,0.0
30517.88888888889,169.00114913832203,1.681e+28,4.561798001979568e+31,6.668999999999989e+29,6.195699999999996e+29,0.0,4.029999999999999e+28,7.03000000000003e+27,6.667399999999978e+29,6.503099999999981e+29,1.0240000000000012e+28,6.190000000000008e+27,4.111942129930885e+27,0.0
30526.527777777777,170.0015371992049,1.5430000000000001e+28,4.561364064587653e+31,6.66499999999999e+29,6.195599999999997e+29,0.0,3.997999999999995e+28,6.960000000000032e+27,6.67879999999998e+29,6.511499999999981e+29,1.015000000000002e+28,6.580000000000012e+27,4.101208882000717e+27,0.0
30535.166666666668,171.00036452963923,1.585e+28,4.560447063865416e+31,6.66169999999999e+29,6.185999999999998e+29,0.0,4.038999999999997e+28,7.18000000000003e+27,6.657499999999975e+29,6.49149999999998e+29,1.0290000000000011e+28,6.310000000000013e+27,4.0794745710157056e+27,0.0
30543.833333333332,172.00099200193745,1.63e+28,4.559842879568879e+31,6.727499999999989e+29,6.2533999999999944e+29,0.0,4.036999999999998e+28,7.040000000000034e+27,6.72299999999998e+29,6.561599999999978e+29,1.0030000000000006e+28,6.11000000000001e+27,4.0730246008692076e+27,0.0
30552.5,173.00036539168832,1.5570000000000001e+28,4.559251889103961e+31,6.737799999999986e+29,6.261599999999996e+29,0.0,4.051999999999995e+28,7.100000000000029e+27,6.745099999999976e+29,6.570799999999983e+29,1.0880000000000014e+28,6.550000000000008e+27,4.0556728472417295e+27,0.0
30561.194444444445,174.00184068494582,1.629e+28,4.558570224682698e+31,6.775699999999986e+29,6.294499999999997e+29,0.0,4.1099999999999975e+28,7.020000000000033e+27,6.76849999999998e+29,6.595099999999979e+29,1.0620000000000013e+28,6.720000000000007e+27,4.053483254513022e+27,0.0
30569.88888888889,175.00237039211606,1.658e+28,4.558082334874204e+31,6.819999999999984e+29,6.331299999999998e+29,0.0,4.197999999999999e+28,6.890000000000029e+27,6.817099999999979e+29,6.645799999999975e+29,1.0620000000000007e+28,6.51000000000001e+27,4.040481949097369e+27,0.0
30578.583333333332,176.00211401143315,1.569e+28,4.557625427421385e+31,6.818599999999986e+29,6.318099999999997e+29,0.0,4.307000000000001e+28,6.980000000000033e+27,6.827499999999979e+29,6.657699999999976e+29,1.0490000000000005e+28,6.490000000000011e+27,4.02967586863776e+27,0.0
30587.277777777777,177.00122855690552,1.5680000000000001e+28,4.557324817146594e+31,6.854499999999988e+29,6.359599999999991e+29,0.0,4.250000000000002e+28,6.99000000000003e+27,6.854599999999975e+29,6.687799999999983e+29,1.0140000000000013e+28,6.540000000000006e+27,4.0210552094763094e+27,0.0
30596.0,178.00306131638717,1.617e+28,4.557018274674757e+31,6.88699999999999e+29,6.394399999999993e+29,0.0,4.2159999999999975e+28,7.100000000000036e+27,6.882099999999974e+29,6.714499999999972e+29,1.0690000000000012e+28,6.070000000000013e+27,4.027410913476863e+27,0.0
30604.694444444445,179.00138882813644,1.61e+28,4.556419785673297e+31,6.859599999999984e+29,6.359799999999996e+29,0.0,4.287999999999995e+28,7.100000000000037e+27,6.860299999999976e+29,6.69129999999998e+29,1.0400000000000011e+28,6.500000000000008e+27,4.0102889629523794e+27,0.0
30613.416666666668,180.00274854990857,1.6449999999999998e+28,4.555770842851026e+31,6.883799999999988e+29,6.382599999999992e+29,0.0,4.283999999999999e+28,7.280000000000036e+27,6.880299999999976e+29,6.713799999999981e+29,1.058000000000001e+28,6.070000000000007e+27,4.020948620118361e+27,0.0
30622.11111111111,181.00091871927543,1.606e+28,4.555335989179915e+31,6.890799999999988e+29,6.391599999999992e+29,0.0,4.275999999999995e+28,7.160000000000036e+27,6.894699999999976e+29,6.722699999999978e+29,1.0590000000000007e+28,6.610000000000006e+27,4.00814851681816e+27,0.0
30630.833333333332,182.00243674544163,1.646e+28,4.554724804931636e+31,6.917399999999987e+29,6.413399999999996e+29,0.0,4.311999999999998e+28,7.280000000000032e+27,6.913399999999974e+29,6.737399999999972e+29,1.1130000000000012e+28,6.470000000000008e+27,4.023129962893951e+27,0.0
30639.527777777777,183.001079449592,1.658e+28,4.554115932396365e+31,6.88879999999999e+29,6.397499999999992e+29,0.0,4.211999999999995e+28,7.010000000000036e+27,6.887599999999975e+29,6.723899999999977e+29,1.0380000000000008e+28,5.990000000000009e+27,4.014630165821205e+27,0.0
30648.222222222223,184.00019455157053,1.6710000000000001e+28,4.553935320880055e+31,6.946399999999985e+29,6.441599999999994e+29,0.0,4.346e+28,7.020000000000032e+27,6.945099999999976e+29,6.780299999999976e+29,1.039000000000002e+28,6.090000000000013e+27,4.0210949320616984e+27,0.0
30656.944444444445,185.0031337874343,1.6e+28,4.55333649504561e+31,6.922999999999987e+29,6.432399999999995e+29,0.0,4.202999999999994e+28,7.030000000000036e+27,6.930099999999976e+29,6.766099999999973e+29,1.0570000000000014e+28,5.830000000000015e+27,4.0426194194457795e+27,0.0
30665.61111111111,186.0004699418705,1.6259999999999999e+28,4.552937294151437e+31,6.910299999999993e+29,6.416599999999992e+29,0.0,4.223999999999998e+28,7.130000000000035e+27,6.907699999999977e+29,6.741899999999978e+29,1.0330000000000004e+28,6.250000000000012e+27,4.027659351401274e+27,0.0
30674.305555555555,187.0019457931221,1.605e+28,4.55201793782827e+31,6.894599999999983e+29,6.387099999999999e+29,0.0,4.377999999999997e+28,6.970000000000034e+27,6.896699999999972e+29,6.725599999999975e+29,1.0990000000000012e+28,6.120000000000008e+27,4.053560763788186e+27,0.0
30682.972222222223,188.00132048064916,1.608e+28,4.551596128303473e+31,6.93279999999999e+29,6.425299999999993e+29,0.0,4.3750000000000015e+28,7.000000000000033e+27,6.932499999999973e+29,6.756699999999975e+29,1.1050000000000003e+28,6.53000000000001e+27,4.0557766478640156e+27,0.0
30691.63888888889,189.0019499907985,1.629e+28,4.551146507898246e+31,6.924299999999988e+29,6.427699999999992e+29,0.0,4.256999999999995e+28,7.090000000000027e+27,6.92219999999998e+29,6.757599999999976e+29,1.0560000000000006e+28,5.900000000000006e+27,4.0731260000813956e+27,0.0
30700.277777777777,190.00077843249346,1.66e+28,4.55062195914719e+31,6.90269999999999e+29,6.394199999999992e+29,0.0,4.386000000000001e+28,6.990000000000034e+27,6.89959999999998e+29,6.733399999999977e+29,1.0310000000000004e+28,6.310000000000005e+27,4.0795855267119167e+27,0.0
30708.916666666668,191.00116862697269,1.613e+28,4.549932238483143e+31,6.880299999999988e+29,6.377499999999997e+29,0.0,4.319999999999995e+28,7.080000000000036e+27,6.884999999999978e+29,6.714699999999974e+29,1.0510000000000011e+28,6.520000000000011e+27,4.1013378145617675e+27,0.0
30717.527777777777,192.00005405068896,1.628e+28,4.549449971424624e+31,6.886199999999989e+29,6.39619999999999e+29,0.0,4.188999999999996e+28,7.110000000000037e+27,6.884699999999978e+29,6.723399999999977e+29,1.066000000000001e+28,5.470000000000012e+27,4.1120758570834894e+27,0.0
30726.13888888889,193.00080598813656,1.6449999999999998e+28,4.548696660252389e+31,6.859399999999983e+29,6.362499999999992e+29,0.0,4.252999999999997e+28,7.160000000000035e+27,6.857699999999982e+29,6.694699999999982e+29,1.0400000000000005e+28,5.900000000000009e+27,4.1382754580227995e+27,0.0
30734.722222222223,194.00034788771973,1.6729999999999998e+28,4.548187330465699e+31,6.862899999999991e+29,6.365399999999992e+29,0.0,4.272999999999993e+28,7.020000000000032e+27,6.860099999999978e+29,6.696599999999976e+29,1.0270000000000014e+28,6.080000000000012e+27,4.153355597176656e+27,0.0
30743.305555555555,195.00206079754662,1.638e+28,4.547984156661318e+31,6.887399999999987e+29,6.396799999999995e+29,0.0,4.209e+28,6.970000000000032e+27,6.890899999999974e+29,6.72639999999998e+29,1.0100000000000018e+28,6.350000000000013e+27,4.184099681604457e+27,0.0
30751.86111111111,196.00285239431105,1.6399999999999999e+28,4.547428876124777e+31,6.830199999999983e+29,6.35589999999999e+29,0.0,4.0409999999999985e+28,7.020000000000034e+27,6.829999999999979e+29,6.666799999999976e+29,1.0420000000000004e+28,5.900000000000007e+27,4.203587827598645e+27,0.0
30760.38888888889,197.00285903264376,1.718e+28,4.546841216707598e+31,6.815999999999989e+29,6.3201999999999955e+29,0.0,4.245e+28,7.13000000000003e+27,6.80819999999998e+29,6.645399999999979e+29,1.0160000000000008e+28,6.12000000000001e+27,4.225197510473302e+27,0.0
30768.88888888889,198.00221548544232,1.65e+28,4.546194773545344e+31,6.76879999999999e+29,6.281599999999994e+29,0.0,4.163999999999999e+28,7.080000000000032e+27,6.775599999999976e+29,6.609799999999977e+29,1.0220000000000015e+28,6.360000000000013e+27,4.248938502370113e+27,0.0
30777.36111111111,199.0010531439366,1.609e+28,4.545507449163124e+31,6.74289999999999e+29,6.273999999999994e+29,0.0,3.968000000000002e+28,7.210000000000031e+27,6.746999999999976e+29,6.583099999999978e+29,1.0300000000000014e+28,6.090000000000008e+27,4.274834384727871e+27,0.0
30785.833333333332,200.00279424886776,1.615e+28,4.54450437160025e+31,6.703899999999988e+29,6.233999999999994e+29,0.0,3.992999999999998e+28,7.060000000000034e+27,6.703299999999984e+29,6.541799999999981e+29,1.0350000000000005e+28,5.800000000000011e+27,4.317115098257074e+27,0.0
30794.25,201.000999319298,1.612e+28,4.544044748206569e+31,6.717299999999992e+29,6.242199999999991e+29,0.0,4.034000000000001e+28,7.170000000000034e+27,6.717599999999979e+29,6.551899999999977e+29,1.0380000000000008e+28,6.190000000000008e+27,4.3332719113342935e+27,0.0
30802.666666666668,202.002386256524,1.5479999999999999e+28,4.543487503723393e+31,6.695899999999992e+29,6.222999999999991e+29,0.0,4.020999999999996e+28,7.080000000000031e+27,6.702299999999975e+29,6.53289999999998e+29,1.0640000000000006e+28,6.300000000000007e+27,4.3802681721324026e+27,0.0
30811.027777777777,203.00047348236694,1.6009999999999999e+28,4.542602639173005e+31,6.623699999999991e+29,6.158599999999993e+29,0.0,3.9530000000000003e+28,6.980000000000031e+27,6.618399999999983e+29,6.458399999999987e+29,9.860000000000007e+27,6.140000000000007e+27,4.400576773002481e+27,0.0
30819.38888888889,204.0020192566535,1.551e+28,4.541963180654337e+31,6.61909999999999e+29,6.1567999999999946e+29,0.0,3.9179999999999978e+28,7.050000000000032e+27,6.62409999999998e+29,6.463099999999974e+29,9.820000000000007e+27,6.280000000000007e+27,4.4523998630588425e+27,0.0
30827.694444444445,205.0004928162789,1.494e+28,4.541624890608345e+31,6.590199999999993e+29,6.148899999999995e+29,0.0,3.7080000000000005e+28,7.050000000000036e+27,6.595899999999978e+29,6.444599999999978e+29,9.270000000000005e+27,5.860000000000004e+27,4.4769488173731546e+27,0.0
30836.0,206.00269738397947,1.609e+28,4.541243863713543e+31,6.608999999999989e+29,6.153499999999992e+29,0.0,3.852000000000002e+28,7.030000000000028e+27,6.597499999999979e+29,6.434899999999975e+29,1.0050000000000001e+28,6.21000000000001e+27,4.5337460413457446e+27,0.0
30844.25,207.0020511042585,1.5740000000000002e+28,4.540912663116933e+31,6.550699999999988e+29,6.092099999999995e+29,0.0,3.8839999999999973e+28,7.020000000000032e+27,6.554199999999984e+29,6.39269999999998e+29,9.620000000000011e+27,6.530000000000012e+27,4.5625982946137527e+27,0.0
30852.472222222223,208.00202007325515,1.556e+28,4.540224222268175e+31,6.473399999999994e+29,6.041399999999997e+29,0.0,3.616000000000003e+28,7.040000000000032e+27,6.475199999999982e+29,6.3231999999999796e+29,9.46e+27,5.74000000000001e+27,4.608896995271792e+27,0.0
30860.666666666668,209.0027257094307,1.5550000000000002e+28,4.53944184899256e+31,6.432999999999987e+29,5.999299999999996e+29,0.0,3.6309999999999995e+28,7.060000000000036e+27,6.433099999999981e+29,6.2765999999999834e+29,9.140000000000006e+27,6.510000000000009e+27,4.657631677284775e+27,0.0
30868.805555555555,210.00086880476738,1.5089999999999999e+28,4.53876539329039e+31,6.38489999999999e+29,5.9558999999999976e+29,0.0,3.582000000000001e+28,7.080000000000031e+27,6.389499999999984e+29,6.238499999999983e+29,8.910000000000007e+27,6.190000000000015e+27,4.6926808749147395e+27,0.0
30876.944444444445,211.00338325726625,1.4370000000000001e+28,4.538315528745095e+31,6.407399999999989e+29,5.9747999999999964e+29,0.0,3.632000000000001e+28,6.940000000000031e+27,6.414599999999981e+29,6.250199999999983e+29,9.840000000000007e+27,6.600000000000012e+27,4.7622785197947645e+27,0.0
30885.0,212.0000942287661,1.5680000000000001e+28,4.537994193051065e+31,6.362299999999994e+29,5.924599999999994e+29,0.0,3.6740000000000014e+28,7.03000000000003e+27,6.349199999999987e+29,6.190799999999979e+29,8.760000000000014e+27,7.080000000000008e+27,4.785277782456056e+27,0.0
30893.055555555555,213.00140205010575,1.475e+28,4.537413107271903e+31,6.3005999999999955e+29,5.878399999999995e+29,0.0,3.5200000000000024e+28,7.020000000000026e+27,6.30989999999998e+29,6.1414999999999806e+29,9.420000000000008e+27,7.420000000000009e+27,4.859988483799091e+27,0.0
30901.055555555555,214.00051504056046,1.556e+28,4.537192473522591e+31,6.293799999999991e+29,5.888499999999995e+29,0.0,3.3600000000000012e+28,6.930000000000033e+27,6.285699999999979e+29,6.129999999999982e+29,8.980000000000011e+27,6.59000000000001e+27,4.9037735895588955e+27,0.0
30909.027777777777,215.00098666025406,1.476e+28,4.536539625520597e+31,6.199099999999992e+29,5.784899999999998e+29,0.0,3.422000000000004e+28,7.20000000000003e+27,6.207099999999983e+29,6.0561999999999856e+29,8.26000000000001e+27,6.830000000000011e+27,4.966832481622671e+27,0.0
30916.972222222223,216.00292753545,1.4620000000000001e+28,4.5358199893309315e+31,6.180699999999992e+29,5.769499999999997e+29,0.0,3.408000000000001e+28,7.040000000000029e+27,6.182099999999981e+29,6.0206999999999814e+29,9.080000000000012e+27,7.060000000000011e+27,5.032612794890823e+27,0.0
30924.86111111111,217.00291384455886,1.4510000000000001e+28,4.5356459521829825e+31,6.171199999999994e+29,5.769999999999997e+29,0.0,3.311000000000002e+28,7.010000000000031e+27,6.172299999999984e+29,6.0179999999999846e+29,8.49000000000001e+27,6.940000000000009e+27,5.083090244109975e+27,0.0
30932.694444444445,218.0009985141378,1.393e+28,4.5349882670708155e+31,6.065599999999989e+29,5.677599999999997e+29,0.0,3.1700000000000034e+28,7.10000000000003e+27,6.071399999999981e+29,5.9092999999999866e+29,8.850000000000011e+27,7.36000000000001e+27,5.135426439699788e+27,0.0
30940.5,219.00079700723927,1.447e+28,4.534702923485927e+31,6.0762999999999926e+29,5.684199999999998e+29,0.0,3.2079999999999994e+28,7.130000000000028e+27,6.0708999999999814e+29,5.91369999999998e+29,8.870000000000006e+27,6.850000000000009e+27,5.208322580089233e+27,0.0
30948.277777777777,220.00241394898057,1.447e+28,4.534288942506255e+31,6.0297999999999914e+29,5.644799999999999e+29,0.0,3.1460000000000006e+28,7.040000000000031e+27,6.029799999999984e+29,5.876899999999987e+29,8.540000000000012e+27,6.750000000000013e+27,5.284087357246271e+27,0.0
30956.0,221.00233975708034,1.4180000000000002e+28,4.533859006334092e+31,5.983499999999994e+29,5.603599999999995e+29,0.0,3.098000000000001e+28,7.01000000000003e+27,5.986399999999985e+29,5.823399999999985e+29,9.079999999999996e+27,7.220000000000006e+27,5.343378226946314e+27,0.0
30963.666666666668,222.000616723436,1.476e+28,4.533556353888448e+31,5.946199999999993e+29,5.568299999999994e+29,0.0,3.0760000000000004e+28,7.030000000000026e+27,5.940399999999985e+29,5.787599999999986e+29,8.290000000000003e+27,6.99000000000001e+27,5.404576734045425e+27,0.0
30971.305555555555,223.00092770628453,1.4240000000000002e+28,4.53354862165494e+31,5.929699999999993e+29,5.5618999999999955e+29,0.0,2.9770000000000025e+28,7.010000000000024e+27,5.9348999999999844e+29,5.7781999999999854e+29,8.400000000000012e+27,7.270000000000003e+27,5.487804218449979e+27,0.0
30978.916666666668,224.0033684970358,1.394e+28,4.533233599004248e+31,5.867099999999998e+29,5.503099999999999e+29,0.0,2.943e+28,6.970000000000027e+27,5.8700999999999865e+29,5.714499999999983e+29,8.210000000000009e+27,7.350000000000011e+27,5.574081502552841e+27,0.0
30986.444444444445,225.0006498870689,1.42e+28,4.532846438914401e+31,5.81559999999999e+29,5.449299999999999e+29,0.0,2.962e+28,7.010000000000023e+27,5.812999999999983e+29,5.645399999999986e+29,8.940000000000003e+27,7.82000000000001e+27,5.621587785491375e+27,0.0
30993.944444444445,226.00016302531185,1.385e+28,4.532232257933798e+31,5.761299999999992e+29,5.3899000000000035e+29,0.0,2.993000000000001e+28,7.21000000000003e+27,5.764799999999979e+29,5.595199999999988e+29,9.07000000000001e+27,7.890000000000005e+27,5.712500923257587e+27,0.0
31001.416666666668,227.00199300457734,1.423e+28,4.531649379731562e+31,5.733699999999991e+29,5.365699999999997e+29,0.0,2.9750000000000014e+28,7.050000000000025e+27,5.729899999999983e+29,5.565799999999984e+29,8.220000000000011e+27,8.190000000000007e+27,5.806587345628791e+27,0.0
31008.833333333332,228.0024727207483,1.441e+28,4.531596526662273e+31,5.725099999999991e+29,5.377599999999999e+29,0.0,2.767999999999999e+28,7.070000000000026e+27,5.723299999999989e+29,5.5616999999999885e+29,8.400000000000003e+27,7.760000000000009e+27,5.881679310595355e+27,0.0
31016.194444444445,229.00161743761055,1.3859999999999998e+28,4.53171636514622e+31,5.695499999999994e+29,5.343399999999999e+29,0.0,2.8169999999999995e+28,7.040000000000024e+27,5.700999999999983e+29,5.537699999999986e+29,8.269999999999996e+27,8.060000000000013e+27,5.958689696262373e+27,0.0
31023.527777777777,230.00324718431148,1.3859999999999998e+28,4.531080312250184e+31,5.598799999999995e+29,5.252199999999999e+29,0.0,2.7610000000000017e+28,7.050000000000026e+27,5.598799999999985e+29,5.436099999999989e+29,8.700000000000005e+27,7.57000000000001e+27,6.060805086565062e+27,0.0
31030.805555555555,231.0036121408466,1.4029999999999999e+28,4.530893826195509e+31,5.5954999999999935e+29,5.262599999999996e+29,0.0,2.6260000000000023e+28,7.030000000000023e+27,5.593799999999982e+29,5.4402999999999845e+29,7.960000000000005e+27,7.390000000000005e+27,6.142597413200599e+27,0.0
31038.027777777777,232.00272264124578,1.4090000000000001e+28,4.5303178151817595e+31,5.513999999999991e+29,5.173499999999999e+29,0.0,2.693e+28,7.120000000000024e+27,5.5133999999999854e+29,5.35339999999999e+29,8.490000000000001e+27,7.510000000000008e+27,6.226308742849285e+27,0.0
31045.194444444445,233.00057786906564,1.402e+28,4.530098298291444e+31,5.509499999999995e+29,5.170899999999996e+29,0.0,2.6890000000000004e+28,6.970000000000025e+27,5.510199999999987e+29,5.344799999999988e+29,8.060000000000004e+27,8.480000000000005e+27,6.311927189677154e+27,0.0
31052.333333333332,234.00108429270222,1.4059999999999999e+28,4.529972087626234e+31,5.47389999999999e+29,5.1507999999999964e+29,0.0,2.5220000000000024e+28,7.090000000000025e+27,5.473499999999984e+29,5.318399999999989e+29,7.880000000000005e+27,7.630000000000009e+27,6.424660185342241e+27,0.0
31059.416666666668,235.0003821940527,1.4460000000000002e+28,4.5298666593063595e+31,5.436999999999991e+29,5.1202999999999986e+29,0.0,2.4720000000000015e+28,6.950000000000023e+27,5.432999999999981e+29,5.281799999999987e+29,7.890000000000009e+27,7.230000000000004e+27,6.515076139791255e+27,0.0
31066.472222222223,236.00242269640967,1.422e+28,4.529650895531356e+31,5.410799999999993e+29,5.0865e+29,0.0,2.5370000000000007e+28,7.060000000000024e+27,5.413199999999984e+29,5.255499999999985e+29,7.860000000000003e+27,7.910000000000006e+27,6.633780283055545e+27,0.0
31073.472222222223,237.00329084700843,1.405e+28,4.528769360325675e+31,5.3024999999999954e+29,4.988899999999999e+29,0.0,2.433999999999998e+28,7.020000000000024e+27,5.3041999999999854e+29,5.14639999999999e+29,7.820000000000002e+27,7.960000000000004e+27,6.729065901561032e+27,0.0
31080.416666666668,238.0029717532043,1.4460000000000002e+28,4.5285731856140815e+31,5.337699999999995e+29,5.020099999999997e+29,0.0,2.4850000000000015e+28,6.910000000000023e+27,5.333599999999985e+29,5.16819999999999e+29,8.320000000000012e+27,8.220000000000003e+27,6.826206364879217e+27,0.0
31087.305555555555,239.00144739497864,1.401e+28,4.528752217654062e+31,5.3261999999999956e+29,5.002199999999998e+29,0.0,2.5380000000000006e+28,7.020000000000024e+27,5.330699999999985e+29,5.1699999999999895e+29,7.960000000000008e+27,8.110000000000002e+27,6.925129597220634e+27,0.0
31094.166666666668,240.00276132643467,1.385e+28,4.52863621176688e+31,5.273499999999995e+29,4.949499999999997e+29,0.0,2.5360000000000004e+28,7.04000000000002e+27,5.2750999999999866e+29,5.1143999999999896e+29,8.140000000000011e+27,7.930000000000009e+27,7.054687479547098e+27,0.0
31100.972222222223,241.00287905719597,1.4360000000000003e+28,4.5285828677315935e+31,5.241999999999994e+29,4.9361999999999964e+29,0.0,2.3609999999999983e+28,6.970000000000024e+27,5.236899999999982e+29,5.080199999999985e+29,7.620000000000004e+27,8.050000000000008e+27,7.158403829452905e+27,0.0
31107.722222222223,242.00176876004662,1.35e+28,4.528654756325634e+31,5.203599999999992e+29,4.890699999999998e+29,0.0,2.43e+28,6.990000000000023e+27,5.212199999999987e+29,5.056399999999991e+29,8.050000000000005e+27,7.530000000000007e+27,7.26383874555653e+27,0.0
31114.444444444445,243.0035517335691,1.405e+28,4.528374668611247e+31,5.166599999999992e+29,4.858299999999996e+29,0.0,2.3829999999999996e+28,7.000000000000023e+27,5.1610999999999886e+29,5.006599999999988e+29,7.840000000000004e+27,7.61000000000001e+27,7.401890655752613e+27,0.0
31121.11111111111,244.0040981770062,1.382e+28,4.528440880930142e+31,5.1658999999999936e+29,4.861899999999997e+29,0.0,2.3459999999999995e+28,6.940000000000023e+27,5.1681999999999905e+29,5.00379999999999e+29,8.09000000000001e+27,8.35e+27,7.512016837709889e+27,0.0
31127.722222222223,245.0033680892784,1.4340000000000001e+28,4.528076303058708e+31,5.0984999999999954e+29,4.790399999999997e+29,0.0,2.382e+28,6.990000000000023e+27,5.093299999999988e+29,4.927499999999987e+29,8.150000000000001e+27,8.43e+27,7.623758458453471e+27,0.0
31134.277777777777,246.001314035424,1.4180000000000002e+28,4.528171096644234e+31,5.090099999999994e+29,4.783599999999998e+29,0.0,2.3709999999999995e+28,6.940000000000024e+27,5.091699999999988e+29,4.931199999999986e+29,7.970000000000004e+27,8.080000000000004e+27,7.737042524929367e+27,0.0
31140.805555555555,247.00216143236958,1.381e+28,4.5278115669096275e+31,5.027799999999995e+29,4.732900000000002e+29,0.0,2.252000000000001e+28,6.970000000000021e+27,5.031499999999986e+29,4.868199999999989e+29,7.800000000000004e+27,8.529999999999998e+27,7.885732774713855e+27,0.0
31147.277777777777,248.00165059515712,1.335e+28,4.527757054613359e+31,5.014699999999993e+29,4.7149999999999974e+29,0.0,2.3010000000000015e+28,6.960000000000023e+27,5.019299999999986e+29,4.8620999999999844e+29,7.43000000000001e+27,8.290000000000001e+27,8.003448971318158e+27,0.0
31153.722222222223,249.0040557314951,1.41e+28,4.5276101287036585e+31,5.011999999999998e+29,4.719999999999993e+29,0.0,2.2179999999999995e+28,7.02000000000002e+27,5.00449999999999e+29,4.8424999999999864e+29,7.970000000000007e+27,8.230000000000001e+27,8.158133276818225e+27,0.0
31160.083333333332,250.0006791234473,1.4490000000000002e+28,4.52726501017103e+31,4.93629999999999e+29,4.6550999999999995e+29,0.0,2.118999999999999e+28,6.930000000000019e+27,4.932399999999988e+29,4.77169999999999e+29,7.990000000000002e+27,8.080000000000002e+27,8.243743570251762e+27,0.0
31166.416666666668,251.00016203191808,1.3669999999999999e+28,4.527356830566174e+31,4.953699999999989e+29,4.6604999999999945e+29,0.0,2.238999999999999e+28,6.930000000000018e+27,4.961899999999985e+29,4.8000999999999896e+29,7.460000000000006e+27,8.720000000000004e+27,8.402606133802433e+27,0.0
31172.722222222223,252.00253263870036,1.371e+28,4.526841163719355e+31,4.885299999999995e+29,4.5985999999999955e+29,0.0,2.1699999999999997e+28,6.970000000000017e+27,4.884899999999988e+29,4.7251999999999854e+29,7.610000000000007e+27,8.360000000000007e+27,8.565223769509598e+27,0.0
31178.972222222223,253.00335252716832,1.4e+28,4.527035739844884e+31,4.934099999999997e+29,4.6458999999999965e+29,0.0,2.1880000000000007e+28,6.940000000000019e+27,4.931199999999987e+29,4.7666999999999866e+29,8.130000000000008e+27,8.320000000000006e+27,8.692542585188614e+27,0.0
31185.166666666668,254.00254537900219,1.3919999999999999e+28,4.527307054940004e+31,4.903499999999997e+29,4.628599999999994e+29,0.0,2.056e+28,6.930000000000018e+27,4.904299999999988e+29,4.739499999999986e+29,8.150000000000003e+27,8.330000000000009e+27,8.820844267900678e+27,0.0
31191.305555555555,255.00003573882987,1.404e+28,4.527193048023661e+31,4.834699999999995e+29,4.550399999999997e+29,0.0,2.137999999999999e+28,7.050000000000014e+27,4.833499999999986e+29,4.669299999999987e+29,8.030000000000006e+27,8.390000000000008e+27,8.950044986551786e+27,0.0
31197.416666666668,256.0002999023036,1.404e+28,4.5268706166339775e+31,4.798299999999993e+29,4.515799999999998e+29,0.0,2.1319999999999998e+28,6.930000000000014e+27,4.79829999999999e+29,4.629799999999991e+29,7.710000000000005e+27,9.140000000000008e+27,9.121962436535325e+27,0.0
31203.5,257.0033556380622,1.45e+28,4.52676086290964e+31,4.8303999999999945e+29,4.5447999999999925e+29,0.0,2.1629999999999985e+28,6.930000000000014e+27,4.82579999999999e+29,4.653199999999988e+29,8.330000000000007e+27,8.929999999999999e+27,9.297547422617872e+27,0.0
31209.527777777777,258.0045823239143,1.5460000000000002e+28,4.526875340716958e+31,4.815399999999993e+29,4.530099999999995e+29,0.0,2.1529999999999986e+28,7.00000000000001e+27,4.8057999999999895e+29,4.641599999999985e+29,7.880000000000002e+27,8.540000000000001e+27,9.432807984829987e+27,0.0
31215.5,259.0038841619471,1.378e+28,4.526964413436812e+31,4.7646999999999946e+29,4.4914999999999965e+29,0.0,2.0309999999999995e+28,7.01000000000001e+27,4.781499999999987e+29,4.60879999999999e+29,8.220000000000008e+27,9.050000000000004e+27,9.568528255632994e+27,0.0
31221.416666666668,260.0011644553215,1.3989999999999998e+28,4.526846202469846e+31,4.723599999999995e+29,4.450199999999994e+29,0.0,2.038999999999997e+28,6.950000000000011e+27,4.721499999999987e+29,4.563499999999986e+29,7.669999999999998e+27,8.130000000000005e+27,9.704663278023297e+27,0.0
31227.305555555555,261.0010570654795,1.407e+28,4.526709701794233e+31,4.7103000000000015e+29,4.4489999999999955e+29,0.0,1.9249999999999982e+28,6.880000000000012e+27,4.709499999999987e+29,4.547199999999987e+29,7.959999999999999e+27,8.270000000000004e+27,9.888200834403888e+27,0.0
31233.166666666668,262.0035554745764,1.402e+28,4.526800570463559e+31,4.730399999999998e+29,4.4598999999999974e+29,0.0,2.0169999999999984e+28,6.880000000000011e+27,4.730899999999986e+29,4.561099999999987e+29,8.160000000000003e+27,8.820000000000001e+27,1.007512111715741e+28,0.0
31238.972222222223,263.0038573884103,1.402e+28,4.526876684499315e+31,4.696200000000002e+29,4.435499999999994e+29,0.0,1.9119999999999996e+28,6.950000000000006e+27,4.6961999999999895e+29,4.533599999999989e+29,7.91e+27,8.349999999999999e+27,1.021600616214561e+28,0.0
31244.722222222223,264.0018435013417,1.506e+28,4.526836201943853e+31,4.664099999999998e+29,4.394899999999993e+29,0.0,2.0149999999999996e+28,6.770000000000011e+27,4.653699999999989e+29,4.484299999999987e+29,8.120000000000002e+27,8.820000000000002e+27,1.0356700733000772e+28,0.0
31250.444444444445,265.0022741878902,1.4870000000000001e+28,4.526912118985724e+31,4.647799999999998e+29,4.385599999999995e+29,0.0,1.9339999999999987e+28,6.880000000000006e+27,4.649699999999993e+29,4.486299999999989e+29,7.300000000000003e+27,9.040000000000002e+27,1.0548905975594172e+28,0.0
31256.11111111111,266.0002264060986,1.537e+28,4.52678557481381e+31,4.618799999999997e+29,4.357099999999994e+29,0.0,1.9319999999999998e+28,6.850000000000008e+27,4.6137999999999884e+29,4.4408999999999875e+29,8.190000000000001e+27,9.100000000000007e+27,1.069123709029625e+28,0.0
31261.75,267.0005218036649,1.456e+28,4.526805208857996e+31,4.617599999999998e+29,4.343099999999996e+29,0.0,2.051999999999998e+28,6.930000000000006e+27,4.6256999999999895e+29,4.449399999999986e+29,8.110000000000004e+27,9.520000000000003e+27,1.088720058924414e+28,0.0
31267.36111111111,268.00313938003,1.5e+28,4.527034866682831e+31,4.644499999999995e+29,4.3824999999999964e+29,0.0,1.9259999999999994e+28,6.940000000000006e+27,4.640099999999994e+29,4.469399999999986e+29,8.100000000000006e+27,8.970000000000007e+27,1.1086115805538284e+28,0.0
31272.916666666668,269.0030362967709,1.445e+28,4.527262332795255e+31,4.6024000000000006e+29,4.3465999999999965e+29,0.0,1.8669999999999998e+28,6.910000000000002e+27,4.607899999999995e+29,4.44069999999999e+29,7.980000000000002e+27,8.740000000000005e+27,1.1231109746635525e+28,0.0
31278.416666666668,270.0000756582476,1.522e+28,4.527255696319146e+31,4.567699999999999e+29,4.3080999999999956e+29,0.0,1.9219999999999988e+28,6.740000000000003e+27,4.559999999999994e+29,4.389499999999987e+29,7.890000000000004e+27,9.160000000000004e+27,1.1375037471498568e+28,0.0
31283.916666666668,271.0043059320724,1.467e+28,4.527521524541129e+31,4.595099999999997e+29,4.325299999999997e+29,0.0,1.9939999999999986e+28,7.039999999999999e+27,4.600599999999996e+29,4.4262999999999895e+29,8.230000000000008e+27,9.200000000000005e+27,1.1636530431873792e+28,0.0
31289.333333333332,272.0004171729306,1.573e+28,4.527383812549145e+31,4.524499999999996e+29,4.266799999999995e+29,0.0,1.884e+28,6.929999999999998e+27,4.513899999999987e+29,4.34289999999999e+29,7.980000000000003e+27,9.119999999999995e+27,1.1722246464465827e+28,0.0
31294.75,273.00364443176477,1.519e+28,4.527654822458875e+31,4.5659e+29,4.307599999999992e+29,0.0,1.8839999999999982e+28,6.990000000000001e+27,4.571299999999992e+29,4.39799999999999e+29,8.210000000000008e+27,9.119999999999996e+27,1.198872378541513e+28,0.0
31300.11111111111,274.00366039004166,1.473e+28,4.5276191732562045e+31,4.504500000000001e+29,4.243599999999997e+29,0.0,1.926999999999999e+28,6.819999999999999e+27,4.5090999999999926e+29,4.332099999999992e+29,8.600000000000003e+27,9.099999999999998e+27,1.2134515619915556e+28,0.0
31305.416666666668,275.00031351249527,1.482e+28,4.5279253112354675e+31,4.512599999999999e+29,4.248199999999997e+29,0.0,1.9569999999999996e+28,6.870000000000001e+27,4.511699999999993e+29,4.34229999999999e+29,8.110000000000002e+27,8.829999999999996e+27,1.2278296948665793e+28,0.0
31310.722222222223,276.0039941276709,1.528e+28,4.527832390225013e+31,4.4811000000000015e+29,4.227399999999996e+29,0.0,1.8429999999999994e+28,6.939999999999999e+27,4.476499999999994e+29,4.3080999999999935e+29,7.800000000000002e+27,9.040000000000001e+27,1.2552721603592198e+28,0.0
31315.972222222223,277.00414296594226,1.5540000000000001e+28,4.528295238858135e+31,4.5089000000000004e+29,4.2533999999999956e+29,0.0,1.8710000000000003e+28,6.840000000000001e+27,4.5062999999999965e+29,4.33569999999999e+29,8.100000000000006e+27,8.960000000000004e+27,1.2697582677580363e+28,0.0
31321.166666666668,278.00059488504667,1.588e+28,4.528488513619979e+31,4.453199999999995e+29,4.200299999999996e+29,0.0,1.8489999999999997e+28,6.799999999999998e+27,4.4497999999999925e+29,4.280199999999991e+29,8.030000000000001e+27,8.930000000000004e+27,1.2839876112252948e+28,0.0
31326.36111111111,279.0039578329415,1.5680000000000001e+28,4.528765465669673e+31,4.4843e+29,4.234599999999994e+29,0.0,1.8099999999999999e+28,6.869999999999996e+27,4.486299999999992e+29,4.308099999999992e+29,8.390000000000003e+27,9.430000000000007e+27,1.3120993684401866e+28,0.0
31331.5,280.0034378502878,1.519e+28,4.529000745429701e+31,4.448699999999998e+29,4.1978e+29,0.0,1.822999999999999e+28,6.859999999999997e+27,4.453599999999994e+29,4.276799999999993e+29,8.359999999999999e+27,9.32e+27,1.326329846701001e+28,0.0
31336.61111111111,281.00432794415156,1.5790000000000001e+28,4.529065519838436e+31,4.4338000000000004e+29,4.1843e+29,0.0,1.8119999999999994e+28,6.829999999999997e+27,4.427799999999992e+29,4.250499999999992e+29,8.53e+27,9.200000000000002e+27,1.3476318066056465e+28,0.0
31341.666666666668,282.0010629557755,1.5339999999999999e+28,4.529375375169869e+31,4.422599999999999e+29,4.173599999999999e+29,0.0,1.8029999999999989e+28,6.869999999999992e+27,4.4270999999999936e+29,4.248399999999994e+29,8.2e+27,9.670000000000003e+27,1.361486603790857e+28,0.0
31346.722222222223,283.00453153445596,1.5449999999999999e+28,4.529549061585958e+31,4.430099999999997e+29,4.183499999999998e+29,0.0,1.778e+28,6.879999999999994e+27,4.428999999999992e+29,4.2503999999999925e+29,8.470000000000003e+27,9.389999999999999e+27,1.3904066542872982e+28,0.0
31351.722222222223,284.00363803106575,1.611e+28,4.529899452809267e+31,4.415599999999996e+29,4.162100000000001e+29,0.0,1.847999999999999e+28,6.869999999999993e+27,4.4089999999999955e+29,4.2344999999999926e+29,8.279999999999997e+27,9.169999999999997e+27,1.4041210734118738e+28,0.0
31356.694444444445,285.00380569916524,1.544e+28,4.530549664248695e+31,4.431499999999999e+29,4.185200000000001e+29,0.0,1.7739999999999988e+28,6.889999999999992e+27,4.438199999999992e+29,4.261699999999992e+29,8.180000000000001e+27,9.47e+27,1.425461161337164e+28,0.0
31361.63888888889,286.0049589062028,1.622e+28,4.5308133810547045e+31,4.399199999999999e+29,4.149299999999997e+29,0.0,1.8189999999999993e+28,6.799999999999993e+27,4.391399999999994e+29,4.214499999999994e+29,8.559999999999998e+27,9.13e+27,1.4468440482383142e+28,0.0
31366.527777777777,287.0013379391312,1.5800000000000002e+28,4.530939347212954e+31,4.341699999999998e+29,4.098299999999996e+29,0.0,1.7439999999999997e+28,6.899999999999991e+27,4.345899999999993e+29,4.165399999999994e+29,8.589999999999999e+27,9.460000000000003e+27,1.459874712897157e+28,0.0
31371.416666666668,288.0041863997594,1.672e+28,4.531095348287547e+31,4.368099999999998e+29,4.1150999999999996e+29,0.0,1.8439999999999993e+28,6.859999999999993e+27,4.35889999999999e+29,4.1830999999999935e+29,8.429999999999998e+27,9.149999999999995e+27,1.4895057623366262e+28,0.0
31376.25,289.00202750341305,1.615e+28,4.531331692315945e+31,4.3298999999999975e+29,4.090899999999998e+29,0.0,1.7049999999999984e+28,6.849999999999991e+27,4.335599999999995e+29,4.158499999999993e+29,8.489999999999999e+27,9.220000000000002e+27,1.5021870997031528e+28,0.0
31381.055555555555,290.00044996776523,1.575e+28,4.531638625860797e+31,4.326099999999997e+29,4.076199999999999e+29,0.0,1.8099999999999986e+28,6.889999999999988e+27,4.330099999999995e+29,4.1525999999999915e+29,8.430000000000002e+27,9.32000000000001e+27,1.5232149340005562e+28,0.0
31385.86111111111,291.0051955286053,1.6619999999999999e+28,4.531768560590479e+31,4.335699999999997e+29,4.088399999999997e+29,0.0,1.7839999999999991e+28,6.88999999999999e+27,4.326999999999994e+29,4.151099999999994e+29,8.060000000000004e+27,9.530000000000004e+27,1.5532600837061642e+28,0.0
31390.61111111111,292.0045562842415,1.684e+28,4.532485618035623e+31,4.347699999999997e+29,4.111299999999997e+29,0.0,1.6779999999999994e+28,6.859999999999988e+27,4.345499999999991e+29,4.1698999999999926e+29,8.350000000000009e+27,9.209999999999997e+27,1.5652636080596238e+28,0.0
31395.333333333332,293.00422557415914,1.668e+28,4.532903171613897e+31,4.321699999999997e+29,4.0792e+29,0.0,1.7419999999999996e+28,6.829999999999989e+27,4.323299999999993e+29,4.135999999999995e+29,9.130000000000001e+27,9.600000000000005e+27,1.5860759306898635e+28,0.0
31400.027777777777,294.00410992376874,1.652e+28,4.533462901139768e+31,4.314099999999994e+29,4.0777999999999964e+29,0.0,1.676e+28,6.869999999999988e+27,4.315699999999993e+29,4.132499999999994e+29,9.07e+27,9.249999999999998e+27,1.6067675963767223e+28,0.0
31404.694444444445,295.00410980827746,1.678e+28,4.534198087873768e+31,4.332099999999996e+29,4.0901999999999954e+29,0.0,1.7319999999999997e+28,6.869999999999988e+27,4.3294999999999926e+29,4.140199999999996e+29,9.23e+27,9.7e+27,1.6273223568214969e+28,0.0
31409.333333333332,296.0041250864906,1.6759999999999999e+28,4.53476190427446e+31,4.289199999999994e+29,4.0533e+29,0.0,1.6689999999999993e+28,6.899999999999988e+27,4.289399999999992e+29,4.108699999999994e+29,9.040000000000001e+27,9.030000000000002e+27,1.647718810284186e+28,0.0
31413.944444444445,297.0040512587875,1.624e+28,4.5352660807253145e+31,4.2794999999999954e+29,4.040499999999997e+29,0.0,1.705e+28,6.849999999999987e+27,4.284699999999993e+29,4.1006999999999974e+29,9.199999999999997e+27,9.200000000000001e+27,1.6679317415381927e+28,0.0
31418.527777777777,298.00378205027755,1.628e+28,4.535908691063117e+31,4.273599999999995e+29,4.032499999999998e+29,0.0,1.7230000000000007e+28,6.879999999999989e+27,4.273199999999994e+29,4.095599999999996e+29,8.639999999999999e+27,9.120000000000003e+27,1.6879427774357992e+28,0.0
31423.083333333332,299.00321054870983,1.661e+28,4.536474117726235e+31,4.261499999999995e+29,4.023399999999997e+29,0.0,1.6999999999999998e+28,6.80999999999999e+27,4.258199999999992e+29,4.077299999999995e+29,8.759999999999999e+27,9.329999999999994e+27,1.7077279029889298e+28,0.0
31427.61111111111,300.00223043280766,1.704e+28,4.537271561010402e+31,4.286799999999995e+29,4.048399999999999e+29,0.0,1.6979999999999992e+28,6.859999999999988e+27,4.282499999999995e+29,4.098499999999997e+29,9.16e+27,9.239999999999999e+27,1.727270107644413e+28,0.0
31432.11111111111,301.00072147716946,1.76e+28,4.538053647784389e+31,4.266099999999994e+29,4.0336999999999984e+29,0.0,1.6519999999999993e+28,6.719999999999989e+27,4.260499999999994e+29,4.0783999999999956e+29,8.880000000000002e+27,9.330000000000001e+27,1.7465333422646585e+28,0.0
31436.61111111111,302.00479624010677,1.687e+28,4.539023878402132e+31,4.286199999999995e+29,4.051399999999993e+29,0.0,1.6499999999999985e+28,6.979999999999989e+27,4.2934999999999935e+29,4.111599999999995e+29,8.98e+27,9.21e+27,1.7765622393965925e+28,0.0
31441.055555555555,303.0019313252915,1.7100000000000001e+28,4.539316689398991e+31,4.182399999999997e+29,3.949099999999996e+29,0.0,1.6489999999999993e+28,6.839999999999989e+27,4.180099999999995e+29,4.004399999999997e+29,8.520000000000006e+27,9.050000000000003e+27,1.7843446867419468e+28,0.0
31445.5,304.0044786012868,1.784e+28,4.539874749130194e+31,4.236499999999995e+29,4.002399999999996e+29,0.0,1.6699999999999994e+28,6.70999999999999e+27,4.2290999999999934e+29,4.049399999999997e+29,8.900000000000003e+27,9.070000000000002e+27,1.8141024529260121e+28,0.0
31449.916666666668,305.0061050966533,1.715e+28,4.540685530400604e+31,4.2261999999999924e+29,3.993599999999999e+29,0.0,1.6479999999999979e+28,6.779999999999987e+27,4.233099999999994e+29,4.050499999999995e+29,9.170000000000004e+27,9.090000000000003e+27,1.832436285734274e+28,0.0
31454.277777777777,306.0003353444772,1.7949999999999998e+28,4.541471977332539e+31,4.202499999999996e+29,3.9685999999999956e+29,0.0,1.6519999999999993e+28,6.869999999999988e+27,4.194499999999993e+29,4.015999999999996e+29,9.029999999999997e+27,8.820000000000004e+27,1.83858371189063e+28,0.0
31458.666666666668,307.00609380487185,1.734e+28,4.542180329633157e+31,4.216799999999996e+29,3.9810999999999946e+29,0.0,1.6759999999999994e+28,6.809999999999988e+27,4.222899999999997e+29,4.043199999999997e+29,9.279999999999999e+27,8.690000000000001e+27,1.8797332530704364e+28,0.0
31463.0,308.0042096599982,1.761e+28,4.54292783111495e+31,4.191399999999995e+29,3.958099999999997e+29,0.0,1.6519999999999993e+28,6.809999999999991e+27,4.188699999999993e+29,4.005899999999995e+29,9.570000000000001e+27,8.710000000000001e+27,1.8850358501820236e+28,0.0
31467.305555555555,309.00090605303103,1.718e+28,4.543947647659161e+31,4.193099999999996e+29,3.960599999999996e+29,0.0,1.6399999999999997e+28,6.849999999999991e+27,4.197399999999997e+29,4.0196e+29,9.180000000000004e+27,8.599999999999997e+27,1.901703391835547e+28,0.0
31471.61111111111,310.002532652582,1.736e+28,4.544465342368659e+31,4.148299999999998e+29,3.9240999999999956e+29,0.0,1.5619999999999999e+28,6.799999999999989e+27,4.146499999999992e+29,3.9749999999999954e+29,9.509999999999999e+27,7.64e+27,1.9304455585100487e+28,0.0
31475.88888888889,311.00254517650956,1.749e+28,4.545078632994031e+31,4.1457999999999925e+29,3.915899999999993e+29,0.0,1.615e+28,6.839999999999987e+27,4.1444999999999955e+29,3.969099999999995e+29,9.380000000000003e+27,8.160000000000006e+27,1.9465067470560106e+28,0.0
31480.13888888889,312.00081199036777,1.772e+28,4.5458024641832665e+31,4.140599999999994e+29,3.9108999999999946e+29,0.0,1.6189999999999995e+28,6.77999999999999e+27,4.1382999999999956e+29,3.964399999999997e+29,9.520000000000002e+27,7.870000000000001e+27,1.9620544491591595e+28,0.0
31484.38888888889,313.003776435472,1.837e+28,4.546838394553992e+31,4.184199999999997e+29,3.955099999999994e+29,0.0,1.5969999999999987e+28,6.939999999999988e+27,4.177699999999996e+29,4.005599999999999e+29,9.660000000000002e+27,7.55e+27,1.990167315671519e+28,0.0
31488.61111111111,314.004793109616,1.736e+28,4.547909469345932e+31,4.1594999999999955e+29,3.9312999999999946e+29,0.0,1.5979999999999994e+28,6.839999999999987e+27,4.169599999999993e+29,3.9901999999999975e+29,1.0090000000000004e+28,7.850000000000003e+27,2.00498650101629e+28,0.0
31492.805555555555,315.00372148743554,1.8170000000000002e+28,4.549205857609363e+31,4.169599999999995e+29,3.935899999999996e+29,0.0,1.661999999999999e+28,6.749999999999988e+27,4.1614999999999994e+29,3.9947999999999976e+29,9.209999999999999e+27,7.460000000000006e+27,2.019221560516345e+28,0.0
31496.972222222223,316.00043783505316,1.777e+28,4.550185708709301e+31,4.1103999999999975e+29,3.8815999999999974e+29,0.0,1.6009999999999994e+28,6.869999999999988e+27,4.114399999999998e+29,3.9430999999999964e+29,1.0020000000000003e+28,7.11e+27,2.0328558185592146e+28,0.0
31501.13888888889,317.00148246328354,1.796e+28,4.551437512257703e+31,4.155699999999995e+29,3.927999999999996e+29,0.0,1.5949999999999996e+28,6.81999999999999e+27,4.1538e+29,3.984299999999996e+29,1.0190000000000001e+28,6.760000000000002e+27,2.0596915862802664e+28,0.0
31505.277777777777,318.0000975654839,1.741e+28,4.552460689451905e+31,4.087599999999996e+29,3.863399999999996e+29,0.0,1.5780000000000003e+28,6.63999999999999e+27,4.093099999999999e+29,3.934499999999999e+29,9.370000000000002e+27,6.490000000000003e+27,2.072427153022369e+28,0.0
31509.416666666668,319.0028805755792,1.84e+28,4.553249514673604e+31,4.092999999999995e+29,3.871899999999995e+29,0.0,1.5330000000000005e+28,6.779999999999991e+27,4.0831e+29,3.920399999999997e+29,9.870000000000005e+27,6.400000000000001e+27,2.0986708095392856e+28,0.0
31513.527777777777,320.0030105832593,1.7639999999999998e+28,4.55458207361412e+31,4.1056999999999974e+29,3.885099999999996e+29,0.0,1.5269999999999998e+28,6.78999999999999e+27,4.113299999999999e+29,3.9578000000000014e+29,9.370000000000003e+27,6.180000000000002e+27,2.1104139493602264e+28,0.0
31517.61111111111,321.0003452908113,1.8130000000000001e+28,4.555787986177087e+31,4.080399999999996e+29,3.857799999999996e+29,0.0,1.5469999999999994e+28,6.789999999999989e+27,4.0754999999999996e+29,3.924999999999998e+29,9.41e+27,5.640000000000003e+27,2.121450775682549e+28,0.0
31521.694444444445,322.00156779876943,1.8080000000000002e+28,4.557306783958228e+31,4.115399999999996e+29,3.8920999999999945e+29,0.0,1.5470000000000002e+28,6.859999999999988e+27,4.115899999999998e+29,3.960299999999998e+29,1.003e+28,5.530000000000003e+27,2.146475854924582e+28,0.0
31525.777777777777,323.0066149106715,1.815e+28,4.558484892792158e+31,4.078599999999998e+29,3.858299999999994e+29,0.0,1.5139999999999992e+28,6.889999999999988e+27,4.077900000000001e+29,3.9310999999999974e+29,9.319999999999995e+27,5.360000000000004e+27,2.1712655032668387e+28,0.0
31529.805555555555,324.00167540115217,1.824e+28,4.559791406529455e+31,4.055599999999999e+29,3.842599999999996e+29,0.0,1.4549999999999996e+28,6.74999999999999e+27,4.054699999999999e+29,3.8993e+29,1.037e+28,5.170000000000002e+27,2.1657638436178336e+28,0.0
31533.833333333332,325.0003304680404,1.8300000000000001e+28,4.56097518739803e+31,4.0465999999999966e+29,3.832599999999993e+29,0.0,1.458e+28,6.81999999999999e+27,4.045999999999999e+29,3.894e+29,1.0180000000000007e+28,5.020000000000002e+27,2.189367991640797e+28,0.0
31537.86111111111,326.002512001377,1.8330000000000002e+28,4.562412213887049e+31,4.068199999999992e+29,3.846599999999997e+29,0.0,1.5399999999999988e+28,6.759999999999988e+27,4.067899999999999e+29,3.920100000000001e+29,9.770000000000003e+27,5.010000000000001e+27,2.2126809150097542e+28,0.0
31541.86111111111,327.00120194515966,1.8069999999999999e+28,4.564367347803048e+31,4.102000000000001e+29,3.8775999999999944e+29,0.0,1.5609999999999998e+28,6.82999999999999e+27,4.104600000000003e+29,3.958700000000001e+29,9.960000000000007e+27,4.630000000000004e+27,2.220179384385535e+28,0.0
31545.86111111111,328.00322752400916,1.825e+28,4.565918885360546e+31,4.060399999999996e+29,3.8462999999999974e+29,0.0,1.465e+28,6.759999999999988e+27,4.0586000000000005e+29,3.9181000000000014e+29,9.890000000000002e+27,4.160000000000003e+27,2.2425195850234876e+28,0.0
31549.833333333332,329.00152270875515,1.871e+28,4.567365932889754e+31,4.037899999999997e+29,3.816499999999996e+29,0.0,1.5300000000000004e+28,6.839999999999991e+27,4.033300000000001e+29,3.892199999999997e+29,1.0349999999999999e+28,3.760000000000002e+27,2.248685622648911e+28,0.0
31553.805555555555,330.00295986373476,1.8200000000000002e+28,4.569126448091194e+31,4.060799999999996e+29,3.841299999999993e+29,0.0,1.5129999999999995e+28,6.819999999999991e+27,4.0659000000000016e+29,3.923099999999999e+29,1.0140000000000004e+28,4.140000000000004e+27,2.269968173706178e+28,0.0
31557.75,331.00042694201966,1.869e+28,4.57074533073129e+31,4.0416999999999966e+29,3.831599999999993e+29,0.0,1.4179999999999995e+28,6.829999999999989e+27,4.036800000000001e+29,3.8930000000000014e+29,1.0869999999999998e+28,3.5100000000000015e+27,2.2747576678609354e+28,0.0
31561.694444444445,332.0008385679257,1.841e+28,4.572325547476053e+31,4.0421999999999965e+29,3.833599999999994e+29,0.0,1.412e+28,6.73999999999999e+27,4.045e+29,3.895800000000001e+29,1.1489999999999996e+28,3.4300000000000007e+27,2.294919131884457e+28,0.0
31565.63888888889,333.00411138729487,1.906e+28,4.57386768856792e+31,4.0447999999999976e+29,3.833799999999995e+29,0.0,1.4249999999999998e+28,6.849999999999989e+27,4.0383e+29,3.896700000000004e+29,1.0950000000000002e+28,3.2100000000000015e+27,2.314626537553095e+28,0.0
31569.555555555555,334.0030677616005,1.871e+28,4.575527127784351e+31,4.0263999999999945e+29,3.799099999999995e+29,0.0,1.6030000000000005e+28,6.69999999999999e+27,4.0299000000000025e+29,3.888800000000003e+29,1.076e+28,3.350000000000001e+27,2.317364458808383e+28,0.0
31573.472222222223,335.0046807213748,1.912e+28,4.5770217965238855e+31,4.0236999999999984e+29,3.809099999999996e+29,0.0,1.457999999999999e+28,6.87999999999999e+27,4.0196000000000004e+29,3.8725e+29,1.1449999999999997e+28,3.2600000000000016e+27,2.3358461621764485e+28,0.0
31577.36111111111,336.0017368935378,1.9099999999999999e+28,4.578572830013505e+31,3.998199999999997e+29,3.784199999999996e+29,0.0,1.4609999999999996e+28,6.789999999999991e+27,3.9984000000000034e+29,3.859500000000001e+29,1.0879999999999999e+28,3.010000000000002e+27,2.3370618035508864e+28,0.0
31581.25,337.0012407216509,1.976e+28,4.5802090211667745e+31,4.0298999999999976e+29,3.816099999999994e+29,0.0,1.4619999999999995e+28,6.75999999999999e+27,4.0233000000000006e+29,3.876100000000002e+29,1.177e+28,2.9500000000000024e+27,2.3542480265963313e+28,0.0
31585.13888888889,338.00310402596824,1.9229999999999998e+28,4.582050034205249e+31,4.0357999999999995e+29,3.820399999999995e+29,0.0,1.4719999999999994e+28,6.81999999999999e+27,4.041100000000005e+29,3.900100000000001e+29,1.1450000000000002e+28,2.649999999999999e+27,2.370903972065118e+28,0.0
31589.0,339.00006227122776,2.006e+28,4.583341486328414e+31,3.977699999999996e+29,3.772299999999996e+29,0.0,1.377e+28,6.769999999999991e+27,3.9694000000000005e+29,3.823900000000001e+29,1.1989999999999998e+28,2.5599999999999986e+27,2.369884028136605e+28,0.0
31592.88888888889,340.00636328350083,1.99e+28,4.585408132030283e+31,4.077199999999998e+29,3.868999999999994e+29,0.0,1.4030000000000005e+28,6.789999999999989e+27,4.0788000000000026e+29,3.937900000000005e+29,1.156e+28,2.53e+27,2.402378079868439e+28,0.0
31596.722222222223,341.0003311846076,2e+28,4.587364412221186e+31,4.022599999999996e+29,3.802099999999996e+29,0.0,1.5329999999999998e+28,6.719999999999991e+27,4.0216000000000015e+29,3.872900000000003e+29,1.1900000000000002e+28,2.9699999999999996e+27,2.3826375219134474e+28,0.0
31600.583333333332,342.00346024124156,1.978e+28,4.5892172213724545e+31,4.049599999999995e+29,3.830299999999997e+29,0.0,1.5109999999999998e+28,6.819999999999991e+27,4.051800000000005e+29,3.898500000000004e+29,1.2710000000000005e+28,2.6199999999999984e+27,2.4139262419070453e+28,0.0
31604.416666666668,343.00122133084005,2.0049999999999997e+28,4.590555094128924e+31,3.979699999999996e+29,3.762099999999997e+29,0.0,1.5019999999999998e+28,6.73999999999999e+27,3.9770000000000015e+29,3.828300000000003e+29,1.2339999999999997e+28,2.5299999999999984e+27,2.409861828291914e+28,0.0
31608.25,344.0007329639411,2.0500000000000003e+28,4.591889946603511e+31,3.992199999999995e+29,3.7825999999999944e+29,0.0,1.4190000000000005e+28,6.76999999999999e+27,3.987700000000003e+29,3.8341000000000026e+29,1.2919999999999995e+28,2.4399999999999976e+27,2.4224600722485126e+28,0.0
31612.083333333332,345.0018958009414,2.06e+28,4.5936447551307465e+31,4.0132999999999964e+29,3.808199999999998e+29,0.0,1.3669999999999992e+28,6.83999999999999e+27,4.012300000000006e+29,3.8727000000000035e+29,1.1840000000000002e+28,2.1199999999999993e+27,2.4344223810236113e+28,0.0
31615.916666666668,346.00461579353487,2.0870000000000004e+28,4.595227289555881e+31,4.0199999999999954e+29,3.801199999999996e+29,0.0,1.5059999999999999e+28,6.81999999999999e+27,4.017300000000004e+29,3.866300000000004e+29,1.2859999999999994e+28,2.2399999999999997e+27,2.4457056741443152e+28,0.0
31619.722222222223,347.00151060423195,2.079e+28,4.596789541317224e+31,3.991499999999999e+29,3.775699999999993e+29,0.0,1.4849999999999997e+28,6.72999999999999e+27,3.992300000000004e+29,3.8413000000000016e+29,1.282999999999999e+28,2.269999999999999e+27,2.4384706361084525e+28,0.0
31623.555555555555,348.00703534940567,2.1090000000000004e+28,4.598413800640829e+31,4.034599999999996e+29,3.822899999999995e+29,0.0,1.4329999999999998e+28,6.83999999999999e+27,4.031600000000004e+29,3.880600000000003e+29,1.2830000000000003e+28,2.2699999999999985e+27,2.4661411445836475e+28,0.0
31627.36111111111,349.00651674973506,2.064e+28,4.600007038441523e+31,4.0008999999999946e+29,3.7798999999999976e+29,0.0,1.5310000000000003e+28,6.78999999999999e+27,4.005400000000002e+29,3.8528000000000035e+29,1.2890000000000001e+28,2.3699999999999976e+27,2.457348374212012e+28,0.0
31631.166666666668,350.0071370301057,2.022e+28,4.601679328964621e+31,4.020199999999996e+29,3.8014999999999946e+29,0.0,1.5059999999999999e+28,6.80999999999999e+27,4.024400000000003e+29,3.869000000000004e+29,1.3120000000000004e+28,2.419999999999999e+27,2.4656969767751845e+28,0.0
31634.944444444445,351.0014815800614,2.0940000000000003e+28,4.602893389976289e+31,3.956899999999994e+29,3.7470999999999966e+29,0.0,1.426e+28,6.71999999999999e+27,3.949700000000003e+29,3.7996000000000026e+29,1.2989999999999998e+28,2.0199999999999983e+27,2.4552269672495666e+28,0.0
31638.75,352.00406901206316,2.1440000000000003e+28,4.604786472811727e+31,4.051099999999997e+29,3.8351999999999955e+29,0.0,1.4759999999999997e+28,6.82999999999999e+27,4.046100000000003e+29,3.8950000000000046e+29,1.301e+28,2.0999999999999994e+27,2.4801552800960136e+28,0.0
31642.527777777777,353.0001658824676,2.1090000000000004e+28,4.606569530809639e+31,4.014299999999997e+29,3.800799999999996e+29,0.0,1.4599999999999995e+28,6.74999999999999e+27,4.017800000000003e+29,3.8649000000000046e+29,1.3019999999999998e+28,2.2699999999999977e+27,2.468119638688418e+28,0.0
31646.333333333332,354.00431494301756,2.067e+28,4.607809279370849e+31,3.989799999999996e+29,3.782499999999994e+29,0.0,1.3929999999999995e+28,6.79999999999999e+27,3.994000000000004e+29,3.836600000000002e+29,1.3439999999999994e+28,2.2999999999999987e+27,2.491644348755061e+28,0.0
31650.11111111111,355.0017558061245,2.1550000000000005e+28,4.60912558653819e+31,3.988299999999998e+29,3.774499999999995e+29,0.0,1.459e+28,6.78999999999999e+27,3.979500000000003e+29,3.825200000000004e+29,1.3400000000000002e+28,2.0299999999999985e+27,2.4780406307836013e+28,0.0
31653.916666666668,356.0070540826164,2.1440000000000003e+28,4.610644272865896e+31,4.027499999999996e+29,3.810599999999996e+29,0.0,1.489e+28,6.79999999999999e+27,4.028600000000003e+29,3.8699000000000046e+29,1.3639999999999997e+28,2.2299999999999992e+27,2.5001254812200724e+28,0.0
31657.694444444445,357.0054283312138,2.073e+28,4.612165305016739e+31,4.002199999999995e+29,3.790699999999998e+29,0.0,1.4380000000000004e+28,6.769999999999991e+27,4.0093000000000054e+29,3.848900000000004e+29,1.3980000000000004e+28,2.059999999999999e+27,2.4849413299565684e+28,0.0
31661.472222222223,358.00411285723294,2.114e+28,4.613690312853526e+31,4.0083999999999964e+29,3.790799999999995e+29,0.0,1.498e+28,6.77999999999999e+27,4.0043000000000054e+29,3.851300000000005e+29,1.2909999999999994e+28,2.389999999999998e+27,2.4872392016157963e+28,0.0
31665.25,359.0030041073487,2.24e+28,4.615409394835865e+31,4.0469999999999965e+29,3.823899999999997e+29,0.0,1.5520000000000002e+28,6.78999999999999e+27,4.034400000000001e+29,3.8757000000000024e+29,1.367e+28,2.199999999999998e+27,2.488764887896457e+28,0.0
