Year,U_1.400eV,U_1.544eV,U_1.689eV,U_1.833eV,U_1.978eV,U_2.122eV,U_2.267eV,U_2.411eV,U_2.556eV,U_2.700eV,Total,Active,Inert
0.0000,1.485015e+26,3.204587e+26,7.164859e+26,7.730909e+26,1.010105e+27,5.407598e+29,5.866779e+29,5.937782e+29,5.943725e+29,5.943959e+29,2.912953e+30,2.968642e+27,2.909984e+30
0.0412,6.340135e+27,1.808619e+28,4.395181e+28,8.925799e+28,1.662003e+29,6.288854e+29,6.512181e+29,5.776004e+29,4.990551e+29,4.648949e+29,3.145490e+30,3.238364e+29,2.821654e+30
0.0853,1.503715e+28,4.281247e+28,1.028553e+29,2.021198e+29,3.245522e+29,7.541815e+29,6.984836e+29,5.542892e+29,4.449436e+29,4.052873e+29,3.544562e+30,6.873769e+29,2.857185e+30
0.1340,2.382428e+28,7.144032e+28,1.674068e+29,3.168072e+29,4.681717e+29,8.548975e+29,7.211176e+29,5.320781e+29,4.119380e+29,3.748679e+29,3.942549e+30,1.047650e+30,2.894899e+30
0.1899,3.120553e+28,9.300590e+28,2.223645e+29,4.177183e+29,5.894428e+29,9.277190e+29,7.378184e+29,5.107543e+29,3.907182e+29,3.565245e+29,4.277271e+30,1.353737e+30,2.923534e+30
0.2562,3.663330e+28,1.074764e+29,2.597565e+29,4.903637e+29,6.917317e+29,1.005214e+30,7.502118e+29,4.922353e+29,3.728664e+29,3.413302e+29,4.547820e+30,1.585962e+30,2.961858e+30
0.3339,3.927776e+28,1.155274e+29,2.823739e+29,5.365704e+29,7.860970e+29,1.090954e+30,7.737407e+29,4.770640e+29,3.545698e+29,3.230345e+29,4.779210e+30,1.759846e+30,3.019363e+30
0.4220,4.100952e+28,1.207619e+29,2.952293e+29,5.628198e+29,8.569475e+29,1.186272e+30,8.107854e+29,4.681041e+29,3.312183e+29,2.959866e+29,4.969134e+30,1.876768e+30,3.092366e+30
0.5163,4.233421e+28,1.250305e+29,3.082841e+29,5.941276e+29,9.213123e+29,1.266008e+30,8.497498e+29,4.561104e+29,2.992431e+29,2.598524e+29,5.122053e+30,1.991089e+30,3.130964e+30
0.6091,4.317711e+28,1.305381e+29,3.281384e+29,6.452834e+29,1.003744e+30,1.320786e+30,8.839576e+29,4.408716e+29,2.638245e+29,2.191287e+29,5.279449e+30,2.150881e+30,3.128568e+30
0.6939,4.562903e+28,1.410208e+29,3.604814e+29,7.168244e+29,1.101300e+30,1.344430e+30,9.118299e+29,4.263872e+29,2.294215e+29,1.790229e+29,5.456348e+30,2.365256e+30,3.091092e+30
0.7678,4.964844e+28,1.565968e+29,4.039052e+29,7.985691e+29,1.194027e+30,1.352265e+30,9.226669e+29,4.172805e+29,2.003061e+29,1.440009e+29,5.639266e+30,2.602746e+30,3.036520e+30
0.8303,5.611611e+28,1.755219e+29,4.528938e+29,8.887558e+29,1.292915e+30,1.378331e+30,9.119517e+29,4.138384e+29,1.783192e+29,1.170928e+29,5.865736e+30,2.866202e+30,2.999533e+30
0.8834,6.445971e+28,2.038166e+29,5.162867e+29,9.884796e+29,1.405848e+30,1.419597e+30,9.043106e+29,4.063836e+29,1.634142e+29,9.710303e+28,6.169699e+30,3.178890e+30,2.990809e+30
0.9303,7.785051e+28,2.327682e+29,5.887506e+29,1.103745e+30,1.525887e+30,1.475811e+30,9.137082e+29,4.020640e+29,1.537365e+29,8.391528e+28,6.558236e+30,3.529002e+30,3.029235e+30
0.9729,8.808709e+28,2.625126e+29,6.460374e+29,1.189185e+30,1.623577e+30,1.553706e+30,9.596037e+29,4.172364e+29,1.535528e+29,7.600654e+28,6.969505e+30,3.809399e+30,3.160106e+30
1.0141,9.630746e+28,2.868016e+29,6.869166e+29,1.248248e+30,1.687449e+30,1.614120e+30,1.009083e+30,4.501561e+29,1.611800e+29,7.284896e+28,7.313110e+30,4.005723e+30,3.307388e+30
1.0562,1.057059e+29,3.165869e+29,7.438832e+29,1.333864e+30,1.772991e+30,1.667953e+30,1.036421e+30,4.551836e+29,1.591688e+29,6.916928e+28,7.660927e+30,4.273030e+30,3.387896e+30
1.1017,1.200868e+29,3.556704e+29,8.284886e+29,1.460157e+30,1.891540e+30,1.725543e+30,1.034134e+30,4.352402e+29,1.471723e+29,6.453851e+28,8.062572e+30,4.655943e+30,3.406629e+30
1.1524,1.273618e+29,3.853175e+29,9.039649e+29,1.582532e+30,2.008397e+30,1.777577e+30,1.035858e+30,4.165992e+29,1.363529e+29,5.962729e+28,8.433587e+30,5.007574e+30,3.426014e+30
1.2116,1.242500e+29,3.827300e+29,9.392301e+29,1.679147e+30,2.131130e+30,1.846741e+30,1.047808e+30,4.029553e+29,1.256958e+29,5.408191e+28,8.733769e+30,5.256487e+30,3.477282e+30
1.2817,1.183799e+29,3.625365e+29,9.073604e+29,1.705124e+30,2.263053e+30,1.973665e+30,1.087103e+30,3.988474e+29,1.170369e+29,4.619971e+28,8.979306e+30,5.356454e+30,3.622852e+30
1.3636,1.099188e+29,3.401400e+29,8.491407e+29,1.642396e+30,2.330070e+30,2.147395e+30,1.170243e+30,4.111602e+29,1.128553e+29,3.730207e+28,9.150621e+30,5.271665e+30,3.878955e+30
1.4546,1.008361e+29,3.173417e+29,7.955670e+29,1.538003e+30,2.281359e+30,2.310043e+30,1.293523e+30,4.428961e+29,1.139326e+29,3.081274e+28,9.224314e+30,5.033107e+30,4.191207e+30
1.5493,9.377684e+28,2.999259e+29,7.660699e+29,1.489056e+30,2.232784e+30,2.385465e+30,1.391711e+30,4.710350e+29,1.178154e+29,2.694760e+28,9.274586e+30,4.881612e+30,4.392974e+30
1.6398,8.900666e+28,2.947234e+29,7.652359e+29,1.514858e+30,2.252670e+30,2.366987e+30,1.427834e+30,4.845051e+29,1.194679e+29,2.520518e+28,9.340494e+30,4.916495e+30,4.424000e+30
1.7208,8.894533e+28,3.011421e+29,7.950404e+29,1.583457e+30,2.313232e+30,2.309355e+30,1.414412e+30,4.882549e+29,1.187500e+29,2.450460e+28,9.437094e+30,5.081817e+30,4.355277e+30
1.7904,9.194552e+28,3.158266e+29,8.391686e+29,1.663403e+30,2.370187e+30,2.276252e+30,1.374890e+30,4.947374e+29,1.202362e+29,2.428547e+28,9.570932e+30,5.280530e+30,4.290402e+30
1.8496,9.764878e+28,3.390678e+29,8.992361e+29,1.756837e+30,2.446789e+30,2.266400e+30,1.337187e+30,4.939742e+29,1.215810e+29,2.430645e+28,9.783027e+30,5.539578e+30,4.243449e+30
1.9003,1.093293e+29,3.722433e+29,9.707156e+29,1.867467e+30,2.532604e+30,2.278769e+30,1.313289e+30,4.881800e+29,1.235466e+29,2.473032e+28,1.008087e+31,5.852359e+30,4.228514e+30
1.9453,1.261917e+29,4.096512e+29,1.057984e+30,1.980705e+30,2.628851e+30,2.318300e+30,1.316230e+30,4.896423e+29,1.269964e+29,2.522101e+28,1.047977e+31,6.203382e+30,4.276389e+30
1.9874,1.370265e+29,4.418729e+29,1.108733e+30,2.047990e+30,2.693243e+30,2.374676e+30,1.363080e+30,5.177396e+29,1.364157e+29,2.677636e+28,1.084755e+31,6.428865e+30,4.418687e+30
2.0287,1.479378e+29,4.722724e+29,1.156140e+30,2.107610e+30,2.743698e+30,2.409021e+30,1.391989e+30,5.412591e+29,1.459802e+29,2.803957e+28,1.114395e+31,6.627658e+30,4.516289e+30
2.0718,1.620094e+29,5.127834e+29,1.236088e+30,2.217207e+30,2.831391e+30,2.444751e+30,1.393118e+30,5.364761e+29,1.414623e+29,2.691275e+28,1.150220e+31,6.959479e+30,4.542719e+30
2.1186,1.755627e+29,5.623949e+29,1.333646e+30,2.355621e+30,2.940750e+30,2.474009e+30,1.373210e+30,5.110771e+29,1.314747e+29,2.475152e+28,1.188250e+31,7.367974e+30,4.514522e+30
2.1722,1.781481e+29,5.738330e+29,1.407499e+30,2.483105e+30,3.047733e+30,2.512019e+30,1.365097e+30,4.907096e+29,1.228112e+29,2.280074e+28,1.220376e+31,7.690317e+30,4.513438e+30
2.2347,1.677976e+29,5.432361e+29,1.384770e+30,2.557712e+30,3.187491e+30,2.607749e+30,1.388166e+30,4.847783e+29,1.175102e+29,2.209687e+28,1.246131e+31,7.841006e+30,4.620300e+30
2.3091,1.563867e+29,5.070688e+29,1.292053e+30,2.482550e+30,3.316113e+30,2.790359e+30,1.460880e+30,4.968935e+29,1.185021e+29,2.255328e+28,1.264336e+31,7.754171e+30,4.889188e+30
2.3943,1.459732e+29,4.699077e+29,1.192678e+30,2.316611e+30,3.300285e+30,3.021543e+30,1.604307e+30,5.390136e+29,1.283897e+29,2.381306e+28,1.274252e+31,7.425454e+30,5.317066e+30
2.4876,1.348910e+29,4.423071e+29,1.119485e+30,2.173450e+30,3.164656e+30,3.183511e+30,1.764310e+30,5.934396e+29,1.408122e+29,2.499075e+28,1.274185e+31,7.034789e+30,5.707064e+30
2.5814,1.267423e+29,4.247670e+29,1.093710e+30,2.134435e+30,3.100968e+30,3.204055e+30,1.859395e+30,6.250643e+29,1.472203e+29,2.664967e+28,1.274301e+31,6.880623e+30,5.862385e+30
2.6695,1.226070e+29,4.248874e+29,1.112271e+30,2.191154e+30,3.146618e+30,3.119633e+30,1.854330e+30,6.287537e+29,1.473062e+29,2.669057e+28,1.277425e+31,6.997537e+30,5.776713e+30
2.7467,1.239977e+29,4.364302e+29,1.159968e+30,2.282063e+30,3.208497e+30,3.035949e+30,1.804987e+30,6.234192e+29,1.480761e+29,2.633250e+28,1.284972e+31,7.210956e+30,5.638764e+30
2.8121,1.284687e+29,4.525107e+29,1.211602e+30,2.376727e+30,3.274599e+30,2.993874e+30,1.738544e+30,6.224967e+29,1.486685e+29,2.616758e+28,1.297366e+31,7.443908e+30,5.529751e+30
2.8680,1.397050e+29,4.787062e+29,1.285056e+30,2.481066e+30,3.348565e+30,2.983606e+30,1.689072e+30,6.144051e+29,1.484949e+29,2.657499e+28,1.319525e+31,7.733098e+30,5.462153e+30
2.9163,1.550830e+29,5.187628e+29,1.375010e+30,2.597799e+30,3.431371e+30,2.986297e+30,1.663345e+30,6.047368e+29,1.493055e+29,2.675937e+28,1.350847e+31,8.078027e+30,5.430444e+30
2.9598,1.732836e+29,5.662634e+29,1.463616e+30,2.702362e+30,3.515448e+30,3.023774e+30,1.669034e+30,6.112161e+29,1.520791e+29,2.734633e+28,1.390442e+31,8.420973e+30,5.483450e+30
3.0015,1.857832e+29,6.011329e+29,1.510010e+30,2.757239e+30,3.558864e+30,3.056534e+30,1.708254e+30,6.418107e+29,1.637603e+29,2.959728e+28,1.421298e+31,8.613029e+30,5.599956e+30
3.0432,1.991345e+29,6.392614e+29,1.569304e+30,2.838065e+30,3.606876e+30,3.076810e+30,1.724601e+30,6.550035e+29,1.705171e+29,3.067523e+28,1.451025e+31,8.852641e+30,5.657608e+30
3.0873,2.187187e+29,6.934763e+29,1.672181e+30,2.968002e+30,3.702444e+30,3.098684e+30,1.701264e+30,6.312939e+29,1.603411e+29,2.879665e+28,1.487520e+31,9.254823e+30,5.620379e+30
3.1360,2.277417e+29,7.471587e+29,1.778330e+30,3.111393e+30,3.804624e+30,3.111409e+30,1.671221e+30,6.021325e+29,1.476559e+29,2.635311e+28,1.522802e+31,9.669247e+30,5.558772e+30
3.1929,2.205746e+29,7.347125e+29,1.830598e+30,3.239182e+30,3.934885e+30,3.158443e+30,1.663039e+30,5.841068e+29,1.392235e+29,2.481888e+28,1.552958e+31,9.959953e+30,5.569631e+30
3.2592,2.062804e+29,6.813005e+29,1.749062e+30,3.264731e+30,4.102233e+30,3.293774e+30,1.708732e+30,5.845498e+29,1.375910e+29,2.438154e+28,1.575264e+31,1.000361e+31,5.749029e+30
3.3373,1.903080e+29,6.321041e+29,1.618645e+30,3.103515e+30,4.199067e+30,3.537900e+30,1.829647e+30,6.141898e+29,1.431198e+29,2.540571e+28,1.589390e+31,9.743639e+30,6.150262e+30
3.4264,1.771176e+29,5.860502e+29,1.496412e+30,2.870900e+30,4.077360e+30,3.813432e+30,2.028794e+30,6.751311e+29,1.572572e+29,2.747881e+28,1.590993e+31,9.207840e+30,6.702093e+30
3.5207,1.655508e+29,5.542796e+29,1.425795e+30,2.729422e+30,3.915207e+30,3.937243e+30,2.200008e+30,7.314783e+29,1.707096e+29,2.967424e+28,1.585937e+31,8.790255e+30,7.069112e+30
3.6130,1.571318e+29,5.419882e+29,1.410496e+30,2.721545e+30,3.872486e+30,3.875042e+30,2.248926e+30,7.540371e+29,1.769328e+29,3.037143e+28,1.578896e+31,8.703646e+30,7.085310e+30
3.6973,1.562235e+29,5.486762e+29,1.452289e+30,2.816860e+30,3.924538e+30,3.733253e+30,2.191672e+30,7.439425e+29,1.736719e+29,2.960576e+28,1.577073e+31,8.898587e+30,6.872146e+30
3.7707,1.601740e+29,5.654047e+29,1.508518e+30,2.923949e+30,3.991079e+30,3.641434e+30,2.104181e+30,7.340798e+29,1.706901e+29,2.951912e+28,1.582903e+31,9.149124e+30,6.679904e+30
3.8328,1.666527e+29,5.837672e+29,1.572120e+30,3.028168e+30,4.064994e+30,3.598611e+30,2.025277e+30,7.250985e+29,1.712895e+29,2.964970e+28,1.596563e+31,9.415703e+30,6.549926e+30
3.8854,1.774022e+29,6.243247e+29,1.655768e+30,3.131886e+30,4.134639e+30,3.570847e+30,1.971278e+30,7.092514e+29,1.706915e+29,2.946184e+28,1.617555e+31,9.724020e+30,6.451531e+30
3.9318,2.004623e+29,6.704982e+29,1.757773e+30,3.255366e+30,4.206402e+30,3.568301e+30,1.939727e+30,6.987986e+29,1.710114e+29,2.962514e+28,1.649796e+31,1.009050e+31,6.407463e+30
3.9749,2.155216e+29,7.167846e+29,1.831316e+30,3.341937e+30,4.273314e+30,3.603971e+30,1.957984e+30,7.116063e+29,1.768823e+29,3.054781e+28,1.685987e+31,1.037887e+31,6.480991e+30
4.0161,2.296123e+29,7.560361e+29,1.882898e+30,3.398070e+30,4.298746e+30,3.620039e+30,1.986608e+30,7.404711e+29,1.887210e+29,3.285280e+28,1.713405e+31,1.056536e+31,6.568692e+30
4.0582,2.467837e+29,8.014091e+29,1.961254e+30,3.495013e+30,4.356968e+30,3.628415e+30,1.980340e+30,7.362646e+29,1.880562e+29,3.242777e+28,1.742693e+31,1.086143e+31,6.565504e+30
4.1037,2.691110e+29,8.654810e+29,2.077212e+30,3.645280e+30,4.448326e+30,3.626562e+30,1.941574e+30,7.048259e+29,1.740170e+29,3.035843e+28,1.778275e+31,1.130541e+31,6.477337e+30
4.1549,2.747932e+29,9.002689e+29,2.180734e+30,3.791903e+30,4.547872e+30,3.630776e+30,1.912437e+30,6.753871e+29,1.635558e+29,2.817832e+28,1.810590e+31,1.169557e+31,6.410334e+30
4.2146,2.559246e+29,8.637998e+29,2.188144e+30,3.896752e+30,4.693043e+30,3.702305e+30,1.915651e+30,6.616589e+29,1.575517e+29,2.682856e+28,1.836166e+31,1.189766e+31,6.463995e+30
4.2851,2.396337e+29,8.030145e+29,2.051815e+30,3.838557e+30,4.864933e+30,3.891915e+30,1.986834e+30,6.731340e+29,1.573017e+29,2.663573e+28,1.853377e+31,1.179795e+31,6.735821e+30
4.3675,2.217806e+29,7.426628e+29,1.895490e+30,3.607441e+30,4.880777e+30,4.187772e+30,2.143689e+30,7.172458e+29,1.676121e+29,2.787821e+28,1.859235e+31,1.134815e+31,7.244196e+30
4.4585,2.057288e+29,6.946653e+29,1.770127e+30,3.355766e+30,4.690841e+30,4.443311e+30,2.372647e+30,7.879674e+29,1.833238e+29,3.093053e+28,1.853531e+31,1.071713e+31,7.818180e+30
4.5532,1.937008e+29,6.668543e+29,1.705180e+30,3.239655e+30,4.547288e+30,4.492349e+30,2.514563e+30,8.381030e+29,1.966997e+29,3.296638e+28,1.842736e+31,1.035268e+31,8.074681e+30
4.6437,1.869311e+29,6.595720e+29,1.711856e+30,3.277549e+30,4.548894e+30,4.378548e+30,2.518506e+30,8.460124e+29,1.973490e+29,3.325898e+28,1.835848e+31,1.038480e+31,7.973675e+30
4.7242,1.868804e+29,6.717634e+29,1.769061e+30,3.392138e+30,4.605906e+30,4.222440e+30,2.425277e+30,8.294139e+29,1.933711e+29,3.263279e+28,1.832888e+31,1.062575e+31,7.703135e+30
4.7934,1.907620e+29,6.879088e+29,1.827349e+30,3.502612e+30,4.675594e+30,4.130284e+30,2.329009e+30,8.164561e+29,1.907340e+29,3.250415e+28,1.838321e+31,1.088423e+31,7.498986e+30
4.8521,2.000943e+29,7.138314e+29,1.895759e+30,3.600832e+30,4.744496e+30,4.091122e+30,2.254372e+30,8.058174e+29,1.907284e+29,3.267812e+28,1.852973e+31,1.115501e+31,7.374717e+30
4.9023,2.172697e+29,7.587354e+29,1.986489e+30,3.718566e+30,4.809361e+30,4.062886e+30,2.203976e+30,7.884397e+29,1.904031e+29,3.237032e+28,1.876850e+31,1.149042e+31,7.278075e+30
4.9473,2.438619e+29,8.123672e+29,2.098823e+30,3.848380e+30,4.876247e+30,4.058768e+30,2.174477e+30,7.804958e+29,1.911752e+29,3.245885e+28,1.911705e+31,1.187968e+31,7.237375e+30
4.9890,2.583217e+29,8.571922e+29,2.152939e+30,3.912893e+30,4.920167e+30,4.077881e+30,2.203792e+30,8.029532e+29,2.005862e+29,3.410124e+28,1.942083e+31,1.210151e+31,7.319314e+30
5.0307,2.742876e+29,8.991165e+29,2.214331e+30,3.978039e+30,4.940530e+30,4.080955e+30,2.217769e+30,8.185800e+29,2.080659e+29,3.609579e+28,1.966777e+31,1.230630e+31,7.361465e+30
5.0733,2.956843e+29,9.569962e+29,2.316571e+30,4.101498e+30,5.007321e+30,4.082314e+30,2.189906e+30,7.998274e+29,2.007773e+29,3.459620e+28,1.998549e+31,1.267807e+31,7.307421e+30
5.1206,3.143517e+29,1.026762e+30,2.442585e+30,4.254317e+30,5.096895e+30,4.068618e+30,2.142336e+30,7.637036e+29,1.859375e+29,3.201082e+28,2.032752e+31,1.313491e+31,7.192606e+30
5.1746,3.117226e+29,1.035371e+30,2.530511e+30,4.400990e+30,5.198644e+30,4.079089e+30,2.110594e+30,7.367059e+29,1.752182e+29,2.963467e+28,2.060848e+31,1.347724e+31,7.131242e+30
5.2381,2.899658e+29,9.729321e+29,2.464407e+30,4.470173e+30,5.372406e+30,4.190589e+30,2.133588e+30,7.271744e+29,1.715541e+29,2.865547e+28,2.082145e+31,1.356988e+31,7.251561e+30
5.3125,2.691492e+29,9.031540e+29,2.296185e+30,4.313393e+30,5.525456e+30,4.439319e+30,2.240333e+30,7.531493e+29,1.756997e+29,2.913048e+28,2.094497e+31,1.330734e+31,7.637631e+30
5.3982,2.504420e+29,8.414696e+29,2.125057e+30,4.027063e+30,5.448240e+30,4.768600e+30,2.452518e+30,8.174773e+29,1.906551e+29,3.159076e+28,2.095311e+31,1.269227e+31,8.260842e+30
5.4915,2.327185e+29,7.938101e+29,2.006572e+30,3.788682e+30,5.220290e+30,4.974931e+30,2.681638e+30,8.955756e+29,2.094072e+29,3.453393e+28,2.083816e+31,1.204207e+31,8.796086e+30
5.5853,2.216888e+29,7.693028e+29,1.964432e+30,3.720597e+30,5.113149e+30,4.951309e+30,2.783527e+30,9.286124e+29,2.168692e+29,3.610186e+28,2.070559e+31,1.178917e+31,8.916420e+30
5.6729,2.152666e+29,7.719549e+29,1.999497e+30,3.809108e+30,5.145747e+30,4.793195e+30,2.747751e+30,9.236518e+29,2.152394e+29,3.614320e+28,2.065755e+31,1.194157e+31,8.715980e+30
5.7497,2.164660e+29,7.874133e+29,2.066114e+30,3.929800e+30,5.208034e+30,4.643501e+30,2.642914e+30,9.049246e+29,2.103353e+29,3.612349e+28,2.064563e+31,1.220783e+31,8.437798e+30
5.8150,2.204454e+29,8.072816e+29,2.132510e+30,4.038812e+30,5.265600e+30,4.562274e+30,2.533748e+30,8.896576e+29,2.086702e+29,3.554979e+28,2.069455e+31,1.246465e+31,8.229899e+30
5.8700,2.357036e+29,8.386643e+29,2.216125e+30,4.152014e+30,5.323293e+30,4.514917e+30,2.452792e+30,8.696541e+29,2.068159e+29,3.551747e+28,2.084550e+31,1.276580e+31,8.079697e+30
5.9183,2.573583e+29,8.913408e+29,2.315923e+30,4.271196e+30,5.382256e+30,4.484741e+30,2.401725e+30,8.502072e+29,2.055173e+29,3.538779e+28,2.109565e+31,1.311808e+31,7.977578e+30
5.9619,2.806143e+29,9.512003e+29,2.416196e+30,4.382700e+30,5.451488e+30,4.488572e+30,2.388515e+30,8.455877e+29,2.074656e+29,3.531829e+28,2.144766e+31,1.348220e+31,7.965459e+30
6.0035,2.953771e+29,9.952216e+29,2.466800e+30,4.432669e+30,5.470393e+30,4.492617e+30,2.415950e+30,8.726753e+29,2.185702e+29,3.770847e+28,2.169798e+31,1.366046e+31,8.037521e+30
6.0452,3.134191e+29,1.044131e+30,2.538597e+30,4.509731e+30,5.498844e+30,4.490610e+30,2.419255e+30,8.802024e+29,2.215121e+29,3.844402e+28,2.195475e+31,1.390472e+31,8.050024e+30
6.0893,3.408134e+29,1.113439e+30,2.665094e+30,4.659701e+30,5.575273e+30,4.476587e+30,2.369718e+30,8.474058e+29,2.088446e+29,3.602493e+28,2.229290e+31,1.435432e+31,7.938580e+30
6.1385,3.517965e+29,1.180729e+30,2.791274e+30,4.815546e+30,5.659822e+30,4.459653e+30,2.314846e+30,8.083595e+29,1.951707e+29,3.325443e+28,2.261045e+31,1.479917e+31,7.811284e+30
6.1954,3.413434e+29,1.157162e+30,2.841876e+30,4.948027e+30,5.779252e+30,4.490742e+30,2.291866e+30,7.861776e+29,1.855379e+29,3.146073e+28,2.285345e+31,1.506766e+31,7.785785e+30
6.2626,3.173555e+29,1.080008e+30,2.719689e+30,4.950901e+30,5.967463e+30,4.649395e+30,2.339852e+30,7.895636e+29,1.842707e+29,3.109027e+28,2.302959e+31,1.503542e+31,7.994171e+30
6.3412,2.955132e+29,1.005127e+30,2.534847e+30,4.724800e+30,6.064064e+30,4.954173e+30,2.487793e+30,8.290696e+29,1.935991e+29,3.296202e+28,2.312195e+31,1.462435e+31,8.497596e+30
6.4303,2.735442e+29,9.399270e+29,2.358792e+30,4.402627e+30,5.884628e+30,5.275451e+30,2.733846e+30,9.035043e+29,2.110192e+29,3.583021e+28,2.301917e+31,1.385952e+31,9.159651e+30
6.5246,2.566995e+29,8.940888e+29,2.257235e+30,4.200831e+30,5.667119e+30,5.390356e+30,2.933056e+30,9.732334e+29,2.264380e+29,3.853755e+28,2.283759e+31,1.327597e+31,9.561621e+30
6.6169,2.450318e+29,8.749347e+29,2.235798e+30,4.187422e+30,5.613728e+30,5.291429e+30,2.978788e+30,9.916547e+29,2.311562e+29,3.870253e+28,2.268864e+31,1.315691e+31,9.531730e+30
6.7008,2.416448e+29,8.836811e+29,2.291305e+30,4.298191e+30,5.653833e+30,5.111793e+30,2.895402e+30,9.727233e+29,2.267911e+29,3.877254e+28,2.261414e+31,1.336866e+31,9.245482e+30
6.7737,2.440045e+29,9.002250e+29,2.356452e+30,4.415850e+30,5.722221e+30,4.981136e+30,2.785156e+30,9.586766e+29,2.239554e+29,3.777023e+28,2.262545e+31,1.363875e+31,8.986694e+30
6.8353,2.519601e+29,9.204343e+29,2.421659e+30,4.528773e+30,5.789518e+30,4.918548e+30,2.680856e+30,9.433336e+29,2.213760e+29,3.759849e+28,2.271406e+31,1.391234e+31,8.801713e+30
6.8874,2.667060e+29,9.669728e+29,2.515171e+30,4.637544e+30,5.845067e+30,4.873625e+30,2.611882e+30,9.225591e+29,2.187293e+29,3.741882e+28,2.289567e+31,1.423146e+31,8.664214e+30
6.9338,2.970870e+29,1.021444e+30,2.629676e+30,4.765134e+30,5.897714e+30,4.843755e+30,2.566758e+30,9.039955e+29,2.187081e+29,3.717667e+28,2.318145e+31,1.461106e+31,8.570394e+30
6.9764,3.160615e+29,1.078249e+30,2.705645e+30,4.852251e+30,5.947524e+30,4.851521e+30,2.571944e+30,9.124013e+29,2.241524e+29,3.835697e+28,2.349811e+31,1.489973e+31,8.598375e+30
7.0176,3.335951e+29,1.125538e+30,2.760032e+30,4.902465e+30,5.953430e+30,4.848442e+30,2.589561e+30,9.382719e+29,2.356475e+29,4.052199e+28,2.372750e+31,1.507506e+31,8.652444e+30
7.0603,3.553490e+29,1.184078e+30,2.853577e+30,5.006094e+30,5.995911e+30,4.833956e+30,2.564549e+30,9.277616e+29,2.318155e+29,4.047387e+28,2.399357e+31,1.539501e+31,8.598556e+30
7.1057,3.830035e+29,1.259978e+30,2.992633e+30,5.167304e+30,6.076694e+30,4.801500e+30,2.501961e+30,8.863541e+29,2.164321e+29,3.724935e+28,2.432311e+31,1.587961e+31,8.443496e+30
7.1574,3.877483e+29,1.296375e+30,3.105840e+30,5.324361e+30,6.170932e+30,4.791035e+30,2.456599e+30,8.519318e+29,2.028138e+29,3.491537e+28,2.462255e+31,1.628526e+31,8.337295e+30
7.2175,3.598302e+29,1.245059e+30,3.096983e+30,5.434165e+30,6.326748e+30,4.862130e+30,2.456703e+30,8.363252e+29,1.959821e+29,3.383623e+28,2.484776e+31,1.646278e+31,8.384977e+30
7.2886,3.374159e+29,1.163078e+30,2.920648e+30,5.347975e+30,6.521528e+30,5.077284e+30,2.543521e+30,8.507494e+29,1.972330e+29,3.379100e+28,2.499322e+31,1.629065e+31,8.702579e+30
7.3710,3.142033e+29,1.085102e+30,2.722401e+30,5.038538e+30,6.524397e+30,5.434692e+30,2.742951e+30,9.090702e+29,2.104815e+29,3.556053e+28,2.501740e+31,1.568464e+31,9.332755e+30
7.4629,2.922638e+29,1.022119e+30,2.551338e+30,4.714692e+30,6.283057e+30,5.725355e+30,3.017847e+30,1.001824e+30,2.316772e+29,3.834718e+28,2.487852e+31,1.486347e+31,1.001505e+31
7.5571,2.754947e+29,9.832931e+29,2.469728e+30,4.568705e+30,6.098573e+30,5.765260e+30,3.179235e+30,1.058476e+30,2.455350e+29,4.079259e+28,2.468509e+31,1.439579e+31,1.028930e+31
7.6471,2.671104e+29,9.735694e+29,2.481907e+30,4.616186e+30,6.085287e+30,5.610598e+30,3.164566e+30,1.060329e+30,2.465502e+29,4.148857e+28,2.454759e+31,1.442406e+31,1.012353e+31
7.7276,2.667094e+29,9.884663e+29,2.550666e+30,4.745615e+30,6.150622e+30,5.423416e+30,3.051572e+30,1.034742e+30,2.409963e+29,4.074360e+28,2.449355e+31,1.470208e+31,9.791470e+30
7.7963,2.703507e+29,1.004166e+30,2.613310e+30,4.859407e+30,6.213383e+30,5.306984e+30,2.925090e+30,1.013182e+30,2.378192e+29,3.993565e+28,2.448363e+31,1.496062e+31,9.523012e+30
7.8541,2.817527e+29,1.029931e+30,2.686956e+30,4.963000e+30,6.271955e+30,5.239996e+30,2.828333e+30,9.906335e+29,2.362738e+29,3.984459e+28,2.456868e+31,1.523360e+31,9.335081e+30
7.9043,3.022381e+29,1.080621e+30,2.786866e+30,5.080940e+30,6.315410e+30,5.188816e+30,2.758695e+30,9.651934e+29,2.327299e+29,3.921478e+28,2.475072e+31,1.556607e+31,9.184649e+30
7.9488,3.334642e+29,1.144081e+30,2.903156e+30,5.202147e+30,6.371551e+30,5.164439e+30,2.715009e+30,9.531350e+29,2.327110e+29,3.920600e+28,2.505890e+31,1.595440e+31,9.104500e+30
7.9910,3.502105e+29,1.195617e+30,2.964185e+30,5.260189e+30,6.401358e+30,5.178963e+30,2.739689e+30,9.762442e+29,2.424007e+29,4.078295e+28,2.534964e+31,1.617156e+31,9.178080e+30
8.0322,3.700096e+29,1.245755e+30,3.028262e+30,5.321996e+30,6.416044e+30,5.165013e+30,2.745265e+30,9.904570e+29,2.495775e+29,4.214920e+28,2.557453e+31,1.638207e+31,9.192463e+30
8.0753,3.958289e+29,1.315214e+30,3.145290e+30,5.451388e+30,6.477984e+30,5.146890e+30,2.700237e+30,9.629942e+29,2.406372e+29,4.057049e+28,2.587703e+31,1.678570e+31,9.091329e+30
8.1227,4.153124e+29,1.395540e+30,3.285986e+30,5.615452e+30,6.548728e+30,5.107954e+30,2.635051e+30,9.198150e+29,2.243012e+29,3.773615e+28,2.618588e+31,1.726102e+31,8.924858e+30
8.1771,4.103377e+29,1.401448e+30,3.382449e+30,5.769567e+30,6.651010e+30,5.108622e+30,2.595949e+30,8.904031e+29,2.127474e+29,3.585587e+28,2.645839e+31,1.761481e+31,8.843577e+30
8.2411,3.838442e+29,1.325865e+30,3.299518e+30,5.836582e+30,6.826717e+30,5.225321e+30,2.622285e+30,8.840145e+29,2.080954e+29,3.505859e+28,2.664730e+31,1.767253e+31,8.974775e+30
8.3159,3.594022e+29,1.240490e+30,3.098789e+30,5.643377e+30,6.982120e+30,5.497759e+30,2.745752e+30,9.125215e+29,2.132698e+29,3.644574e+28,2.672993e+31,1.732418e+31,9.405748e+30
8.4021,3.341856e+29,1.160078e+30,2.889321e+30,5.303347e+30,6.886597e+30,5.861765e+30,2.985789e+30,9.879114e+29,2.299563e+29,3.896841e+28,2.667792e+31,1.657353e+31,1.010439e+31
8.4959,3.133161e+29,1.101370e+30,2.745050e+30,5.025277e+30,6.628166e+30,6.077515e+30,3.239861e+30,1.073550e+30,2.508071e+29,4.242149e+28,2.649733e+31,1.581318e+31,1.068416e+31
8.5897,2.976401e+29,1.071202e+30,2.691116e+30,4.940926e+30,6.505619e+30,6.034225e+30,3.344349e+30,1.112122e+30,2.604177e+29,4.346436e+28,2.630108e+31,1.550650e+31,1.079458e+31
8.6764,2.921412e+29,1.074125e+30,2.731642e+30,5.036784e+30,6.528044e+30,5.835637e+30,3.280882e+30,1.098168e+30,2.573100e+29,4.311758e+28,2.617785e+31,1.566274e+31,1.051511e+31
8.7526,2.932970e+29,1.088004e+30,2.799070e+30,5.157061e+30,6.587037e+30,5.668825e+30,3.154767e+30,1.076922e+30,2.524085e+29,4.268490e+28,2.612008e+31,1.592447e+31,1.019561e+31
8.8175,2.993996e+29,1.107200e+30,2.860423e+30,5.263390e+30,6.645503e+30,5.582017e+30,3.035336e+30,1.058391e+30,2.482891e+29,4.187729e+28,2.614183e+31,1.617592e+31,9.965911e+30
8.8724,3.152104e+29,1.137412e+30,2.947602e+30,5.372467e+30,6.701155e+30,5.523702e+30,2.948528e+30,1.033541e+30,2.450120e+29,4.153828e+28,2.626617e+31,1.647385e+31,9.792322e+30
8.9203,3.401552e+29,1.195723e+30,3.057943e+30,5.499978e+30,6.744923e+30,5.471826e+30,2.885802e+30,1.011354e+30,2.418590e+29,4.129670e+28,2.649086e+31,1.683872e+31,9.652138e+30
8.9639,3.663339e+29,1.264117e+30,3.161519e+30,5.609083e+30,6.797899e+30,5.459828e+30,2.860124e+30,1.004717e+30,2.440516e+29,4.139402e+28,2.680907e+31,1.719895e+31,9.610115e+30
9.0051,3.845189e+29,1.315685e+30,3.213617e+30,5.655734e+30,6.806334e+30,5.458795e+30,2.889106e+30,1.032053e+30,2.550544e+29,4.369537e+28,2.705459e+31,1.737589e+31,9.678704e+30
9.0467,4.051035e+29,1.372224e+30,3.294246e+30,5.738730e+30,6.831475e+30,5.440179e+30,2.874745e+30,1.033685e+30,2.576205e+29,4.381912e+28,2.729183e+31,1.764178e+31,9.650049e+30
9.0913,4.354578e+29,1.453686e+30,3.440302e+30,5.891506e+30,6.902624e+30,5.401618e+30,2.809959e+30,9.907313e+29,2.437902e+29,4.100289e+28,2.761068e+31,1.812358e+31,9.487102e+30
9.1410,4.460691e+29,1.528966e+30,3.575466e+30,6.056570e+30,6.978263e+30,5.366558e+30,2.746115e+30,9.488061e+29,2.287882e+29,3.806021e+28,2.791366e+31,1.858533e+31,9.328328e+30
9.1983,4.336364e+29,1.492913e+30,3.624578e+30,6.200899e+30,7.103371e+30,5.394284e+30,2.721548e+30,9.236478e+29,2.194494e+29,3.606224e+28,2.815039e+31,1.885540e+31,9.294992e+30
9.2656,4.038952e+29,1.403470e+30,3.476125e+30,6.184160e+30,7.301058e+30,5.571914e+30,2.781178e+30,9.274375e+29,2.181156e+29,3.581743e+28,2.830317e+31,1.876871e+31,9.534463e+30
9.3447,3.765388e+29,1.314015e+30,3.258082e+30,5.903756e+30,7.387449e+30,5.901556e+30,2.948657e+30,9.762319e+29,2.279297e+29,3.756203e+28,2.833178e+31,1.823984e+31,1.009194e+31
9.4342,3.506419e+29,1.233169e+30,3.052005e+30,5.538393e+30,7.192993e+30,6.266674e+30,3.224118e+30,1.065898e+30,2.478986e+29,4.133945e+28,2.821313e+31,1.736720e+31,1.084593e+31
9.5285,3.287231e+29,1.181210e+30,2.932428e+30,5.313834e+30,6.948518e+30,6.393821e+30,3.446233e+30,1.140802e+30,2.682170e+29,4.410061e+28,2.799789e+31,1.670471e+31,1.129317e+31
9.6208,3.183400e+29,1.159674e+30,2.910163e+30,5.303939e+30,6.887787e+30,6.275615e+30,3.488336e+30,1.163063e+30,2.700249e+29,4.429440e+28,2.782124e+31,1.657990e+31,1.124133e+31
9.7042,3.144196e+29,1.168738e+30,2.968997e+30,5.428184e+30,6.942258e+30,6.061371e+30,3.379747e+30,1.135010e+30,2.634594e+29,4.308034e+28,2.770527e+31,1.682260e+31,1.088267e+31
9.7766,3.183120e+29,1.182651e+30,3.036487e+30,5.549119e+30,7.003563e+30,5.912841e+30,3.248363e+30,1.115384e+30,2.588578e+29,4.279524e+28,2.766837e+31,1.709013e+31,1.057824e+31
9.8377,3.271740e+29,1.203180e+30,3.105455e+30,5.656839e+30,7.059484e+30,5.830076e+30,3.139731e+30,1.094670e+30,2.566136e+29,4.266965e+28,2.771589e+31,1.735213e+31,1.036376e+31
9.8898,3.457025e+29,1.252375e+30,3.204479e+30,5.762276e+30,7.095161e+30,5.771533e+30,3.052552e+30,1.066043e+30,2.531079e+29,4.241043e+28,2.784564e+31,1.765999e+31,1.018565e+31
9.9358,3.796058e+29,1.312326e+30,3.329905e+30,5.889004e+30,7.147639e+30,5.723804e+30,2.994981e+30,1.041879e+30,2.504736e+29,4.202512e+28,2.811164e+31,1.805848e+31,1.005316e+31
9.9784,3.998557e+29,1.372567e+30,3.403158e+30,5.963374e+30,7.183739e+30,5.722987e+30,3.000961e+30,1.053383e+30,2.562252e+29,4.328224e+28,2.839953e+31,1.832269e+31,1.007684e+31
10.0196,4.189829e+29,1.422093e+30,3.462381e+30,6.013614e+30,7.187343e+30,5.712016e+30,3.009130e+30,1.076735e+30,2.679002e+29,4.565627e+28,2.861585e+31,1.850441e+31,1.011144e+31
10.0618,4.439213e+29,1.488356e+30,3.563696e+30,6.124876e+30,7.227536e+30,5.680516e+30,2.979139e+30,1.060238e+30,2.626513e+29,4.464419e+28,2.887557e+31,1.884839e+31,1.002719e+31
10.1077,4.743511e+29,1.574606e+30,3.716129e+30,6.289934e+30,7.292769e+30,5.633756e+30,2.904011e+30,1.013340e+30,2.461457e+29,4.154159e+28,2.918658e+31,1.934779e+31,9.838795e+30
10.1598,4.827329e+29,1.610253e+30,3.839012e+30,6.451913e+30,7.373861e+30,5.607808e+30,2.847295e+30,9.782793e+29,2.336844e+29,3.887868e+28,2.946372e+31,1.975777e+31,9.705946e+30
10.2205,4.525204e+29,1.555915e+30,3.826433e+30,6.559646e+30,7.525458e+30,5.673426e+30,2.845461e+30,9.586392e+29,2.256897e+29,3.786591e+28,2.966105e+31,1.991997e+31,9.741081e+30
10.2920,4.244842e+29,1.460887e+30,3.625052e+30,6.448705e+30,7.721684e+30,5.911235e+30,2.936692e+30,9.724061e+29,2.286031e+29,3.814151e+28,2.976789e+31,1.968081e+31,1.008708e+31
10.3749,3.955606e+29,1.366486e+30,3.397273e+30,6.114950e+30,7.710736e+30,6.286451e+30,3.152569e+30,1.038115e+30,2.436739e+29,4.042540e+28,2.974624e+31,1.898501e+31,1.076123e+31
10.4668,3.697455e+29,1.293565e+30,3.204898e+30,5.769076e+30,7.438425e+30,6.593005e+30,3.439187e+30,1.133822e+30,2.649164e+29,4.340106e+28,2.955004e+31,1.807571e+31,1.147433e+31
10.5615,3.495064e+29,1.246158e+30,3.113778e+30,5.610670e+30,7.251363e+30,6.637089e+30,3.605731e+30,1.191067e+30,2.786823e+29,4.596930e+28,2.933001e+31,1.757148e+31,1.175854e+31
10.6510,3.404448e+29,1.236655e+30,3.123534e+30,5.656780e+30,7.235335e+30,6.447562e+30,3.579259e+30,1.194445e+30,2.771544e+29,4.606070e+28,2.913723e+31,1.759275e+31,1.154448e+31
10.7306,3.389025e+29,1.250923e+30,3.196592e+30,5.790335e+30,7.286586e+30,6.244491e+30,3.455001e+30,1.171156e+30,2.729203e+29,4.536681e+28,2.905227e+31,1.786334e+31,1.118894e+31
10.7988,3.442829e+29,1.264881e+30,3.261384e+30,5.904257e+30,7.348776e+30,6.123649e+30,3.324917e+30,1.148895e+30,2.691898e+29,4.516311e+28,2.903540e+31,1.812358e+31,1.091181e+31
10.8566,3.573438e+29,1.292786e+30,3.335965e+30,6.003709e+30,7.394826e+30,6.054463e+30,3.222482e+30,1.124879e+30,2.652639e+29,4.402914e+28,2.909575e+31,1.838463e+31,1.071112e+31
10.9063,3.803347e+29,1.348193e+30,3.444726e+30,6.117388e+30,7.427880e+30,5.989763e+30,3.145905e+30,1.092619e+30,2.622147e+29,4.300541e+28,2.925203e+31,1.871852e+31,1.053351e+31
10.9508,4.143672e+29,1.419181e+30,3.566630e+30,6.238997e+30,7.472851e+30,5.949193e+30,3.094469e+30,1.075074e+30,2.599228e+29,4.328812e+28,2.953397e+31,1.911203e+31,1.042195e+31
10.9925,4.329322e+29,1.474884e+30,3.619165e+30,6.287818e+30,7.489021e+30,5.960472e+30,3.114279e+30,1.098342e+30,2.685524e+29,4.498723e+28,2.979045e+31,1.930382e+31,1.048663e+31
11.0342,4.536988e+29,1.528944e+30,3.691654e+30,6.354513e+30,7.489236e+30,5.934592e+30,3.114049e+30,1.112290e+30,2.768706e+29,4.696269e+28,3.000281e+31,1.951805e+31,1.048476e+31
11.0773,4.832670e+29,1.606273e+30,3.821182e+30,6.489389e+30,7.541157e+30,5.895774e+30,3.061465e+30,1.078355e+30,2.662154e+29,4.516705e+28,3.028825e+31,1.994127e+31,1.034698e+31
11.1251,5.041186e+29,1.694660e+30,3.973169e+30,6.657997e+30,7.610090e+30,5.841410e+30,2.980951e+30,1.032592e+30,2.498234e+29,4.181170e+28,3.058662e+31,2.044004e+31,1.014659e+31
11.1796,4.968562e+29,1.701302e+30,4.070923e+30,6.813376e+30,7.704623e+30,5.833339e+30,2.938063e+30,9.995500e+29,2.379825e+29,3.952383e+28,3.083554e+31,2.078708e+31,1.004846e+31
11.2440,4.706763e+29,1.613135e+30,3.967156e+30,6.868743e+30,7.890281e+30,5.954511e+30,2.965478e+30,9.937950e+29,2.327034e+29,3.856354e+28,3.099504e+31,2.080999e+31,1.018505e+31
11.3198,4.417482e+29,1.514989e+30,3.740084e+30,6.655596e+30,8.053235e+30,6.245886e+30,3.097521e+30,1.025047e+30,2.396251e+29,3.981342e+28,3.105354e+31,2.040565e+31,1.064789e+31
11.4060,4.111167e+29,1.425800e+30,3.504137e+30,6.278429e+30,7.926680e+30,6.643404e+30,3.361831e+30,1.106121e+30,2.583016e+29,4.223916e+28,3.095806e+31,1.954616e+31,1.141190e+31
11.4998,3.869352e+29,1.357135e+30,3.344304e+30,5.970818e+30,7.650345e+30,6.864301e+30,3.635368e+30,1.196078e+30,2.782067e+29,4.597939e+28,3.072947e+31,1.870954e+31,1.201993e+31
11.5936,3.685061e+29,1.318737e+30,3.277696e+30,5.883605e+30,7.531968e+30,6.823586e+30,3.743495e+30,1.239698e+30,2.861565e+29,4.728692e+28,3.052073e+31,1.838051e+31,1.214022e+31
11.6803,3.604311e+29,1.319469e+30,3.321524e+30,5.986411e+30,7.555110e+30,6.609560e+30,3.668836e+30,1.223126e+30,2.836724e+29,4.658265e+28,3.037472e+31,1.854294e+31,1.183178e+31
11.7556,3.603883e+29,1.333368e+30,3.396340e+30,6.121222e+30,7.614546e+30,6.424237e+30,3.525264e+30,1.197547e+30,2.809645e+29,4.628172e+28,3.030016e+31,1.882586e+31,1.147429e+31
11.8200,3.668384e+29,1.351507e+30,3.460971e+30,6.234357e+30,7.675077e+30,6.315948e+30,3.393689e+30,1.175065e+30,2.763187e+29,4.557779e+28,3.029535e+31,1.908875e+31,1.120660e+31
11.8744,3.833515e+29,1.385874e+30,3.548157e+30,6.340458e+30,7.715168e+30,6.247742e+30,3.293617e+30,1.145370e+30,2.717905e+29,4.530933e+28,3.037684e+31,1.937301e+31,1.100383e+31
11.9223,4.129693e+29,1.443964e+30,3.666790e+30,6.462183e+30,7.755414e+30,6.187326e+30,3.223428e+30,1.119054e+30,2.694479e+29,4.486349e+28,3.058544e+31,1.974132e+31,1.084412e+31
11.9654,4.413807e+29,1.515722e+30,3.768604e+30,6.567744e+30,7.803071e+30,6.170426e+30,3.206278e+30,1.115134e+30,2.709364e+29,4.496002e+28,3.090426e+31,2.009652e+31,1.080774e+31
12.0071,4.604638e+29,1.569178e+30,3.819215e+30,6.607067e+30,7.806591e+30,6.163733e+30,3.231103e+30,1.141145e+30,2.817184e+29,4.776328e+28,3.112798e+31,2.026252e+31,1.086546e+31
12.0488,4.838567e+29,1.630385e+30,3.906912e+30,6.697182e+30,7.824182e+30,6.132793e+30,3.210412e+30,1.138364e+30,2.821343e+29,4.803759e+28,3.135426e+31,2.054252e+31,1.081174e+31
12.0933,5.175687e+29,1.718840e+30,4.054589e+30,6.859598e+30,7.884240e+30,6.078796e+30,3.130292e+30,1.092368e+30,2.672559e+29,4.497761e+28,3.164853e+31,2.103484e+31,1.061369e+31
12.1430,5.294658e+29,1.796335e+30,4.197249e+30,7.028936e+30,7.954760e+30,6.032708e+30,3.060960e+30,1.048699e+30,2.520454e+29,4.182184e+28,3.194298e+31,2.150675e+31,1.043623e+31
12.2008,5.148071e+29,1.753620e+30,4.243018e+30,7.169380e+30,8.083209e+30,6.057661e+30,3.035521e+30,1.023765e+30,2.420056e+29,4.054109e+28,3.216353e+31,2.176403e+31,1.039949e+31
12.2690,4.803436e+29,1.659283e+30,4.078641e+30,7.143177e+30,8.289238e+30,6.236312e+30,3.092611e+30,1.030316e+30,2.410348e+29,4.057151e+28,3.229153e+31,2.165068e+31,1.064085e+31
12.3486,4.500479e+29,1.562072e+30,3.841049e+30,6.848932e+30,8.369521e+30,6.589136e+30,3.271353e+30,1.082145e+30,2.528120e+29,4.277131e+28,3.230984e+31,2.107162e+31,1.123822e+31
12.4381,4.211238e+29,1.470427e+30,3.614630e+30,6.455633e+30,8.156137e+30,6.976205e+30,3.569156e+30,1.177118e+30,2.754222e+29,4.583456e+28,3.216169e+31,2.011795e+31,1.204374e+31
12.5328,3.967102e+29,1.411450e+30,3.480141e+30,6.216547e+30,7.911223e+30,7.114281e+30,3.804652e+30,1.255129e+30,2.926322e+29,4.913062e+28,3.193190e+31,1.941607e+31,1.251583e+31
12.6247,3.834693e+29,1.389308e+30,3.458608e+30,6.202261e+30,7.846083e+30,6.983572e+30,3.838019e+30,1.270775e+30,2.959142e+29,4.926637e+28,3.171728e+31,1.927973e+31,1.243755e+31
12.7076,3.807055e+29,1.403504e+30,3.521650e+30,6.325442e+30,7.890786e+30,6.753755e+30,3.727446e+30,1.246836e+30,2.899660e+29,4.849178e+28,3.158858e+31,1.952209e+31,1.206649e+31
12.7791,3.840741e+29,1.416847e+30,3.592778e+30,6.452791e+30,7.949669e+30,6.598102e+30,3.578636e+30,1.224811e+30,2.850855e+29,4.746837e+28,3.153026e+31,1.979616e+31,1.173410e+31
12.8398,3.945289e+29,1.435935e+30,3.665993e+30,6.556894e+30,7.998084e+30,6.514838e+30,3.460497e+30,1.201087e+30,2.819833e+29,4.693722e+28,3.155678e+31,2.005143e+31,1.150534e+31
12.8919,4.164060e+29,1.487774e+30,3.763821e+30,6.662741e+30,8.029260e+30,6.446346e+30,3.369092e+30,1.170602e+30,2.779939e+29,4.611567e+28,3.167015e+31,2.036000e+31,1.131015e+31
12.9378,4.532313e+29,1.553944e+30,3.893550e+30,6.786904e+30,8.062518e+30,6.384419e+30,3.300465e+30,1.146062e+30,2.758320e+29,4.583798e+28,3.190276e+31,2.075015e+31,1.115262e+31
12.9800,4.746947e+29,1.618239e+30,3.964555e+30,6.855234e+30,8.094460e+30,6.381124e+30,3.303327e+30,1.155752e+30,2.808244e+29,4.743469e+28,3.217564e+31,2.100718e+31,1.116846e+31
13.0212,4.954424e+29,1.671854e+30,4.024695e+30,6.903918e+30,8.088059e+30,6.361405e+30,3.312279e+30,1.178018e+30,2.894577e+29,4.954681e+28,3.237467e+31,2.118397e+31,1.119071e+31
13.0638,5.220705e+29,1.744951e+30,4.137577e+30,7.015396e+30,8.118216e+30,6.320177e+30,3.267082e+30,1.154350e+30,2.832553e+29,4.865191e+28,3.261173e+31,2.153821e+31,1.107352e+31
13.1097,5.539168e+29,1.838713e+30,4.296533e+30,7.184755e+30,8.180227e+30,6.255972e+30,3.184705e+30,1.106227e+30,2.662240e+29,4.588267e+28,3.291316e+31,2.205414e+31,1.085901e+31
13.1623,5.621028e+29,1.873650e+30,4.423862e+30,7.349398e+30,8.258013e+30,6.220402e+30,3.124902e+30,1.064978e+30,2.526249e+29,4.317603e+28,3.317311e+31,2.246703e+31,1.070608e+31
13.2234,5.282178e+29,1.813590e+30,4.401901e+30,7.454120e+30,8.419964e+30,6.295127e+30,3.127012e+30,1.049123e+30,2.453126e+29,4.182538e+28,3.337619e+31,2.261779e+31,1.075840e+31
13.2954,4.968389e+29,1.710078e+30,4.182928e+30,7.318270e+30,8.623797e+30,6.547036e+30,3.227418e+30,1.070233e+30,2.492299e+29,4.214618e+28,3.346798e+31,2.233191e+31,1.113606e+31
13.3788,4.670441e+29,1.608311e+30,3.941757e+30,6.955236e+30,8.596269e+30,6.950514e+30,3.454214e+30,1.141883e+30,2.663451e+29,4.445917e+28,3.342603e+31,2.156862e+31,1.185742e+31
13.4711,4.387880e+29,1.526242e+30,3.731921e+30,6.586358e+30,8.317196e+30,7.264599e+30,3.756315e+30,1.240135e+30,2.896892e+29,4.821624e+28,3.319946e+31,2.060050e+31,1.259895e+31
13.5654,4.152597e+29,1.474888e+30,3.631411e+30,6.415682e+30,8.133231e+30,7.283862e+30,3.925797e+30,1.300783e+30,3.012326e+29,5.035020e+28,3.293250e+31,2.007047e+31,1.286202e+31
13.6549,4.045706e+29,1.464155e+30,3.638704e+30,6.468548e+30,8.116618e+30,7.093566e+30,3.891946e+30,1.296955e+30,2.999802e+29,5.053296e+28,3.272558e+31,2.009260e+31,1.263298e+31
13.7340,4.029577e+29,1.475163e+30,3.708747e+30,6.603227e+30,8.162504e+30,6.872033e+30,3.751698e+30,1.267013e+30,2.954967e+29,4.886375e+28,3.258770e+31,2.035260e+31,1.223510e+31
13.8017,4.087815e+29,1.486668e+30,3.775126e+30,6.723612e+30,8.210207e+30,6.743730e+30,3.611396e+30,1.243807e+30,2.921037e+29,4.829846e+28,3.254373e+31,2.060439e+31,1.193933e+31
13.8590,4.235203e+29,1.514898e+30,3.852217e+30,6.831174e+30,8.253061e+30,6.660827e+30,3.501034e+30,1.217228e+30,2.880512e+29,4.714341e+28,3.258915e+31,2.087487e+31,1.171428e+31
13.9083,4.490500e+29,1.574858e+30,3.966974e+30,6.944183e+30,8.282749e+30,6.596687e+30,3.420502e+30,1.187510e+30,2.838472e+29,4.720056e+28,3.275356e+31,2.121781e+31,1.153575e+31
13.9528,4.832482e+29,1.649056e+30,4.093835e+30,7.069120e+30,8.331631e+30,6.555025e+30,3.371877e+30,1.170438e+30,2.821606e+29,4.684536e+28,3.305324e+31,2.162689e+31,1.142635e+31
13.9945,5.030873e+29,1.705395e+30,4.146418e+30,7.116553e+30,8.341403e+30,6.549186e+30,3.388943e+30,1.193852e+30,2.909103e+29,4.873189e+28,3.328448e+31,2.181286e+31,1.147162e+31
14.0357,5.245064e+29,1.766206e+30,4.218455e+30,7.179629e+30,8.338843e+30,6.517340e+30,3.383264e+30,1.203097e+30,2.968929e+29,4.969690e+28,3.347793e+31,2.202764e+31,1.145029e+31
14.0793,5.556406e+29,1.851202e+30,4.357930e+30,7.325497e+30,8.389000e+30,6.465275e+30,3.318142e+30,1.165183e+30,2.843710e+29,4.806352e+28,3.376030e+31,2.247927e+31,1.128104e+31
14.1271,5.778974e+29,1.944074e+30,4.513257e+30,7.499583e+30,8.442233e+30,6.404540e+30,3.233693e+30,1.114237e+30,2.676614e+29,4.458806e+28,3.404176e+31,2.297704e+31,1.106472e+31
14.1821,5.691071e+29,1.944655e+30,4.612431e+30,7.657153e+30,8.538746e+30,6.393671e+30,3.188016e+30,1.080823e+30,2.553015e+29,4.255473e+28,3.428246e+31,2.332209e+31,1.096037e+31
14.2470,5.407622e+29,1.849823e+30,4.498812e+30,7.702129e+30,8.735485e+30,6.528096e+30,3.223082e+30,1.074926e+30,2.515447e+29,4.190930e+28,3.444657e+31,2.332701e+31,1.111956e+31
14.3232,5.101659e+29,1.743379e+30,4.254995e+30,7.457161e+30,8.894466e+30,6.843529e+30,3.369252e+30,1.111680e+30,2.589495e+29,4.336138e+28,3.448694e+31,2.286017e+31,1.162677e+31
14.4104,4.777875e+29,1.644281e+30,4.000491e+30,7.056811e+30,8.758288e+30,7.251282e+30,3.647680e+30,1.197241e+30,2.787370e+29,4.654717e+28,3.435915e+31,2.193766e+31,1.242149e+31
14.5042,4.507868e+29,1.569891e+30,3.827495e+30,6.744124e+30,8.466202e+30,7.474668e+30,3.928297e+30,1.290405e+30,3.005998e+29,5.000636e+28,3.410247e+31,2.105850e+31,1.304398e+31
14.5975,4.298248e+29,1.530275e+30,3.763613e+30,6.652344e+30,8.338064e+30,7.416525e+30,4.023645e+30,1.333221e+30,3.084442e+29,5.117192e+28,3.384713e+31,2.071412e+31,1.313301e+31
14.6837,4.214608e+29,1.529374e+30,3.811000e+30,6.755390e+30,8.363412e+30,7.190238e+30,3.937887e+30,1.313811e+30,3.043837e+29,5.059639e+28,3.367755e+31,2.088064e+31,1.279692e+31
14.7590,4.201692e+29,1.545506e+30,3.881387e+30,6.888801e+30,8.420130e+30,6.999046e+30,3.794670e+30,1.287908e+30,2.997158e+29,4.986217e+28,3.358720e+31,2.115599e+31,1.243120e+31
14.8225,4.276724e+29,1.562410e+30,3.947085e+30,6.997431e+30,8.469457e+30,6.887321e+30,3.654253e+30,1.266876e+30,2.959566e+29,4.917244e+28,3.355763e+31,2.140406e+31,1.215358e+31
14.8769,4.448683e+29,1.600424e+30,4.042322e+30,7.107645e+30,8.517169e+30,6.815479e+30,3.554408e+30,1.234984e+30,2.932002e+29,4.895432e+28,3.365945e+31,2.171243e+31,1.194703e+31
14.9243,4.767234e+29,1.666625e+30,4.164498e+30,7.231401e+30,8.546280e+30,6.742819e+30,3.480207e+30,1.204586e+30,2.894286e+29,4.860941e+28,3.385118e+31,2.208553e+31,1.176565e+31
14.9674,5.056900e+29,1.740636e+30,4.262944e+30,7.328751e+30,8.593889e+30,6.724648e+30,3.452267e+30,1.198454e+30,2.908563e+29,4.884191e+28,3.414698e+31,2.243191e+31,1.171507e+31
15.0086,5.254269e+29,1.796894e+30,4.315403e+30,7.373171e+30,8.580354e+30,6.704476e+30,3.468147e+30,1.223270e+30,3.010487e+29,5.081627e+28,3.433901e+31,2.259125e+31,1.174776e+31
15.0508,5.504572e+29,1.862594e+30,4.405951e+30,7.462171e+30,8.588271e+30,6.665455e+30,3.440969e+30,1.218989e+30,3.022756e+29,5.098877e+28,3.454812e+31,2.286944e+31,1.167868e+31
15.0953,5.866944e+29,1.954256e+30,4.561970e+30,7.624971e+30,8.640280e+30,6.604774e+30,3.358851e+30,1.168345e+30,2.849451e+29,4.798421e+28,3.483307e+31,2.336817e+31,1.146490e+31
15.1455,5.979483e+29,2.031619e+30,4.711703e+30,7.795014e+30,8.710963e+30,6.550355e+30,3.281479e+30,1.122974e+30,2.690182e+29,4.507085e+28,3.511614e+31,2.384725e+31,1.126890e+31
15.2037,5.812772e+29,1.980645e+30,4.749358e+30,7.940547e+30,8.844122e+30,6.578071e+30,3.252616e+30,1.096637e+30,2.592839e+29,4.336561e+28,3.532592e+31,2.409595e+31,1.122997e+31
15.2720,5.475634e+29,1.882105e+30,4.574916e+30,7.892618e+30,9.046303e+30,6.772688e+30,3.322374e+30,1.104073e+30,2.611061e+29,4.337630e+28,3.544712e+31,2.394351e+31,1.150362e+31
15.3525,5.145906e+29,1.774816e+30,4.323512e+30,7.563089e+30,9.114893e+30,7.140524e+30,3.519655e+30,1.159205e+30,2.721525e+29,4.524471e+28,3.542768e+31,2.329090e+31,1.213678e+31
15.4425,4.816794e+29,1.678107e+30,4.085497e+30,7.154698e+30,8.878978e+30,7.534501e+30,3.822922e+30,1.257331e+30,2.934214e+29,4.924026e+28,3.523638e+31,2.227896e+31,1.295742e+31
15.5367,4.568987e+29,1.613975e+30,3.947060e+30,6.910032e+30,8.640805e+30,7.635845e+30,4.043975e+30,1.333514e+30,3.112226e+29,5.178097e+28,3.494511e+31,2.156877e+31,1.337634e+31
15.6286,4.401729e+29,1.588213e+30,3.917052e+30,6.899438e+30,8.573080e+30,7.503012e+30,4.066546e+30,1.348354e+30,3.150787e+29,5.203211e+28,3.470298e+31,2.141796e+31,1.328502e+31
15.7110,4.364713e+29,1.600333e+30,3.977361e+30,7.021060e+30,8.611777e+30,7.258739e+30,3.944732e+30,1.324823e+30,3.084167e+29,5.116030e+28,3.453487e+31,2.164700e+31,1.288787e+31
15.7821,4.382730e+29,1.610095e+30,4.043177e+30,7.152646e+30,8.668441e+30,7.098700e+30,3.800223e+30,1.298603e+30,3.037081e+29,5.074548e+28,3.446461e+31,2.191263e+31,1.255198e+31
15.8422,4.492584e+29,1.627683e+30,4.116009e+30,7.251884e+30,8.712758e+30,7.008355e+30,3.680753e+30,1.274612e+30,3.007574e+29,5.023742e+28,3.447231e+31,2.215759e+31,1.231471e+31
15.8939,4.713654e+29,1.681522e+30,4.216094e+30,7.357196e+30,8.742607e+30,6.930434e+30,3.589207e+30,1.244283e+30,2.955304e+29,4.972605e+28,3.457796e+31,2.246878e+31,1.210918e+31
15.9398,5.095674e+29,1.751392e+30,4.348438e+30,7.480384e+30,8.780252e+30,6.877039e+30,3.528759e+30,1.221274e+30,2.931996e+29,4.947100e+28,3.483978e+31,2.287003e+31,1.196974e+31
15.9820,5.327696e+29,1.817094e+30,4.420060e+30,7.544909e+30,8.805239e+30,6.868742e+30,3.534093e+30,1.228752e+30,2.991475e+29,5.029673e+28,3.510110e+31,2.312007e+31,1.198103e+31
16.0232,5.542510e+29,1.874774e+30,4.479298e+30,7.593141e+30,8.799049e+30,6.841046e+30,3.538934e+30,1.246859e+30,3.080110e+29,5.174531e+28,3.528711e+31,2.330051e+31,1.198660e+31
16.0658,5.823797e+29,1.950633e+30,4.596453e+30,7.709421e+30,8.822612e+30,6.793931e+30,3.489718e+30,1.224107e+30,3.003303e+29,5.060946e+28,3.552020e+31,2.366150e+31,1.185870e+31
16.1122,6.161496e+29,2.046889e+30,4.761817e+30,7.881707e+30,8.876451e+30,6.726847e+30,3.398990e+30,1.172662e+30,2.830181e+29,4.717273e+28,3.581170e+31,2.418301e+31,1.162869e+31
16.1648,6.230733e+29,2.078099e+30,4.891256e+30,8.048984e+30,8.954899e+30,6.688246e+30,3.337116e+30,1.132587e+30,2.684765e+29,4.475887e+28,3.606750e+31,2.459631e+31,1.147118e+31
16.2264,5.889158e+29,2.011832e+30,4.850737e+30,8.149476e+30,9.116466e+30,6.764085e+30,3.336487e+30,1.115463e+30,2.608391e+29,4.385352e+28,3.623815e+31,2.471743e+31,1.152073e+31
16.2988,5.557054e+29,1.904228e+30,4.619512e+30,7.992570e+30,9.320543e+30,7.028556e+30,3.446068e+30,1.139211e+30,2.653377e+29,4.391556e+28,3.631564e+31,2.439256e+31,1.192309e+31
16.3827,5.216897e+29,1.798059e+30,4.361584e+30,7.612453e+30,9.284570e+30,7.444054e+30,3.692856e+30,1.216698e+30,2.815847e+29,4.679321e+28,3.626034e+31,2.357836e+31,1.268199e+31
16.4750,4.889073e+29,1.710335e+30,4.145203e+30,7.233154e+30,8.984387e+30,7.743029e+30,3.994246e+30,1.319174e+30,3.052316e+29,5.078127e+28,3.597445e+31,2.256199e+31,1.341246e+31
16.5693,4.642826e+29,1.657374e+30,4.036337e+30,7.069356e+30,8.795425e+30,7.765776e+30,4.162410e+30,1.376281e+30,3.192302e+29,5.353160e+28,3.570000e+31,2.202278e+31,1.367723e+31
16.6583,4.529213e+29,1.650031e+30,4.049870e+30,7.126194e+30,8.785594e+30,7.557390e+30,4.112878e+30,1.368213e+30,3.190094e+29,5.331258e+28,3.547541e+31,2.206461e+31,1.341080e+31
16.7370,4.499256e+29,1.663333e+30,4.127364e+30,7.262730e+30,8.835482e+30,7.337245e+30,3.979784e+30,1.337984e+30,3.112520e+29,5.240195e+28,3.535750e+31,2.233883e+31,1.301867e+31
16.8042,4.563830e+29,1.674145e+30,4.189438e+30,7.375407e+30,8.888881e+30,7.208672e+30,3.829559e+30,1.317826e+30,3.084781e+29,5.099502e+28,3.529978e+31,2.258425e+31,1.271553e+31
16.8611,4.730371e+29,1.703326e+30,4.268662e+30,7.474057e+30,8.927320e+30,7.120534e+30,3.722452e+30,1.290277e+30,3.046226e+29,5.127819e+28,3.533557e+31,2.284640e+31,1.248916e+31
16.9103,4.997171e+29,1.763365e+30,4.381987e+30,7.588036e+30,8.947225e+30,7.046295e+30,3.644157e+30,1.259359e+30,2.988486e+29,5.045216e+28,3.547944e+31,2.318033e+31,1.229911e+31
16.9544,5.361534e+29,1.840601e+30,4.507139e+30,7.698395e+30,8.982039e+30,7.004828e+30,3.599255e+30,1.242378e+30,2.987948e+29,4.992871e+28,3.575951e+31,2.356433e+31,1.219518e+31
16.9960,5.565087e+29,1.897709e+30,4.561614e+30,7.740457e+30,8.987951e+30,7.001071e+30,3.615947e+30,1.265198e+30,3.077508e+29,5.188910e+28,3.598609e+31,2.374424e+31,1.224186e+31
17.0377,5.797871e+29,1.960474e+30,4.637805e+30,7.800215e+30,8.978620e+30,6.960997e+30,3.602433e+30,1.273083e+30,3.132803e+29,5.272256e+28,3.615942e+31,2.395690e+31,1.220252e+31
17.0813,6.140934e+29,2.046429e+30,4.783642e+30,7.951563e+30,9.018698e+30,6.904746e+30,3.526778e+30,1.230845e+30,2.989711e+29,4.991888e+28,3.642569e+31,2.441443e+31,1.201126e+31
17.1296,6.349813e+29,2.142010e+30,4.946629e+30,8.124353e+30,9.080558e+30,6.835930e+30,3.439530e+30,1.179949e+30,2.824300e+29,4.700080e+28,3.671337e+31,2.492853e+31,1.178484e+31
17.1850,6.240282e+29,2.141559e+30,5.041252e+30,8.280104e+30,9.174523e+30,6.821181e+30,3.389029e+30,1.148044e+30,2.707293e+29,4.489184e+28,3.693534e+31,2.526147e+31,1.167388e+31
17.2499,5.937232e+29,2.041241e+30,4.910167e+30,8.313875e+30,9.373833e+30,6.964093e+30,3.422414e+30,1.141204e+30,2.675352e+29,4.426724e+28,3.707235e+31,2.523284e+31,1.183951e+31
17.3267,5.594041e+29,1.927592e+30,4.662389e+30,8.057777e+30,9.523289e+30,7.290254e+30,3.578010e+30,1.180554e+30,2.760613e+29,4.584631e+28,3.710118e+31,2.473045e+31,1.237072e+31
17.4143,5.248968e+29,1.820093e+30,4.400333e+30,7.639609e+30,9.378217e+30,7.717180e+30,3.871820e+30,1.273564e+30,2.964396e+29,4.916242e+28,3.697132e+31,2.376315e+31,1.320817e+31
17.5081,4.961039e+29,1.742769e+30,4.213581e+30,7.318711e+30,9.085840e+30,7.935710e+30,4.154065e+30,1.368730e+30,3.177322e+29,5.269518e+28,3.668594e+31,2.285700e+31,1.382893e+31
17.6014,4.770532e+29,1.702647e+30,4.146119e+30,7.233917e+30,8.957078e+30,7.857467e+30,4.240900e+30,1.402379e+30,3.275209e+29,5.468324e+28,3.639976e+31,2.251681e+31,1.388295e+31
17.6871,4.683673e+29,1.701745e+30,4.193240e+30,7.343855e+30,8.971328e+30,7.617547e+30,4.139187e+30,1.384367e+30,3.230902e+29,5.373176e+28,3.619646e+31,2.267854e+31,1.351792e+31
17.7619,4.677474e+29,1.713763e+30,4.265053e+30,7.474126e+30,9.026967e+30,7.418844e+30,3.994641e+30,1.357805e+30,3.181029e+29,5.317911e+28,3.609023e+31,2.294766e+31,1.314257e+31
17.8249,4.787152e+29,1.728597e+30,4.328478e+30,7.588019e+30,9.078574e+30,7.304716e+30,3.854848e+30,1.330046e+30,3.139164e+29,5.242330e+28,3.605833e+31,2.320238e+31,1.285595e+31
17.8789,4.976553e+29,1.768200e+30,4.422277e+30,7.682572e+30,9.105343e+30,7.219687e+30,3.744634e+30,1.299247e+30,3.076417e+29,5.152512e+28,3.609878e+31,2.347605e+31,1.262273e+31
17.9263,5.309401e+29,1.837512e+30,4.548606e+30,7.801630e+30,9.125939e+30,7.146285e+30,3.667286e+30,1.265100e+30,3.032196e+29,5.098927e+28,3.627751e+31,2.384463e+31,1.243288e+31
17.9694,5.602197e+29,1.911633e+30,4.646060e+30,7.905778e+30,9.165858e+30,7.129322e+30,3.641908e+30,1.259695e+30,3.049567e+29,5.110390e+28,3.657653e+31,2.418955e+31,1.238699e+31
18.0106,5.815620e+29,1.967151e+30,4.696256e+30,7.941761e+30,9.157003e+30,7.108915e+30,3.659237e+30,1.284708e+30,3.166358e+29,5.281844e+28,3.676605e+31,2.434373e+31,1.242231e+31
18.0528,6.081385e+29,2.036357e+30,4.790696e+30,8.031976e+30,9.169236e+30,7.072651e+30,3.627122e+30,1.277864e+30,3.163794e+29,5.310605e+28,3.698353e+31,2.463640e+31,1.234712e+31
18.0973,6.456412e+29,2.130994e+30,4.955217e+30,8.195134e+30,9.220692e+30,7.004429e+30,3.537179e+30,1.227053e+30,2.988712e+29,5.047142e+28,3.726568e+31,2.514768e+31,1.211800e+31
18.1480,6.565032e+29,2.205729e+30,5.105001e+30,8.367387e+30,9.283945e+30,6.941088e+30,3.459359e+30,1.183014e+30,2.825285e+29,4.743578e+28,3.753199e+31,2.561856e+31,1.191343e+31
18.2062,6.370449e+29,2.151582e+30,5.137250e+30,8.506246e+30,9.418850e+30,6.967797e+30,3.434338e+30,1.157317e+30,2.730094e+29,4.580797e+28,3.772924e+31,2.585097e+31,1.187827e+31
18.2754,6.021684e+29,2.050143e+30,4.938463e+30,8.443051e+30,9.630686e+30,7.176018e+30,3.504131e+30,1.167325e+30,2.739075e+29,4.554190e+28,3.783143e+31,2.566451e+31,1.216692e+31
18.3559,5.665058e+29,1.934762e+30,4.681009e+30,8.098724e+30,9.690582e+30,7.560444e+30,3.709735e+30,1.224663e+30,2.879408e+29,4.808075e+28,3.780245e+31,2.497158e+31,1.283086e+31
18.4464,5.309227e+29,1.836374e+30,4.432917e+30,7.682884e+30,9.439862e+30,7.945883e+30,4.035731e+30,1.327003e+30,3.107249e+29,5.269097e+28,3.759499e+31,2.392296e+31,1.367203e+31
18.5411,5.027023e+29,1.769916e+30,4.294942e+30,7.448958e+30,9.185723e+30,8.045885e+30,4.255500e+30,1.402347e+30,3.284769e+29,5.516376e+28,3.728962e+31,2.320224e+31,1.408737e+31
18.6325,4.842083e+29,1.743083e+30,4.266424e+30,7.443447e+30,9.128826e+30,7.900592e+30,4.271866e+30,1.416313e+30,3.320395e+29,5.567800e+28,3.704248e+31,2.306599e+31,1.397649e+31
18.7145,4.783202e+29,1.748755e+30,4.333609e+30,7.576155e+30,9.179362e+30,7.661722e+30,4.145306e+30,1.388034e+30,3.250075e+29,5.433300e+28,3.689060e+31,2.331620e+31,1.357440e+31
18.7850,4.804120e+29,1.763314e+30,4.394889e+30,7.694045e+30,9.229645e+30,7.508893e+30,3.995025e+30,1.363010e+30,3.200861e+29,5.377700e+28,3.680310e+31,2.356230e+31,1.324079e+31
18.8447,4.905279e+29,1.781185e+30,4.466808e+30,7.797673e+30,9.268082e+30,7.409191e+30,3.869257e+30,1.338037e+30,3.170555e+29,5.333801e+28,3.679116e+31,2.380428e+31,1.298688e+31
18.8959,5.138871e+29,1.836756e+30,4.571220e+30,7.912011e+30,9.289918e+30,7.327662e+30,3.777560e+30,1.309482e+30,3.113787e+29,5.234578e+28,3.690222e+31,2.412379e+31,1.277843e+31
18.9413,5.533570e+29,1.909313e+30,4.705455e+30,8.039103e+30,9.326351e+30,7.259512e+30,3.707965e+30,1.282995e+30,3.084197e+29,5.187801e+28,3.714435e+31,2.453358e+31,1.261077e+31
18.9840,5.767688e+29,1.975836e+30,4.769555e+30,8.100121e+30,9.340092e+30,7.250336e+30,3.711510e+30,1.293946e+30,3.134970e+29,5.282972e+28,3.738449e+31,2.476237e+31,1.262212e+31
19.0252,5.994845e+29,2.036554e+30,4.827974e+30,8.147249e+30,9.319768e+30,7.214842e+30,3.714966e+30,1.307605e+30,3.229202e+29,5.439788e+28,3.754576e+31,2.493103e+31,1.261473e+31
19.0678,6.295584e+29,2.117143e+30,4.949824e+30,8.271194e+30,9.345807e+30,7.169207e+30,3.658380e+30,1.282682e+30,3.153003e+29,5.315438e+28,3.779225e+31,2.531353e+31,1.247872e+31
19.1142,6.633369e+29,2.218134e+30,5.119639e+30,8.443561e+30,9.398767e+30,7.090527e+30,3.562854e+30,1.227660e+30,2.957970e+29,4.974281e+28,3.807002e+31,2.584344e+31,1.222658e+31
19.1673,6.692754e+29,2.248409e+30,5.249879e+30,8.611043e+30,9.473546e+30,7.051077e+30,3.500128e+30,1.187412e+30,2.813155e+29,4.714881e+28,3.831923e+31,2.625215e+31,1.206708e+31
19.2288,6.354384e+29,2.175375e+30,5.201742e+30,8.703126e+30,9.638511e+30,7.129050e+30,3.500935e+30,1.172164e+30,2.755437e+29,4.602264e+28,3.847791e+31,2.635419e+31,1.212372e+31
19.3023,6.002369e+29,2.063283e+30,4.960906e+30,8.535573e+30,9.844646e+30,7.396614e+30,3.615137e+30,1.197795e+30,2.782948e+29,4.710187e+28,3.853959e+31,2.600464e+31,1.253494e+31
19.3866,5.654784e+29,1.955266e+30,4.699059e+30,8.124996e+30,9.786090e+30,7.832818e+30,3.869687e+30,1.276103e+30,2.960208e+29,4.913627e+28,3.845465e+31,2.513089e+31,1.332377e+31
19.4794,5.312485e+29,1.864449e+30,4.477547e+30,7.745464e+30,9.500577e+30,8.132252e+30,4.190109e+30,1.377294e+30,3.202464e+29,5.298113e+28,3.819217e+31,2.411929e+31,1.407288e+31
19.5737,5.058425e+29,1.809949e+30,4.370924e+30,7.578115e+30,9.309433e+30,8.147504e+30,4.350662e+30,1.435704e+30,3.338884e+29,5.483059e+28,3.789685e+31,2.357426e+31,1.432259e+31
19.6622,4.947928e+29,1.797956e+30,4.384006e+30,7.642400e+30,9.309522e+30,7.933562e+30,4.297951e+30,1.427460e+30,3.320980e+29,5.416475e+28,3.767391e+31,2.362868e+31,1.404524e+31
19.7404,4.914990e+29,1.813841e+30,4.453613e+30,7.778110e+30,9.363702e+30,7.715704e+30,4.151598e+30,1.395576e+30,3.259978e+29,5.310540e+28,3.754275e+31,2.390076e+31,1.364198e+31
19.8072,4.969734e+29,1.821821e+30,4.519481e+30,7.890842e+30,9.417404e+30,7.580300e+30,4.006838e+30,1.375330e+30,3.233091e+29,5.250647e+28,3.748480e+31,2.414652e+31,1.333828e+31
19.8635,5.161966e+29,1.850495e+30,4.605099e+30,7.991136e+30,9.445862e+30,7.494061e+30,3.891235e+30,1.346144e+30,3.183386e+29,5.144738e+28,3.751001e+31,2.440879e+31,1.310123e+31
19.9123,5.440572e+29,1.915264e+30,4.727854e+30,8.103826e+30,9.472598e+30,7.416462e+30,3.806953e+30,1.313028e+30,3.130120e+29,5.098612e+28,3.766404e+31,2.476360e+31,1.290044e+31
19.9564,5.801124e+29,1.996169e+30,4.853753e+30,8.218834e+30,9.511136e+30,7.365719e+30,3.756121e+30,1.294766e+30,3.104962e+29,5.147837e+28,3.793858e+31,2.516000e+31,1.277858e+31
19.9980,6.012512e+29,2.053943e+30,4.904538e+30,8.256856e+30,9.509694e+30,7.351825e+30,3.772378e+30,1.317407e+30,3.196415e+29,5.306069e+28,3.814059e+31,2.532628e+31,1.281431e+31
20.0397,6.251616e+29,2.117011e+30,4.980460e+30,8.324506e+30,9.498464e+30,7.309391e+30,3.755090e+30,1.323849e+30,3.247148e+29,5.381292e+28,3.831246e+31,2.554560e+31,1.276686e+31
20.0833,6.599560e+29,2.209048e+30,5.129865e+30,8.476842e+30,9.547192e+30,7.243292e+30,3.678796e+30,1.279118e+30,3.111041e+29,5.133944e+28,3.858655e+31,2.602290e+31,1.256365e+31
20.1316,6.799328e+29,2.308831e+30,5.293963e+30,8.645680e+30,9.600252e+30,7.168858e+30,3.585335e+30,1.228546e+30,2.934647e+29,4.812780e+28,3.885299e+31,2.652866e+31,1.232433e+31
20.1875,6.688684e+29,2.300814e+30,5.384309e+30,8.804975e+30,9.703255e+30,7.157244e+30,3.534422e+30,1.194123e+30,2.811860e+29,4.614090e+28,3.907534e+31,2.686222e+31,1.221312e+31
20.2533,6.392209e+29,2.195106e+30,5.246051e+30,8.826970e+30,9.903773e+30,7.303891e+30,3.573435e+30,1.189309e+30,2.780171e+29,4.493704e+28,3.920071e+31,2.681112e+31,1.238959e+31
20.3306,6.006144e+29,2.076086e+30,4.986817e+30,8.550254e+30,1.004952e+31,7.651901e+30,3.740846e+30,1.234747e+30,2.865511e+29,4.643516e+28,3.922377e+31,2.626329e+31,1.296048e+31
20.4182,5.650483e+29,1.967091e+30,4.718207e+30,8.126520e+30,9.873404e+30,8.069704e+30,4.039655e+30,1.329673e+30,3.079647e+29,5.096742e+28,3.904823e+31,2.525027e+31,1.379796e+31
20.5124,5.340068e+29,1.886213e+30,4.535557e+30,7.801357e+30,9.580630e+30,8.284221e+30,4.318371e+30,1.425960e+30,3.323085e+29,5.424971e+28,3.875288e+31,2.433776e+31,1.441511e+31
20.6053,5.117879e+29,1.848995e+30,4.470875e+30,7.719350e+30,9.459281e+30,8.191103e+30,4.398876e+30,1.460546e+30,3.396164e+29,5.492279e+28,3.845535e+31,2.401029e+31,1.444506e+31
20.6905,5.027624e+29,1.848052e+30,4.519507e+30,7.824881e+30,9.487508e+30,7.946522e+30,4.304909e+30,1.438836e+30,3.327438e+29,5.396849e+28,3.825969e+31,2.418271e+31,1.407698e+31
20.7649,5.021897e+29,1.860158e+30,4.590032e+30,7.953101e+30,9.529113e+30,7.756166e+30,4.144605e+30,1.410937e+30,3.264679e+29,5.355607e+28,3.812633e+31,2.443459e+31,1.369173e+31
20.8279,5.140472e+29,1.870026e+30,4.652586e+30,8.057391e+30,9.574492e+30,7.645665e+30,4.004559e+30,1.387040e+30,3.234132e+29,5.325126e+28,3.808247e+31,2.466854e+31,1.341393e+31
20.8814,5.317589e+29,1.915965e+30,4.751164e+30,8.156150e+30,9.605172e+30,7.563625e+30,3.906701e+30,1.357352e+30,3.189598e+29,5.225532e+28,3.815910e+31,2.496021e+31,1.319889e+31
20.9283,5.684192e+29,1.986627e+30,4.877296e+30,8.281420e+30,9.631690e+30,7.488096e+30,3.829639e+30,1.325196e+30,3.156614e+29,5.224204e+28,3.835629e+31,2.534545e+31,1.301083e+31
20.9709,5.984338e+29,2.061437e+30,4.972309e+30,8.370161e+30,9.661399e+30,7.461186e+30,3.803155e+30,1.320137e+30,3.183072e+29,5.245956e+28,3.861898e+31,2.566374e+31,1.295525e+31
21.0126,6.192768e+29,2.120400e+30,5.022951e+30,8.401488e+30,9.641357e+30,7.435121e+30,3.816026e+30,1.344239e+30,3.291911e+29,5.481773e+28,3.878487e+31,2.580547e+31,1.297939e+31
21.0543,6.460786e+29,2.191984e+30,5.124762e+30,8.496222e+30,9.648824e+30,7.384925e+30,3.779325e+30,1.331412e+30,3.266797e+29,5.495529e+28,3.898517e+31,2.610787e+31,1.287730e+31
21.0993,6.854694e+29,2.292301e+30,5.293880e+30,8.671678e+30,9.703334e+30,7.312239e+30,3.688176e+30,1.279076e+30,3.089565e+29,5.153743e+28,3.928665e+31,2.664666e+31,1.263998e+31
21.1500,6.976796e+29,2.363008e+30,5.441873e+30,8.843526e+30,9.764262e+30,7.249242e+30,3.605902e+30,1.233264e+30,2.923567e+29,4.861318e+28,3.953973e+31,2.711035e+31,1.242938e+31
21.2092,6.723797e+29,2.306723e+30,5.466593e+30,8.981716e+30,9.898555e+30,7.280385e+30,3.580299e+30,1.206214e+30,2.821110e+29,4.672903e+28,3.972170e+31,2.732597e+31,1.239574e+31
21.2788,6.373362e+29,2.200554e+30,5.260012e+30,8.903885e+30,1.011368e+31,7.501359e+30,3.658945e+30,1.216131e+30,2.830085e+29,4.699180e+28,3.982191e+31,2.711547e+31,1.270644e+31
21.3598,6.014163e+29,2.080390e+30,4.986809e+30,8.551385e+30,1.016513e+31,7.905529e+30,3.879991e+30,1.279729e+30,2.985719e+29,4.922097e+28,3.979817e+31,2.638513e+31,1.341304e+31
21.4507,5.651624e+29,1.973377e+30,4.734418e+30,8.118784e+30,9.900318e+30,8.297043e+30,4.208066e+30,1.386740e+30,3.225751e+29,5.354911e+28,3.956003e+31,2.529206e+31,1.426797e+31
21.5450,5.359525e+29,1.905281e+30,4.591026e+30,7.872626e+30,9.659536e+30,8.391576e+30,4.438002e+30,1.465501e+30,3.425054e+29,5.733358e+28,3.925934e+31,2.456442e+31,1.469492e+31
21.6359,5.197189e+29,1.879904e+30,4.570809e+30,7.871445e+30,9.611838e+30,8.227007e+30,4.446882e+30,1.476757e+30,3.443583e+29,5.743374e+28,3.900615e+31,2.445372e+31,1.455244e+31
21.7179,5.140333e+29,1.890319e+30,4.637108e+30,8.006809e+30,9.649683e+30,7.986910e+30,4.310422e+30,1.448731e+30,3.372707e+29,5.562784e+28,3.883691e+31,2.469795e+31,1.413896e+31
21.7880,5.175339e+29,1.902706e+30,4.704820e+30,8.137433e+30,9.710064e+30,7.824886e+30,4.155013e+30,1.423181e+30,3.319416e+29,5.488273e+28,3.876246e+31,2.497256e+31,1.378990e+31
21.8472,5.314155e+29,1.923686e+30,4.775695e+30,8.232089e+30,9.744824e+30,7.718360e+30,4.020241e+30,1.392985e+30,3.259346e+29,5.427467e+28,3.871950e+31,2.520771e+31,1.351180e+31
21.8983,5.579549e+29,1.980115e+30,4.882670e+30,8.340365e+30,9.764436e+30,7.638227e+30,3.919239e+30,1.357692e+30,3.216174e+29,5.418336e+28,3.881650e+31,2.552554e+31,1.329096e+31
21.9433,5.976004e+29,2.054994e+30,5.015925e+30,8.467760e+30,9.797014e+30,7.573111e+30,3.852894e+30,1.331973e+30,3.173448e+29,5.335990e+28,3.906198e+31,2.593329e+31,1.312868e+31
21.9855,6.209970e+29,2.121708e+30,5.079495e+30,8.524307e+30,9.805578e+30,7.560598e+30,3.860632e+30,1.343107e+30,3.233282e+29,5.430452e+28,3.929405e+31,2.615209e+31,1.314197e+31
22.0267,6.451211e+29,2.184519e+30,5.142840e+30,8.575528e+30,9.782376e+30,7.524015e+30,3.860027e+30,1.358393e+30,3.329828e+29,5.609963e+28,3.946190e+31,2.633038e+31,1.313152e+31
22.0698,6.760908e+29,2.268982e+30,5.274670e+30,8.694404e+30,9.812291e+30,7.464035e+30,3.798698e+30,1.327387e+30,3.237253e+29,5.495660e+28,3.969524e+31,2.672644e+31,1.296880e+31
22.1162,7.091557e+29,2.375318e+30,5.449772e+30,8.872551e+30,9.858502e+30,7.384336e+30,3.700243e+30,1.271558e+30,3.045555e+29,5.125833e+28,3.997725e+31,2.726530e+31,1.271195e+31
22.1697,7.144610e+29,2.401402e+30,5.575534e+30,9.039764e+30,9.937451e+30,7.345573e+30,3.633930e+30,1.232915e+30,2.907502e+29,4.853636e+28,4.022032e+31,2.766861e+31,1.255170e+31
22.2318,6.789614e+29,2.319686e+30,5.512870e+30,9.133398e+30,1.011504e+31,7.435442e+30,3.640610e+30,1.219403e+30,2.842713e+29,4.757798e+28,4.038726e+31,2.775995e+31,1.262730e+31
22.3057,6.433044e+29,2.202619e+30,5.267280e+30,8.947758e+30,1.030684e+31,7.721660e+30,3.770471e+30,1.247394e+30,2.895250e+29,4.865335e+28,4.044551e+31,2.736780e+31,1.307770e+31
22.3905,6.070340e+29,2.089129e+30,4.987815e+30,8.541265e+30,1.024006e+31,8.162024e+30,4.035564e+30,1.327803e+30,3.085674e+29,5.164696e+28,4.035091e+31,2.646530e+31,1.388561e+31
22.4833,5.714457e+29,1.993600e+30,4.764526e+30,8.156258e+30,9.935715e+30,8.461910e+30,4.355436e+30,1.435017e+30,3.326007e+29,5.577709e+28,4.006228e+31,2.542154e+31,1.464074e+31
22.5776,5.447638e+29,1.937224e+30,4.653010e+30,8.000397e+30,9.757461e+30,8.445044e+30,4.496513e+30,1.485426e+30,3.426871e+29,5.765530e+28,3.972018e+31,2.489286e+31,1.482732e+31
22.6657,5.296608e+29,1.925374e+30,4.671226e+30,8.067871e+30,9.755710e+30,8.217660e+30,4.436272e+30,1.474139e+30,3.425312e+29,5.718071e+28,3.947763e+31,2.494984e+31,1.452778e+31
22.7433,5.267134e+29,1.937068e+30,4.740718e+30,8.192336e+30,9.802212e+30,8.004082e+30,4.297053e+30,1.448336e+30,3.345390e+29,5.656992e+28,3.933963e+31,2.519905e+31,1.414058e+31
22.8096,5.321374e+29,1.943885e+30,4.803096e+30,8.306876e+30,9.850199e+30,7.875928e+30,4.153390e+30,1.425722e+30,3.301113e+29,5.603879e+28,3.927738e+31,2.543619e+31,1.384119e+31
22.8655,5.511771e+29,1.974011e+30,4.881887e+30,8.405585e+30,9.880546e+30,7.782561e+30,4.035246e+30,1.393656e+30,3.249412e+29,5.529647e+28,3.928491e+31,2.569321e+31,1.359170e+31
22.9143,5.786549e+29,2.039717e+30,5.004389e+30,8.524817e+30,9.901398e+30,7.705348e+30,3.945569e+30,1.360217e+30,3.196357e+29,5.410895e+28,3.943385e+31,2.604898e+31,1.338488e+31
22.9584,6.159080e+29,2.121870e+30,5.125323e+30,8.637839e+30,9.937503e+30,7.659091e+30,3.895366e+30,1.343041e+30,3.193047e+29,5.381983e+28,3.970907e+31,2.643844e+31,1.327062e+31
23.0001,6.373014e+29,2.182681e+30,5.178526e+30,8.675080e+30,9.923680e+30,7.643250e+30,3.910750e+30,1.365499e+30,3.295647e+29,5.546842e+28,3.990180e+31,2.659727e+31,1.330453e+31
23.0413,6.632287e+29,2.246126e+30,5.261023e+30,8.741744e+30,9.915662e+30,7.599409e+30,3.893484e+30,1.367976e+30,3.315760e+29,5.647449e+28,4.007670e+31,2.682778e+31,1.324892e+31
23.0853,6.997345e+29,2.341170e+30,5.414241e+30,8.899160e+30,9.960172e+30,7.528438e+30,3.810789e+30,1.323501e+30,3.167044e+29,5.373226e+28,4.034764e+31,2.731448e+31,1.303316e+31
23.1341,7.192437e+29,2.441414e+30,5.577448e+30,9.073428e+30,1.001197e+31,7.449830e+30,3.713025e+30,1.268187e+30,2.986353e+29,5.046909e+28,4.060365e+31,2.782350e+31,1.278015e+31
23.1900,7.059752e+29,2.429252e+30,5.657670e+30,9.228094e+30,1.011113e+31,7.431481e+30,3.664975e+30,1.233122e+30,2.876043e+29,4.799589e+28,4.079730e+31,2.813212e+31,1.266518e+31
23.2563,6.729519e+29,2.316968e+30,5.502581e+30,9.238702e+30,1.031106e+31,7.587999e+30,3.706838e+30,1.232910e+30,2.840732e+29,4.802060e+28,4.090211e+31,2.804227e+31,1.285984e+31
23.3340,6.345552e+29,2.195613e+30,5.235817e+30,8.947388e+30,1.044339e+31,7.942483e+30,3.881909e+30,1.278653e+30,2.950950e+29,4.954597e+28,4.090445e+31,2.745676e+31,1.344769e+31
23.4221,5.976497e+29,2.084394e+30,4.960010e+30,8.507428e+30,1.025802e+31,8.375658e+30,4.193285e+30,1.377348e+30,3.183396e+29,5.303950e+28,4.072517e+31,2.640750e+31,1.431767e+31
23.5163,5.650809e+29,1.999909e+30,4.775750e+30,8.181611e+30,9.973624e+30,8.575511e+30,4.482545e+30,1.475830e+30,3.402333e+29,5.611251e+28,4.042621e+31,2.549597e+31,1.493023e+31
23.6092,5.430464e+29,1.958846e+30,4.709621e+30,8.102731e+30,9.865386e+30,8.486753e+30,4.556922e+30,1.507609e+30,3.498347e+29,5.728847e+28,4.013804e+31,2.517963e+31,1.495841e+31
23.6940,5.359158e+29,1.960909e+30,4.762983e+30,8.220142e+30,9.889052e+30,8.232754e+30,4.445362e+30,1.484943e+30,3.439639e+29,5.630174e+28,3.993233e+31,2.536900e+31,1.456332e+31
23.7678,5.364271e+29,1.972593e+30,4.831094e+30,8.348243e+30,9.932537e+30,8.032720e+30,4.283681e+30,1.455718e+30,3.374212e+29,5.534855e+28,3.978578e+31,2.562089e+31,1.416489e+31
23.8304,5.478978e+29,1.986609e+30,4.891501e+30,8.454843e+30,9.973800e+30,7.919506e+30,4.143962e+30,1.426516e+30,3.325420e+29,5.460860e+28,3.973179e+31,2.585465e+31,1.387713e+31
23.8834,5.680524e+29,2.031592e+30,4.994818e+30,8.556809e+30,9.997526e+30,7.821187e+30,4.033582e+30,1.391477e+30,3.284558e+29,5.398465e+28,3.977748e+31,2.614880e+31,1.362869e+31
23.9303,6.071652e+29,2.104316e+30,5.128471e+30,8.678176e+30,1.001374e+31,7.742461e+30,3.949359e+30,1.361033e+30,3.241383e+29,5.310688e+28,3.996197e+31,2.653187e+31,1.343010e+31
23.9729,6.360366e+29,2.180309e+30,5.217573e+30,8.763929e+30,1.004634e+31,7.718293e+30,3.933062e+30,1.358080e+30,3.270434e+29,5.406979e+28,4.023474e+31,2.684419e+31,1.339055e+31
24.0141,6.588363e+29,2.240120e+30,5.272364e+30,8.798194e+30,1.002031e+31,7.688525e+30,3.944316e+30,1.380508e+30,3.375229e+29,5.618143e+28,4.039688e+31,2.698982e+31,1.340705e+31
24.0563,6.855377e+29,2.314378e+30,5.374972e+30,8.896089e+30,1.002936e+31,7.638911e+30,3.905764e+30,1.366867e+30,3.353572e+29,5.577873e+28,4.060301e+31,2.730033e+31,1.330268e+31
24.1018,7.235703e+29,2.415142e+30,5.547255e+30,9.070259e+30,1.007404e+31,7.562487e+30,3.805118e+30,1.312277e+30,3.168462e+29,5.229548e+28,4.087929e+31,2.783026e+31,1.304902e+31
24.1524,7.351674e+29,2.485221e+30,5.699091e+30,9.245295e+30,1.013283e+31,7.498147e+30,3.726022e+30,1.266070e+30,3.018148e+29,4.963879e+28,4.113929e+31,2.829760e+31,1.284169e+31
24.2121,7.040752e+29,2.421752e+30,5.716790e+30,9.374905e+30,1.026937e+31,7.534934e+30,3.702308e+30,1.239066e+30,2.916145e+29,4.807775e+28,4.130289e+31,2.848689e+31,1.281600e+31
24.2818,6.714645e+29,2.313020e+30,5.497892e+30,9.280693e+30,1.048052e+31,7.767168e+30,3.785779e+30,1.254749e+30,2.928348e+29,4.844377e+28,4.139256e+31,2.824359e+31,1.314897e+31
24.3637,6.347268e+29,2.195793e+30,5.221776e+30,8.908958e+30,1.052355e+31,8.173245e+30,4.012537e+30,1.324217e+30,3.090603e+29,5.059943e+28,4.135446e+31,2.748480e+31,1.386966e+31
24.4546,5.973185e+29,2.089703e+30,4.964429e+30,8.469762e+30,1.026057e+31,8.551219e+30,4.342080e+30,1.432231e+30,3.323513e+29,5.464883e+28,4.109431e+31,2.638178e+31,1.471253e+31
24.5494,5.690433e+29,2.018775e+30,4.819014e+30,8.236766e+30,1.001323e+31,8.624949e+30,4.552136e+30,1.506831e+30,3.487088e+29,5.789041e+28,4.074735e+31,2.565683e+31,1.509051e+31
24.6398,5.499324e+29,1.990205e+30,4.795937e+30,8.244285e+30,9.969752e+30,8.461331e+30,4.547852e+30,1.509797e+30,3.518164e+29,5.840468e+28,4.047931e+31,2.555011e+31,1.492920e+31
24.7213,5.445418e+29,1.998256e+30,4.867885e+30,8.373689e+30,1.001021e+31,8.214228e+30,4.418824e+30,1.481626e+30,3.447372e+29,5.742640e+28,4.031143e+31,2.579458e+31,1.451684e+31
24.7905,5.453594e+29,2.004164e+30,4.928470e+30,8.495007e+30,1.006302e+31,8.066833e+30,4.260280e+30,1.454086e+30,3.380790e+29,5.633704e+28,4.021163e+31,2.603602e+31,1.417562e+31
24.8497,5.578898e+29,2.024115e+30,5.001704e+30,8.593880e+30,1.010063e+31,7.978052e+30,4.141278e+30,1.430770e+30,3.345885e+29,5.579596e+28,4.021871e+31,2.627822e+31,1.394048e+31
24.9003,5.833503e+29,2.085117e+30,5.109040e+30,8.700973e+30,1.011777e+31,7.893039e+30,4.049946e+30,1.396237e+30,3.297433e+29,5.497009e+28,4.032019e+31,2.659625e+31,1.372393e+31
24.9453,6.244013e+29,2.160990e+30,5.248318e+30,8.826116e+30,1.014472e+31,7.822504e+30,3.977269e+30,1.370792e+30,3.262115e+29,5.405370e+28,4.055537e+31,2.700454e+31,1.355083e+31
24.9875,6.486239e+29,2.225654e+30,5.308609e+30,8.875891e+30,1.015143e+31,7.813130e+30,3.985587e+30,1.386630e+30,3.333769e+29,5.587475e+28,4.078480e+31,2.721020e+31,1.357460e+31
