Time_hours,TAA,Gen_Total,Trans_Inward
0.08333333333333333,0.0063963322958784374,1.0274500000000544e+28,0.0
3.861111111111111,1.0054067296525773,1.3808999999998676e+28,0.0
7.638888888888889,2.0043122961221798,1.2859999999999504e+28,0.0
11.416666666666666,3.003011034237147,1.175200000000054e+28,0.0
15.194444444444445,4.001397695617811,1.0856000000000588e+28,0.0
19.0,5.006707809993202,1.0164000000000536e+28,0.0
22.77777777777778,6.00415924475783,9.45600000000048e+27,0.0
26.555555555555557,7.000991690631906,8.930500000000439e+27,0.0
30.36111111111111,8.004424350988131,8.451000000000402e+27,0.0
34.166666666666664,9.007020526269116,8.076500000000373e+27,0.0
37.94444444444444,10.001372027937805,7.820500000000354e+27,0.0
41.75,11.001998503818072,7.438500000000329e+27,0.0
45.55555555555556,12.00148566371746,7.176000000000312e+27,0.0
49.388888888888886,13.007015307037705,6.905500000000294e+27,0.0
53.19444444444444,14.003912690712127,6.668000000000281e+27,0.0
57.02777777777778,15.006635815483037,6.58250000000027e+27,0.0
60.833333333333336,16.000551681933644,6.402000000000264e+27,0.0
64.66666666666667,17.000076776924118,6.333500000000255e+27,0.0
68.52777777777777,18.00507362602292,6.045000000000234e+27,0.0
72.36111111111111,19.000992490269994,5.937500000000232e+27,0.0
76.22222222222223,20.002168067657692,5.885500000000225e+27,0.0
80.08333333333333,21.001286466183046,5.709500000000216e+27,0.0
83.97222222222223,22.005420161401503,5.527500000000205e+27,0.0
87.83333333333333,23.000130991050696,5.433000000000193e+27,0.0
91.75,24.006777764891524,5.361000000000193e+27,0.0
95.63888888888889,25.003827108944904,5.266500000000183e+27,0.0
99.55555555555556,26.005432158412646,5.142500000000181e+27,0.0
103.47222222222223,27.004380848282892,5.00400000000017e+27,0.0
107.38888888888889,28.000589266283555,4.8685000000001593e+27,0.0
111.33333333333333,29.00101138844451,4.76850000000015e+27,0.0
115.30555555555556,30.005500822053875,4.679500000000142e+27,0.0
119.27777777777777,31.00692598503241,4.5060000000001345e+27,0.0
123.25,32.00520863189678,4.3855000000001283e+27,0.0
127.22222222222223,33.00027317831348,4.350000000000127e+27,0.0
131.25,34.00589502054993,4.221000000000115e+27,0.0
135.25,35.00116106882325,4.1100000000001077e+27,0.0
139.30555555555554,36.00669983075335,4.011500000000105e+27,0.0
143.33333333333334,37.0017439685368,3.9690000000001015e+27,0.0
147.41666666666666,38.00677191162828,3.809500000000089e+27,0.0
151.47222222222223,39.0011770617611,3.7635000000000853e+27,0.0
155.58333333333334,40.00528935382761,3.745000000000085e+27,0.0
159.69444444444446,41.00539890120342,3.5715000000000745e+27,0.0
163.80555555555554,42.00144301071663,3.47950000000007e+27,0.0
167.94444444444446,43.00006273604339,3.4595000000000723e+27,0.0
172.11111111111111,44.001113673900306,3.439500000000065e+27,0.0
176.30555555555554,45.0044637035204,3.3490000000000647e+27,0.0
180.5,46.00336759171972,3.229500000000055e+27,0.0
184.72222222222223,47.0043578502129,3.255000000000057e+27,0.0
188.94444444444446,48.00075374314281,3.175000000000055e+27,0.0
193.22222222222223,49.00553340273336,3.115000000000046e+27,0.0
197.5,50.00551748710575,3.1285000000000473e+27,0.0
201.77777777777777,51.000668326192056,3.0715000000000483e+27,0.0
206.11111111111111,52.003779823232264,3.004500000000044e+27,0.0
210.44444444444446,53.00186473963561,2.9530000000000417e+27,0.0
214.80555555555554,54.00124194427809,2.9230000000000355e+27,0.0
219.19444444444446,55.00178743851444,2.9105000000000367e+27,0.0
223.61111111111111,56.003379223687716,2.8355000000000297e+27,0.0
228.05555555555554,57.0058926188712,2.8200000000000323e+27,0.0
232.5,58.002992618321514,2.85350000000003e+27,0.0
236.97222222222223,59.00084881796266,2.774000000000024e+27,0.0
241.5,60.005483848198025,2.697500000000022e+27,0.0
246.02777777777777,61.0044664671226,2.7020000000000224e+27,0.0
250.58333333333334,62.00385579591614,2.66700000000002e+27,0.0
255.16666666666666,63.003546670024775,2.686500000000027e+27,0.0
259.77777777777777,64.0034329217994,2.628500000000019e+27,0.0
264.4166666666667,65.00340680801912,2.559000000000015e+27,0.0
269.0833333333333,66.00336531756523,2.5650000000000144e+27,0.0
273.77777777777777,67.00320595095559,2.552000000000013e+27,0.0
278.5,68.00283221501445,2.4730000000000088e+27,0.0
283.25,69.00214834763864,2.4910000000000085e+27,0.0
288.02777777777777,70.0010606427544,2.4490000000000063e+27,0.0
292.8611111111111,71.00522540275568,2.4985000000000113e+27,0.0
297.69444444444446,72.00302196045033,2.4415000000000035e+27,0.0
302.55555555555554,73.00014217380476,2.4335000000000034e+27,0.0
307.47222222222223,74.0021537720043,2.4165000000000005e+27,0.0
312.4166666666667,75.00325849069083,2.3825e+27,0.0
317.3888888888889,76.00337682977226,2.323999999999997e+27,0.0
322.3888888888889,77.00243447044579,2.323999999999996e+27,0.0
327.4166666666667,78.00035738325738,2.291499999999994e+27,0.0
332.5,79.00253581380582,2.2724999999999935e+27,0.0
337.6111111111111,80.00337318313291,2.3059999999999926e+27,0.0
342.75,81.0028024828863,2.2529999999999887e+27,0.0
347.9166666666667,82.00076452031055,2.2149999999999862e+27,0.0
353.1388888888889,83.00251143828552,2.226499999999987e+27,0.0
358.3888888888889,84.00260698292948,2.217999999999988e+27,0.0
363.6666666666667,85.00099716324945,2.1494999999999824e+27,0.0
369.0,86.00283123397173,2.1394999999999802e+27,0.0
374.3611111111111,87.00279248628658,2.1914999999999846e+27,0.0
379.75,88.00083796134066,2.118999999999981e+27,0.0
385.19444444444446,89.00201883844176,2.1184999999999783e+27,0.0
390.6666666666667,90.00113998909228,2.109499999999977e+27,0.0
396.19444444444446,91.00317586831778,2.0819999999999763e+27,0.0
401.75,92.00301678552898,2.099499999999974e+27,0.0
407.3333333333333,93.00063198894833,2.0609999999999782e+27,0.0
412.97222222222223,94.00090391091521,2.023999999999977e+27,0.0
418.6666666666667,95.0037098314732,2.0319999999999775e+27,0.0
424.3888888888889,96.00408316730153,2.0239999999999788e+27,0.0
430.1388888888889,97.00201179804219,2.0454999999999712e+27,0.0
435.94444444444446,98.00225522913274,2.0424999999999723e+27,0.0
441.80555555555554,99.00469573160404,2.0224999999999718e+27,0.0
447.69444444444446,100.00453090825812,1.9924999999999741e+27,0.0
453.6111111111111,101.00175353963624,1.9569999999999727e+27,0.0
459.5833333333333,102.00099763528448,1.946499999999976e+27,0.0
465.6111111111111,103.00216669864648,1.9974999999999732e+27,0.0
471.6666666666667,104.00060320128375,1.9429999999999727e+27,0.0
477.77777777777777,105.00084274225128,1.9419999999999746e+27,0.0
483.94444444444446,106.0028066876323,1.9074999999999685e+27,0.0
490.1388888888889,107.00194255342012,1.946999999999971e+27,0.0
496.3888888888889,108.00270655282571,1.9234999999999695e+27,0.0
502.6666666666667,109.00062298829323,1.9319999999999707e+27,0.0
509.0,110.00008179206071,1.905999999999973e+27,0.0
515.3888888888889,111.00101797174091,1.922999999999972e+27,0.0
521.8333333333334,112.00336803451523,1.8664999999999755e+27,0.0
528.3055555555555,113.00280261274298,1.8994999999999742e+27,0.0
534.8333333333334,114.00359671351458,1.8739999999999684e+27,0.0
541.3888888888889,115.00149079511755,1.9309999999999718e+27,0.0
548.0,116.00070777679935,1.9199999999999687e+27,0.0
554.6666666666666,117.00120262975878,1.8709999999999692e+27,0.0
561.3888888888889,118.0029353228727,1.9094999999999687e+27,0.0
568.1388888888889,119.00177384290646,1.902499999999969e+27,0.0
574.9444444444445,120.00184167320833,1.8899999999999724e+27,0.0
581.8055555555555,121.00310641539102,1.8584999999999685e+27,0.0
588.6944444444445,122.00153464038442,1.919499999999968e+27,0.0
595.6388888888889,123.001167111288,1.8934999999999702e+27,0.0
602.6388888888889,124.00198773156302,1.861499999999972e+27,0.0
609.6666666666666,125.00005216074095,1.879999999999971e+27,0.0
616.7777777777778,126.00323504777401,1.9019999999999725e+27,0.0
623.9166666666666,127.00369671104431,1.9039999999999768e+27,0.0
631.0833333333334,128.00150852989015,1.91549999999997e+27,0.0
638.3055555555555,129.00057443309555,1.905999999999972e+27,0.0
645.5833333333334,130.00089729514121,1.9049999999999736e+27,0.0
652.9166666666666,131.00248467628364,1.9284999999999751e+27,0.0
660.2777777777778,132.0015881860785,1.9369999999999794e+27,0.0
667.6944444444445,133.0020268245844,1.9614999999999712e+27,0.0
675.1388888888889,134.00010340553206,1.9609999999999744e+27,0.0
682.6666666666666,135.00328961825358,1.9874999999999787e+27,0.0
690.1944444444445,136.00053234791966,2.014499999999982e+27,0.0
697.8055555555555,137.0029339738603,2.0164999999999837e+27,0.0
705.4444444444445,138.00320668359944,2.0519999999999865e+27,0.0
713.1111111111111,139.0014457046654,2.0564999999999814e+27,0.0
720.8333333333334,140.00133464137133,2.0769999999999852e+27,0.0
728.6111111111111,141.0029134908986,2.1039999999999893e+27,0.0
736.4166666666666,142.00267586219564,2.1449999999999909e+27,0.0
744.25,143.00072468451367,2.1564999999999948e+27,0.0
752.1388888888889,144.0006752981331,2.1684999999999902e+27,0.0
760.0833333333334,145.00258010036492,2.1939999999999922e+27,0.0
768.0555555555555,146.00301664643388,2.1864999999999947e+27,0.0
776.0555555555555,147.0020943844911,2.2545e+27,0.0
784.1111111111111,148.00336803540745,2.2765000000000018e+27,0.0
792.1666666666666,149.0000442793122,2.276999999999997e+27,0.0
800.3055555555555,150.00252333860834,2.3165e+27,0.0
808.4444444444445,151.00063277970924,2.3805000000000075e+27,0.0
816.6388888888889,152.00130424340455,2.4075000000000088e+27,0.0
824.8611111111111,153.00123901241943,2.4400000000000062e+27,0.0
833.1111111111111,154.00055885210145,2.489000000000008e+27,0.0
841.4166666666666,155.00272981664625,2.4730000000000143e+27,0.0
849.7222222222222,156.0011700755722,2.5610000000000185e+27,0.0
858.0833333333334,157.00268118335168,2.591000000000021e+27,0.0
866.4444444444445,158.0007348925617,2.677500000000017e+27,0.0
874.8611111111111,159.00208821288254,2.6700000000000194e+27,0.0
883.2777777777778,160.00025933470397,2.7405000000000244e+27,0.0
891.75,161.00196680944464,2.78200000000003e+27,0.0
900.2222222222222,162.00077043789133,2.8165000000000216e+27,0.0
908.7222222222222,163.00009270882845,2.8355000000000264e+27,0.0
917.25,164.00006570382595,2.8650000000000325e+27,0.0
925.8055555555555,165.00082350292575,2.912000000000033e+27,0.0
934.3888888888889,166.00250308186526,2.970000000000027e+27,0.0
942.9722222222222,167.0020097515103,3.071000000000032e+27,0.0
951.5833333333334,168.00272794573777,3.044000000000034e+27,0.0
960.1944444444445,169.00157887164505,3.074500000000037e+27,0.0
968.8333333333334,170.00193489579874,3.091500000000025e+27,0.0
977.4722222222222,171.00072881090534,3.1455000000000316e+27,0.0
986.1388888888889,172.0013236948514,3.1600000000000355e+27,0.0
994.8055555555555,173.0006633570681,3.2265000000000424e+27,0.0
1003.5,174.00210529194908,3.2340000000000303e+27,0.0
1012.1944444444445,175.0026011036707,3.264500000000032e+27,0.0
1020.8888888888889,176.0023102886289,3.300000000000035e+27,0.0
1029.5833333333333,177.00139034329084,3.3530000000000436e+27,0.0
1038.3055555555557,178.003188656431,3.3250000000000463e+27,0.0
1047.0,179.0014811897205,3.436500000000038e+27,0.0
1055.7222222222222,180.00280533180137,3.434500000000042e+27,0.0
1064.4166666666667,181.00094047201787,3.4765000000000445e+27,0.0
1073.138888888889,182.00242271385252,3.5085000000000476e+27,0.0
1081.8333333333333,183.0010301615132,3.50100000000004e+27,0.0
1090.5277777777778,184.00010889541022,3.5560000000000414e+27,0.0
1099.25,185.00301222959456,3.511000000000043e+27,0.0
1107.9166666666667,186.00031155818021,3.6245000000000523e+27,0.0
1116.611111111111,187.00175055519276,3.6115000000000447e+27,0.0
1125.2777777777778,188.0010891059793,3.653000000000047e+27,0.0
1133.9444444444443,189.00168167577658,3.6825000000000503e+27,0.0
1142.5833333333333,190.00047290059968,3.698000000000054e+27,0.0
1151.2222222222222,191.00082563776618,3.6975000000000493e+27,0.0
1159.861111111111,192.00289874806288,3.73150000000005e+27,0.0
1168.4444444444443,193.00038891319707,3.706000000000048e+27,0.0
1177.0555555555557,194.0031302259797,3.751000000000057e+27,0.0
1185.611111111111,195.00156736180475,3.756500000000049e+27,0.0
1194.1666666666667,196.0023216648766,3.751000000000051e+27,0.0
1202.6944444444443,197.0022898742635,3.8115000000000566e+27,0.0
1211.1944444444443,198.0016080138712,3.7975000000000555e+27,0.0
1219.6666666666667,199.00040722140602,3.81050000000005e+27,0.0
1228.138888888889,200.0021098835973,3.8290000000000536e+27,0.0
1236.5555555555557,201.00027654922826,3.8035000000000555e+27,0.0
1244.9722222222222,202.0016248860253,3.838500000000056e+27,0.0
1253.361111111111,203.00299505082103,3.809000000000058e+27,0.0
1261.6944444444443,204.00118015549413,3.76000000000005e+27,0.0
1270.0277777777778,205.00296053253987,3.783500000000053e+27,0.0
1278.3055555555557,206.00178095887702,3.7945000000000564e+27,0.0
1286.5555555555557,207.00109669851645,3.7770000000000556e+27,0.0
1294.7777777777778,208.00102783417128,3.7405000000000466e+27,0.0
1302.9722222222222,209.00169262942507,3.748000000000047e+27,0.0
1311.138888888889,210.00321263611045,3.687000000000045e+27,0.0
1319.25,211.00227362787507,3.6845000000000444e+27,0.0
1327.3333333333333,212.00238942764133,3.625500000000044e+27,0.0
1335.361111111111,213.0002148378402,3.625000000000039e+27,0.0
1343.388888888889,214.0027663720291,3.57100000000004e+27,0.0
1351.361111111111,215.00321692049022,3.6185000000000403e+27,0.0
1359.2777777777778,216.00162450948324,3.549000000000038e+27,0.0
1367.1666666666667,217.00157325006637,3.5545000000000347e+27,0.0
1375.0277777777778,218.00316791704165,3.535000000000037e+27,0.0
1382.8333333333333,219.0029484224907,3.532500000000035e+27,0.0
1390.5833333333333,220.0009585455,3.4345000000000335e+27,0.0
1398.3055555555557,221.00084608969462,3.4150000000000347e+27,0.0
1406.0,222.00271295603068,3.4215000000000336e+27,0.0
1413.638888888889,223.00300771375987,3.41600000000003e+27,0.0
1421.2222222222222,224.00176337962773,3.34250000000003e+27,0.0
1428.7777777777778,225.0027004736594,3.336000000000027e+27,0.0
1436.2777777777778,226.0021977294989,3.3545000000000327e+27,0.0
1443.7222222222222,227.00027912761743,3.3515000000000363e+27,0.0
1451.138888888889,228.00072299158808,3.306000000000026e+27,0.0
1458.5277777777778,229.00361427550683,3.3215000000000257e+27,0.0
1465.8333333333333,230.0014265173503,3.3035000000000276e+27,0.0
1473.111111111111,231.00175734020513,3.28000000000003e+27,0.0
1480.3333333333333,232.00083072745326,3.185000000000029e+27,0.0
1487.5277777777778,233.00253383633162,3.2415000000000337e+27,0.0
1494.6666666666667,234.00303077492856,3.2350000000000227e+27,0.0
1501.75,235.002322871513,3.1560000000000225e+27,0.0
1508.7777777777778,236.00039969949944,3.166500000000025e+27,0.0
1515.7777777777778,237.0012352977991,3.1670000000000283e+27,0.0
1522.7222222222222,238.00088344423568,3.146500000000031e+27,0.0
1529.638888888889,239.0033667480318,3.1485000000000307e+27,0.0
1536.4722222222222,240.00061195171293,3.151500000000022e+27,0.0
1543.2777777777778,241.00069834826024,3.1535000000000245e+27,0.0
1550.0555555555557,242.00368327509045,3.2045000000000247e+27,0.0
1556.75,243.00131479176423,3.104000000000029e+27,0.0
1563.4166666666667,244.00183306764222,3.11400000000003e+27,0.0
1570.0277777777778,245.00107246564573,3.0990000000000285e+27,0.0
1576.611111111111,246.0032356355846,3.094000000000033e+27,0.0
1583.138888888889,247.00408949254825,3.140500000000021e+27,0.0
1589.611111111111,248.0035809417442,3.094000000000021e+27,0.0
1596.0277777777778,249.00165656919194,3.1130000000000246e+27,0.0
1602.4166666666667,250.00262522189564,3.0805000000000215e+27,0.0
1608.75,251.0021163247378,3.053500000000025e+27,0.0
1615.0277777777778,252.000063283278,3.085500000000026e+27,0.0
1621.2777777777778,253.0008617661274,3.0600000000000265e+27,0.0
1627.4722222222222,254.0000360035749,3.0990000000000274e+27,0.0
1633.638888888889,255.00203334192554,3.0900000000000234e+27,0.0
1639.75,256.0023136386392,3.1145000000000225e+27,0.0
1645.8055555555557,257.00078832408144,3.045000000000019e+27,0.0
1651.8333333333333,258.0019972081809,3.064500000000019e+27,0.0
1657.8055555555557,259.0012829458733,3.087500000000022e+27,0.0
1663.75,260.0032464249556,3.0730000000000204e+27,0.0
1669.638888888889,261.0031567157771,3.071500000000021e+27,0.0
1675.4722222222222,262.0009101124739,3.087500000000023e+27,0.0
1681.2777777777778,263.0011964176233,3.044000000000022e+27,0.0
1687.0555555555557,264.0040095336592,3.04600000000002e+27,0.0
1692.7777777777778,265.0044675088028,3.049000000000021e+27,0.0
1698.4444444444443,266.002445421467,3.022500000000018e+27,0.0
1704.0833333333333,267.0027664836424,3.105500000000022e+27,0.0
1709.6666666666667,268.0004271247084,3.087500000000023e+27,0.0
1715.2222222222222,269.0003192743434,3.111000000000025e+27,0.0
1720.75,270.00240761483735,3.034500000000021e+27,0.0
1726.2222222222222,271.00157749311984,3.0340000000000206e+27,0.0
1731.6666666666667,272.0028092339634,3.1050000000000256e+27,0.0
1737.0555555555557,273.0009085503366,3.101500000000025e+27,0.0
1742.4166666666667,274.0009249142805,3.1185000000000245e+27,0.0
1747.75,275.0028131782668,3.094000000000025e+27,0.0
1753.0277777777778,276.0012542114698,3.126500000000027e+27,0.0
1758.2777777777778,277.00140410115773,3.072000000000022e+27,0.0
1763.5,278.00320789198406,3.109500000000025e+27,0.0
1768.6666666666667,279.0012234993195,3.1160000000000254e+27,0.0
1773.8055555555557,280.0007117912786,3.138500000000027e+27,0.0
1778.9166666666667,281.0016040728292,3.105000000000025e+27,0.0
1784.0,282.00383863197885,3.158000000000028e+27,0.0
1789.0277777777778,283.00182019988006,3.1220000000000275e+27,0.0
1794.0277777777778,284.0009344339554,3.1800000000000305e+27,0.0
1799.0,285.0011114260449,3.1100000000000266e+27,0.0
1803.9444444444443,286.0022757152743,3.18150000000003e+27,0.0
1808.861111111111,287.0043480306821,3.179500000000031e+27,0.0
1813.7222222222222,288.00152791593996,3.229500000000034e+27,0.0
1818.5833333333333,289.0051351967661,3.188500000000031e+27,0.0
1823.388888888889,290.00360780607605,3.217500000000035e+27,0.0
1828.1666666666667,291.0025807785323,3.220500000000034e+27,0.0
1832.9166666666667,292.0019562856239,3.227500000000035e+27,0.0
1837.638888888889,293.0016420780986,3.2290000000000343e+27,0.0
1842.3333333333333,294.0015431147109,3.2280000000000353e+27,0.0
1847.0,295.00156239595026,3.237500000000035e+27,0.0
1851.638888888889,296.0015984223228,3.213500000000035e+27,0.0
1856.25,297.001546779091,3.194500000000032e+27,0.0
1860.8333333333333,298.0013009249319,3.262000000000037e+27,0.0
1865.388888888889,299.00075148466567,3.2830000000000386e+27,0.0
1869.9444444444443,300.0059403209267,3.2620000000000364e+27,0.0
1874.4444444444443,301.0044940938685,3.3235000000000423e+27,0.0
1878.9166666666667,302.00241027974414,3.337000000000043e+27,0.0
1883.388888888889,303.0058206373691,3.408500000000049e+27,0.0
1887.8055555555557,304.0021488826578,3.360000000000045e+27,0.0
1892.2222222222222,305.00380192487523,3.368000000000044e+27,0.0
1896.611111111111,306.00440835583527,3.397500000000047e+27,0.0
1900.9722222222222,307.0038471769715,3.381500000000045e+27,0.0
1905.3055555555557,308.00199351637764,3.430500000000049e+27,0.0
1909.638888888889,309.0051679061969,3.3970000000000454e+27,0.0
1913.9166666666667,310.0003813659804,3.4440000000000513e+27,0.0
1918.1944444444443,311.00042800518065,3.389000000000047e+27,0.0
1922.4722222222222,312.00527070613214,3.432500000000047e+27,0.0
1926.6944444444443,313.0017258549233,3.432500000000047e+27,0.0
1930.9166666666667,314.0027780090321,3.4310000000000486e+27,0.0
1935.111111111111,315.0017454597828,3.541000000000057e+27,0.0
1939.3055555555557,316.0051532180687,3.559000000000056e+27,0.0
1943.4722222222222,317.00626827060455,3.5255000000000544e+27,0.0
1947.611111111111,318.004946395542,3.548500000000057e+27,0.0
1951.7222222222222,319.0010525684653,3.57400000000006e+27,0.0
1955.8333333333333,320.0012229826435,3.5930000000000575e+27,0.0
1959.9444444444443,321.00539330483036,3.584000000000058e+27,0.0
1964.0277777777778,322.0066818065276,3.6490000000000664e+27,0.0
1968.0833333333333,323.0049487294532,3.6415000000000647e+27,0.0
1972.111111111111,324.00005100194494,3.7200000000000687e+27,0.0
1976.1666666666667,325.0056481426459,3.7410000000000687e+27,0.0
1980.1666666666667,326.0009721057461,3.7710000000000716e+27,0.0
1984.1944444444443,327.0066521973217,3.746500000000068e+27,0.0
1988.1666666666667,328.00177469177254,3.8035000000000736e+27,0.0
1992.138888888889,329.00011516665256,3.88700000000008e+27,0.0
1996.111111111111,330.00159719969577,3.912000000000081e+27,0.0
2000.0833333333333,331.0061442925348,3.9725000000000853e+27,0.0
2004.0277777777778,332.0066191754129,3.983500000000085e+27,0.0
2007.9444444444443,333.00288367601263,4.0300000000000915e+27,0.0
2011.861111111111,334.00188812311194,4.1360000000000943e+27,0.0
2015.7777777777778,335.00354872969524,4.213500000000103e+27,0.0
2019.6666666666667,336.00064950280773,4.228500000000103e+27,0.0
2023.5555555555557,337.00020277798,4.3110000000001076e+27,0.0
2027.4444444444443,338.00211538581584,4.4345000000001184e+27,0.0
2031.3333333333333,339.0062990704889,4.4285000000001185e+27,0.0
2035.1944444444443,340.0054705264939,4.5850000000001287e+27,0.0
2039.0555555555557,341.0066972479797,4.6820000000001336e+27,0.0
2042.888888888889,342.0026661390548,4.7670000000001414e+27,0.0
2046.7222222222222,343.0004764822338,4.9005000000001497e+27,0.0
2050.5555555555557,344.00003840005036,4.9105000000001505e+27,0.0
2054.3888888888887,345.00125165229974,5.023000000000157e+27,0.0
2058.222222222222,346.00402210531047,5.094500000000166e+27,0.0
2062.027777777778,347.00096629459756,5.225000000000175e+27,0.0
2065.8611111111113,348.0065425887068,5.19000000000017e+27,0.0
2069.6666666666665,349.0060747139124,5.330000000000184e+27,0.0
2073.472222222222,350.00674661894595,5.516000000000192e+27,0.0
2077.25,351.00114136850425,5.505000000000192e+27,0.0
2081.0555555555557,352.0037813455101,5.528500000000194e+27,0.0
2084.8611111111113,353.0072565341992,5.640000000000203e+27,0.0
2088.6388888888887,354.0041300177994,5.650000000000202e+27,0.0
2092.4166666666665,355.0016231469609,5.723000000000212e+27,0.0
2096.222222222222,356.00697258324715,5.731000000000211e+27,0.0
2100.0,357.0053985000302,5.79600000000021e+27,0.0
2103.777777777778,358.00413508094573,5.841000000000217e+27,0.0
2107.5555555555557,359.00307847225974,5.893000000000219e+27,0.0
2111.3333333333335,0.0021256283450838964,5.918000000000221e+27,0.0
2115.1111111111113,1.0011719814340267,5.840500000000216e+27,0.0
2118.8888888888887,2.000114625785045,5.925000000000222e+27,0.0
2122.6944444444443,3.006192429657176,5.930500000000222e+27,0.0
2126.472222222222,4.004614383627768,5.961000000000222e+27,0.0
2130.25,5.002622100238568,5.93800000000022e+27,0.0
2134.027777777778,6.000112339019552,5.884000000000218e+27,0.0
2137.8333333333335,7.004310775177373,5.857000000000219e+27,0.0
2141.6111111111113,8.00045508497999,5.93450000000022e+27,0.0
2145.4166666666665,9.00309155089758,5.848500000000216e+27,0.0
2149.222222222222,10.004789462535655,5.910500000000217e+27,0.0
2153.027777777778,11.005449841931181,5.88950000000022e+27,0.0
2156.8333333333335,12.004967454573148,5.837000000000214e+27,0.0
2160.6388888888887,13.003246846747174,5.803500000000211e+27,0.0
2164.4444444444443,14.000185579406093,5.79450000000021e+27,0.0
2168.277777777778,15.002949963825472,5.779000000000209e+27,0.0
2172.1111111111113,16.004156411568147,5.708000000000203e+27,0.0
2175.9444444444443,17.00371080312209,5.640000000000198e+27,0.0
2179.777777777778,18.001513980919754,5.614500000000194e+27,0.0
2183.6388888888887,19.004684633074703,5.600000000000193e+27,0.0
2187.5,20.00588907847657,5.478500000000191e+27,0.0
2191.3611111111113,21.005036289195573,5.388500000000182e+27,0.0
2195.222222222222,22.00203013217822,5.342500000000179e+27,0.0
2199.1111111111113,23.003934790947483,5.320500000000178e+27,0.0
2203.0,24.003477599525127,5.223500000000172e+27,0.0
2206.8888888888887,25.00056775259793,5.166000000000166e+27,0.0
2210.8055555555557,26.002217994089847,5.00900000000016e+27,0.0
2214.722222222222,27.001212847317447,5.012000000000157e+27,0.0
2218.6666666666665,28.004520729723936,4.867500000000148e+27,0.0
2222.6111111111113,29.004963406124034,4.760500000000142e+27,0.0
2226.5555555555557,30.002462816590764,4.6700000000001326e+27,0.0
2230.527777777778,31.003933358779705,4.689500000000133e+27,0.0
2234.5,32.00226047226886,4.467000000000115e+27,0.0
2238.5,33.00431738832185,4.436500000000117e+27,0.0
2242.5,34.00303666183322,4.337000000000112e+27,0.0
2246.527777777778,35.00524707519037,4.198500000000099e+27,0.0
2250.5555555555557,36.00393001629379,4.2015000000000984e+27,0.0
2254.6111111111113,37.005869216519045,3.9780000000000874e+27,0.0
2258.6666666666665,38.004096396499904,3.9845000000000873e+27,0.0
2262.75,39.00534351559941,3.890500000000082e+27,0.0
2266.8333333333335,40.0027016618875,3.7380000000000734e+27,0.0
2270.9444444444443,41.00285585611164,3.7155000000000694e+27,0.0
2275.0833333333335,42.00566405446159,3.6555000000000647e+27,0.0
2279.222222222222,43.00429778870591,3.5630000000000623e+27,0.0
2283.3888888888887,44.005368650158175,3.485500000000056e+27,0.0
2287.5555555555557,45.002100711854496,3.443500000000054e+27,0.0
2291.75,46.00105321137869,3.4450000000000563e+27,0.0
2295.972222222222,47.00208667071331,3.360500000000051e+27,0.0
2300.222222222222,48.005066576678814,3.323500000000048e+27,0.0
2304.472222222222,49.00335246307998,3.232500000000042e+27,0.0
2308.75,50.00338286484123,3.2410000000000446e+27,0.0
2313.0555555555557,51.005025283531836,3.1840000000000396e+27,0.0
2317.3611111111113,52.00173651952764,3.1775000000000374e+27,0.0
2321.722222222222,53.006246120682135,3.0765000000000344e+27,0.0
2326.0833333333335,54.00563470822533,3.076500000000032e+27,0.0
2330.472222222222,55.00619059840312,3.0655000000000324e+27,0.0
2334.8611111111113,56.00150884043876,2.984000000000027e+27,0.0
2339.3055555555557,57.00406833980412,2.9495000000000227e+27,0.0
2343.75,58.001213024842855,2.9805000000000257e+27,0.0
2348.25,59.00529120109786,2.90700000000002e+27,0.0
2352.75,60.00379237431025,2.898000000000019e+27,0.0
2357.277777777778,61.00281580799856,2.804000000000018e+27,0.0
2361.8333333333335,62.0022490328073,2.8600000000000195e+27,0.0
2366.4166666666665,63.001985634427115,2.792500000000017e+27,0.0
2371.027777777778,64.00191608453474,2.744500000000012e+27,0.0
2375.6666666666665,65.00193234426445,2.7420000000000135e+27,0.0
2380.3333333333335,66.00193307803056,2.693000000000009e+27,0.0
2385.027777777778,67.00181682544007,2.717000000000008e+27,0.0
2389.75,68.00148401882905,2.719000000000006e+27,0.0
2394.5,69.00083953905039,2.717000000000005e+27,0.0
2399.3055555555557,70.00558328775173,2.677500000000002e+27,0.0
2404.1111111111113,71.0040010550274,2.659500000000002e+27,0.0
2408.9444444444443,72.0018364236962,2.626499999999995e+27,0.0
2413.8333333333335,73.00467856430635,2.5919999999999956e+27,0.0
2418.722222222222,74.00105325186576,2.6044999999999933e+27,0.0
2423.6666666666665,75.00219873891126,2.6104999999999954e+27,0.0
2428.6388888888887,76.00235583052347,2.5964999999999877e+27,0.0
2433.6388888888887,77.00145187012174,2.5884999999999904e+27,0.0
2438.6944444444443,78.00491220844185,2.5769999999999856e+27,0.0
2443.75,79.0016333974088,2.5514999999999847e+27,0.0
2448.8611111111113,80.0025069928954,2.5649999999999847e+27,0.0
2454.0,81.00197739755345,2.4924999999999773e+27,0.0
2459.1944444444443,82.00532197576331,2.505999999999981e+27,0.0
2464.3888888888887,83.0017618269087,2.530999999999982e+27,0.0
2469.6388888888887,84.00189226154043,2.5119999999999794e+27,0.0
2474.9166666666665,85.00031600313184,2.5194999999999816e+27,0.0
2480.25,86.00218687989252,2.50199999999998e+27,0.0
2485.6111111111113,87.00218526468336,2.527499999999983e+27,0.0
2491.0,88.00026859996456,2.536999999999982e+27,0.0
2496.4444444444443,89.0014832752255,2.525499999999982e+27,0.0
2501.9166666666665,90.00063508799678,2.4954999999999803e+27,0.0
2507.4444444444443,91.00270746608089,2.4824999999999804e+27,0.0
2513.0,92.00258169762617,2.532499999999987e+27,0.0
2518.5833333333335,93.00022614708803,2.5509999999999847e+27,0.0
2524.222222222222,94.00053040242972,2.534999999999989e+27,0.0
2529.9166666666665,95.00336684826937,2.5874999999999925e+27,0.0
2535.6388888888887,96.00377266194891,2.5469999999999926e+27,0.0
2541.3888888888887,97.00173248478427,2.562499999999989e+27,0.0
2547.1944444444443,98.00200227266657,2.5654999999999924e+27,0.0
2553.0555555555557,99.00447331299983,2.5839999999999933e+27,0.0
2558.9444444444443,100.00433382119934,2.5774999999999967e+27,0.0
2564.8611111111113,101.00158237192329,2.5969999999999977e+27,0.0
2570.8333333333335,102.00085288726962,2.618e+27,0.0
2576.8611111111113,103.00204604246903,2.605500000000002e+27,0.0
2582.9166666666665,104.00050521960668,2.6675000000000104e+27,0.0
2589.027777777778,105.00077255024235,2.646000000000012e+27,0.0
2595.1944444444443,106.00275457825148,2.6610000000000077e+27,0.0
2601.3888888888887,107.00191492937483,2.683500000000013e+27,0.0
2607.6388888888887,108.00269796906764,2.674500000000013e+27,0.0
2613.9166666666665,109.0006309771793,2.6450000000000163e+27,0.0
2620.25,110.00010869486766,2.72400000000002e+27,0.0
2626.6388888888887,111.00106326389937,2.70900000000002e+27,0.0
2633.0833333333335,112.00343026515691,2.7415000000000255e+27,0.0
2639.5555555555557,113.00287800812328,2.7795000000000296e+27,0.0
2646.0833333333335,114.00368820834376,2.792000000000025e+27,0.0
2652.6388888888887,115.00159361779697,2.8295000000000314e+27,0.0
2659.25,116.00082100880104,2.824500000000034e+27,0.0
2665.9166666666665,117.0013264133853,2.893500000000038e+27,0.0
2672.6388888888887,118.00307068581037,2.903000000000041e+27,0.0
2679.3888888888887,119.00191878984958,2.9040000000000455e+27,0.0
2686.1944444444443,120.001992659086,2.9465000000000494e+27,0.0
2693.0555555555557,121.00326524668526,2.921500000000043e+27,0.0
2699.9444444444443,122.00169668207161,3.0170000000000495e+27,0.0
2706.8888888888887,123.0013328803625,3.0185000000000524e+27,0.0
2713.8888888888887,124.00215752232657,3.111000000000058e+27,0.0
2720.9166666666665,125.00022286455453,3.126000000000064e+27,0.0
2728.027777777778,126.00341042607306,3.100500000000065e+27,0.0
2735.1666666666665,127.00387048036077,3.137000000000068e+27,0.0
2742.3333333333335,128.00168226954008,3.243000000000069e+27,0.0
2749.5555555555557,129.00074526548394,3.24400000000007e+27,0.0
2756.8333333333335,130.00106646625363,3.2680000000000753e+27,0.0
2764.1666666666665,131.00265043205547,3.310000000000082e+27,0.0
2771.527777777778,132.00174910577584,3.3320000000000837e+27,0.0
2778.9444444444443,133.00218326938943,3.418000000000085e+27,0.0
2786.3888888888887,134.00025589895608,3.4320000000000855e+27,0.0
2793.9166666666665,135.00343401339717,3.4665000000000943e+27,0.0
2801.4444444444443,136.00067070330851,3.553500000000101e+27,0.0
2809.0555555555557,137.00306576591663,3.583000000000104e+27,0.0
2816.6944444444443,138.0033299594645,3.639500000000107e+27,0.0
2824.3611111111113,139.00156074254346,3.6850000000001055e+27,0.0
2832.0833333333335,140.00143987248634,3.8020000000001136e+27,0.0
2839.8611111111113,141.00300830903745,3.8185000000001204e+27,0.0
2847.6666666666665,142.00276226179778,3.8650000000001235e+27,0.0
2855.5,143.0007999446484,3.9275000000001296e+27,0.0
2863.3888888888887,144.0007414655637,3.9880000000001266e+27,0.0
2871.3333333333335,145.00263479667785,4.068000000000134e+27,0.0
2879.3055555555557,146.0030601221439,4.1470000000001436e+27,0.0
2887.3055555555557,147.00212720149682,4.230500000000147e+27,0.0
2895.3611111111113,148.0033900999847,4.2660000000001546e+27,0.0
2903.4166666666665,149.0000540118316,4.3595000000001494e+27,0.0
2911.5555555555557,150.0025210982477,4.4725000000001583e+27,0.0
2919.6944444444443,151.00062106788118,4.507500000000163e+27,0.0
2927.8888888888887,152.00127928367874,4.5670000000001707e+27,0.0
2936.1111111111113,153.0012031192989,4.651000000000166e+27,0.0
2944.3611111111113,154.00051315554276,4.765000000000175e+27,0.0
2952.6666666666665,155.00267252370872,4.8870000000001816e+27,0.0
2960.972222222222,156.00110058244468,4.963000000000189e+27,0.0
2969.3333333333335,157.0026017710893,5.020500000000198e+27,0.0
2977.6944444444443,158.00064467981736,5.126000000000187e+27,0.0
2986.1111111111113,159.001987107049,5.277500000000195e+27,0.0
2994.527777777778,160.00014767324774,5.323500000000204e+27,0.0
3003.0,161.0018447564995,5.454500000000212e+27,0.0
3011.472222222222,162.00063939882978,5.508000000000199e+27,0.0
3020.0,163.00321344382724,5.556000000000205e+27,0.0
3028.527777777778,164.00316839067182,5.704000000000216e+27,0.0
3037.0555555555557,165.00066422477437,5.822000000000227e+27,0.0
3045.6388888888887,166.00233483708973,5.878000000000223e+27,0.0
3054.222222222222,167.0018331765582,5.974000000000227e+27,0.0
3062.8333333333335,168.00254379795024,5.991500000000234e+27,0.0
3071.4444444444443,169.00138702807374,6.107000000000239e+27,0.0
3080.0833333333335,170.0017356592689,6.175500000000237e+27,0.0
3088.722222222222,171.00052265540353,6.233000000000242e+27,0.0
3097.3888888888887,172.00111104608345,6.341500000000248e+27,0.0
3106.0555555555557,173.00044422333008,6.342500000000249e+27,0.0
3114.75,174.0018796092072,6.403000000000244e+27,0.0
3123.4444444444443,175.00237017847132,6.535500000000256e+27,0.0
3132.1388888888887,176.0020736769069,6.568500000000254e+27,0.0
3140.8333333333335,177.00114856551102,6.613500000000263e+27,0.0
3149.5555555555557,178.0029417799734,6.639500000000264e+27,0.0
3158.25,179.00123031919702,6.751500000000266e+27,0.0
3166.972222222222,180.0025503319755,6.739000000000266e+27,0.0
3175.6666666666665,181.00068135188974,6.770000000000267e+27,0.0
3184.3888888888887,182.00216074342813,6.811500000000275e+27,0.0
3193.0833333333335,183.0007646349262,6.93300000000028e+27,0.0
3201.8055555555557,184.0030333909026,6.921500000000277e+27,0.0
3210.5,185.00274056641706,6.970000000000283e+27,0.0
3219.1666666666665,186.0000380543255,7.004000000000285e+27,0.0
3227.8611111111113,187.00147522929785,6.994500000000284e+27,0.0
3236.527777777778,188.00081106260143,7.032000000000287e+27,0.0
3245.1944444444443,189.00140142389603,7.07250000000029e+27,0.0
3253.8333333333335,190.00019126945983,7.047000000000289e+27,0.0
3262.472222222222,191.00054279418532,7.168500000000298e+27,0.0
3271.1111111111113,192.0026142889982,7.092500000000291e+27,0.0
3279.6944444444443,193.00010383878237,7.137500000000297e+27,0.0
3288.3055555555557,194.00284386756186,7.163000000000297e+27,0.0
3296.8611111111113,195.00128098722882,7.155000000000296e+27,0.0
3305.4166666666665,196.00203362759328,7.130500000000294e+27,0.0
3313.9444444444443,197.00200202867086,7.170000000000297e+27,0.0
3322.4444444444443,198.00131922631329,7.110500000000292e+27,0.0
3330.9166666666665,199.00011834627526,7.131000000000293e+27,0.0
3339.3888888888887,200.00182034251327,7.105500000000292e+27,0.0
3347.8333333333335,201.00328665039433,7.06850000000029e+27,0.0
3356.222222222222,202.00133559225503,7.014000000000285e+27,0.0
3364.6111111111113,203.0027046908598,6.94150000000028e+27,0.0
3372.9444444444443,204.00088974979815,6.906500000000277e+27,0.0
3381.277777777778,205.00267029190275,6.890000000000275e+27,0.0
3389.5555555555557,206.00149019816433,6.878500000000275e+27,0.0
3397.8055555555557,207.00080461257994,6.797000000000267e+27,0.0
3406.027777777778,208.00073428143958,6.772500000000266e+27,0.0
3414.222222222222,209.00140033017112,6.70550000000026e+27,0.0
3422.3888888888887,210.00291815991716,6.595000000000252e+27,0.0
3430.5,211.00197905308846,6.559500000000252e+27,0.0
3438.5833333333335,212.00209418510553,6.416500000000239e+27,0.0
3446.6388888888887,213.00337864103494,6.404000000000238e+27,0.0
3454.6388888888887,214.0024686149128,6.346500000000233e+27,0.0
3462.6111111111113,215.00291739705278,6.199000000000222e+27,0.0
3470.527777777778,216.00132368669335,6.141000000000216e+27,0.0
3478.4166666666665,217.00126945398927,6.067000000000212e+27,0.0
3486.277777777778,218.002863161915,6.042500000000209e+27,0.0
3494.0833333333335,219.00264090320172,5.977000000000204e+27,0.0
3501.8333333333335,220.0006481892184,5.839000000000194e+27,0.0
3509.5555555555557,221.00053444373896,5.867000000000197e+27,0.0
3517.25,222.0023982437965,5.727500000000186e+27,0.0
3524.8888888888887,223.00268928399657,5.66500000000018e+27,0.0
3532.472222222222,224.0014411476177,5.619000000000177e+27,0.0
3540.027777777778,225.00237321758732,5.587000000000175e+27,0.0
3547.527777777778,226.00186873858092,5.455000000000165e+27,0.0
3555.0,227.00368004998313,5.412500000000162e+27,0.0
3562.3888888888887,228.00038422745172,5.357000000000157e+27,0.0
3569.777777777778,229.00327113073274,5.323000000000155e+27,0.0
3577.0833333333335,230.0010785380955,5.230000000000154e+27,0.0
3584.3611111111113,231.00140289234412,5.201500000000149e+27,0.0
3591.5833333333335,232.0004743616097,5.19250000000015e+27,0.0
3598.777777777778,233.00216995693154,5.123000000000146e+27,0.0
3605.9166666666665,234.00266250452273,5.128500000000145e+27,0.0
3613.0,235.00194651852848,5.026000000000139e+27,0.0
3620.027777777778,236.00001650822708,4.967500000000139e+27,0.0
3627.027777777778,237.0008460848377,4.928000000000136e+27,0.0
3633.972222222222,238.00048894996849,4.9200000000001353e+27,0.0
3640.8888888888887,239.0029659175458,4.828000000000131e+27,0.0
3647.722222222222,240.0002019555427,4.852500000000131e+27,0.0
3654.527777777778,241.00028241866107,4.7985000000001263e+27,0.0
3661.3055555555557,242.003260057788,4.7580000000001264e+27,0.0
3668.0,243.00088201700441,4.722000000000127e+27,0.0
3674.6666666666665,244.00139273133368,4.6950000000001275e+27,0.0
3681.277777777778,245.00062664701545,4.6660000000001246e+27,0.0
3687.8611111111113,246.00278147997994,4.5910000000001226e+27,0.0
3694.3888888888887,247.0036249279591,4.567500000000117e+27,0.0
3700.8611111111113,248.0031100094443,4.576500000000117e+27,0.0
3707.277777777778,249.00117720845185,4.548500000000119e+27,0.0
3713.6666666666665,250.0021356571665,4.523500000000116e+27,0.0
3720.0,251.00161763561198,4.449000000000113e+27,0.0
3726.3055555555557,252.0039896935142,4.4840000000001185e+27,0.0
3732.527777777778,253.00034756175432,4.419500000000114e+27,0.0
3738.75,254.0040071369092,4.4290000000001147e+27,0.0
3744.8888888888887,255.00150165261334,4.355000000000106e+27,0.0
3751.0,256.0017700787372,4.388500000000109e+27,0.0
3757.0555555555557,257.0002348966701,4.37850000000011e+27,0.0
3763.0833333333335,258.0014353440056,4.3775000000001107e+27,0.0
3769.0555555555557,259.00071056274487,4.3075000000001084e+27,0.0
3775.0,260.00266559245085,4.277000000000104e+27,0.0
3780.8888888888887,261.0025694978808,4.2530000000001047e+27,0.0
3786.722222222222,262.0003107631659,4.294000000000107e+27,0.0
3792.527777777778,263.0005904230238,4.1880000000001034e+27,0.0
3798.3055555555557,264.00339391387536,4.257000000000108e+27,0.0
3804.027777777778,265.00383935182833,4.1975000000001025e+27,0.0
3809.6944444444443,266.0018092291805,4.224000000000102e+27,0.0
3815.3333333333335,267.0021222686264,4.1560000000001e+27,0.0
3820.9444444444443,268.00475846547704,4.1440000000001e+27,0.0
3826.5,269.00467493612143,4.148000000000099e+27,0.0
3832.0,270.001735217185,4.1270000000000964e+27,0.0
3837.472222222222,271.00089754045405,4.1365000000001015e+27,0.0
3842.9166666666665,272.00212305777507,4.094500000000097e+27,0.0
3848.3055555555557,273.000211862284,4.1045000000001007e+27,0.0
3853.6666666666665,274.0002170765216,4.1060000000000975e+27,0.0
3859.0,275.0020966257292,4.0575000000000964e+27,0.0
3864.277777777778,276.00053295177713,4.026000000000094e+27,0.0
3869.527777777778,277.00067411715247,4.0755000000000956e+27,0.0
3874.75,278.00246669506544,4.035500000000093e+27,0.0
3879.9166666666665,279.0004775343358,4.0560000000000946e+27,0.0
3885.0833333333335,280.0053751111443,3.982000000000089e+27,0.0
3890.1666666666665,281.00083992448776,4.063000000000093e+27,0.0
3895.25,282.0030684590415,4.016000000000093e+27,0.0
3900.277777777778,283.0010416977343,4.0200000000000923e+27,0.0
3905.277777777778,284.00014878819445,3.9730000000000886e+27,0.0
3910.25,285.00031764163487,4.001000000000093e+27,0.0
3915.1944444444443,286.00147300212427,4.0690000000000946e+27,0.0
3920.1111111111113,287.00353612569245,4.0460000000000916e+27,0.0
3924.972222222222,288.00071007774716,4.016000000000087e+27,0.0
3929.8333333333335,289.0043103983339,4.012000000000093e+27,0.0
3934.6388888888887,290.0027765549279,3.9740000000000904e+27,0.0
3939.4166666666665,291.0017399641374,3.936000000000089e+27,0.0
3944.1666666666665,292.0011108398819,3.962000000000088e+27,0.0
3948.8888888888887,293.0007909108574,3.9830000000000927e+27,0.0
3953.5833333333335,294.000686767821,3.9360000000000874e+27,0.0
3958.25,295.0006994808672,3.9880000000000926e+27,0.0
3962.8888888888887,296.00072799538214,3.9595000000000914e+27,0.0
3967.5,297.00066920050904,3.9175000000000826e+27,0.0
3972.0833333333335,298.0004148685066,3.9540000000000877e+27,0.0
3976.6666666666665,299.0059722610282,3.9340000000000867e+27,0.0
3981.1944444444443,300.0050457549421,3.9325000000000865e+27,0.0
3985.6944444444443,301.00358962638916,3.9880000000000904e+27,0.0
3990.1666666666665,302.0015036470188,3.9430000000000857e+27,0.0
3994.6388888888887,303.00490883202565,3.94900000000009e+27,0.0
3999.0555555555557,304.00122912599863,3.9980000000000895e+27,0.0
4003.472222222222,305.0028789256987,3.9640000000000885e+27,0.0
4007.8611111111113,306.0034824687407,4.0190000000000934e+27,0.0
4012.222222222222,307.0029166569266,3.992000000000088e+27,0.0
4016.5555555555557,308.0010587412944,4.032000000000091e+27,0.0
4020.8888888888887,309.00422787439993,4.00800000000009e+27,0.0
4025.1944444444443,310.00591407269644,4.0215000000000914e+27,0.0
4029.472222222222,311.0059865125711,4.077000000000095e+27,0.0
4033.722222222222,312.0043137961609,3.991000000000091e+27,0.0
4037.9444444444443,313.0007689234326,4.00750000000009e+27,0.0
4042.1666666666665,314.0018155846958,3.986500000000089e+27,0.0
4046.3611111111113,315.00077610688027,4.0145000000000914e+27,0.0
4050.5555555555557,316.00418525232976,4.0070000000000897e+27,0.0
4054.722222222222,317.00529167543687,3.9535000000000876e+27,0.0
4058.8611111111113,318.00396962087984,3.9825000000000894e+27,0.0
4062.972222222222,319.0000720196588,4.090000000000096e+27,0.0
4067.0833333333335,320.0002376389855,4.1110000000000946e+27,0.0
4071.1944444444443,321.00440750131634,4.075000000000093e+27,0.0
4075.277777777778,322.00569338590094,4.086500000000097e+27,0.0
4079.3333333333335,323.0039549167668,4.0705000000000936e+27,0.0
4083.3888888888887,324.0059288602986,4.109000000000096e+27,0.0
4087.4166666666665,325.00464835620073,4.164000000000098e+27,0.0
4091.4444444444443,326.0068942653952,4.1615000000001013e+27,0.0
4095.4444444444443,327.0056480690421,4.220500000000104e+27,0.0
4099.416666666667,328.00076751931965,4.277500000000109e+27,0.0
4103.416666666667,329.00609792861223,4.289000000000107e+27,0.0
4107.361111111111,330.00058419836,4.301000000000111e+27,0.0
4111.333333333333,331.0051302967054,4.3880000000001153e+27,0.0
4115.277777777777,332.00560637227954,4.405500000000116e+27,0.0
4119.194444444444,333.0018679590805,4.431000000000117e+27,0.0
4123.111111111111,334.0008688281607,4.532500000000128e+27,0.0
4127.027777777777,335.0025274492714,4.5460000000001256e+27,0.0
4130.944444444444,336.0067599014342,4.6495000000001343e+27,0.0
4134.833333333333,337.00632795724505,4.763500000000141e+27,0.0
4138.694444444444,338.0010898088276,4.809500000000144e+27,0.0
4142.583333333333,339.00527530494446,4.867000000000149e+27,0.0
4146.444444444444,340.00444373370306,4.950000000000153e+27,0.0
4150.305555555556,341.00566990328,5.117000000000166e+27,0.0
4154.138888888889,342.0016371848408,5.155000000000171e+27,0.0
4158.0,343.00668414795496,5.228500000000175e+27,0.0
4161.833333333333,344.006257319827,5.342500000000182e+27,0.0
4165.638888888889,345.0002209455711,5.437500000000188e+27,0.0
4169.472222222223,346.00299036202,5.473500000000189e+27,0.0
4173.305555555556,347.00721632678733,5.592500000000201e+27,0.0
4177.111111111111,348.00550998122526,5.729500000000207e+27,0.0
4180.916666666667,349.00504216667673,5.797500000000215e+27,0.0
4184.722222222223,350.0057128103349,5.850500000000219e+27,0.0
4188.5,351.00010840446976,5.90350000000022e+27,0.0
4192.305555555556,352.0027480154163,5.964000000000224e+27,0.0
4196.111111111111,353.0062234007819,5.919000000000222e+27,0.0
4199.888888888889,354.0030976844,6.096500000000234e+27,0.0
4203.666666666667,355.00059063001504,6.114500000000237e+27,0.0
4207.472222222223,356.00594026686167,6.222000000000248e+27,0.0
4211.25,357.0043672725799,6.219500000000243e+27,0.0
4215.027777777777,358.0031040557426,6.202500000000243e+27,0.0
4218.805555555556,359.00204825934884,6.316500000000249e+27,0.0
4222.583333333333,0.0010959244020796177,6.324500000000251e+27,0.0
4226.361111111111,1.000143053492593,6.23050000000024e+27,0.0
4230.166666666667,2.0064314968321924,6.293500000000252e+27,0.0
4233.944444444444,3.005166021757532,6.376000000000252e+27,0.0
4237.722222222223,4.003589044860746,6.326500000000248e+27,0.0
4241.5,5.001597584983756,6.359500000000252e+27,0.0
4245.305555555556,6.006422088249792,6.299500000000248e+27,0.0
4249.083333333333,7.003289860718496,6.306000000000248e+27,0.0
4252.888888888889,8.006756879660315,6.31450000000025e+27,0.0
4256.666666666667,9.002073590414739,6.320500000000247e+27,0.0
4260.472222222223,10.003773717557806,6.326000000000247e+27,0.0
4264.277777777777,11.004434652387545,6.280000000000246e+27,0.0
4268.083333333333,12.003955662471753,6.225000000000242e+27,0.0
4271.888888888889,13.002235858194808,6.210000000000239e+27,0.0
4275.722222222223,14.006450872287132,6.148000000000234e+27,0.0
4279.527777777777,15.001944185288949,6.119500000000233e+27,0.0
4283.361111111111,16.00315498289683,6.068500000000226e+27,0.0
4287.194444444444,17.00270960925377,6.012500000000225e+27,0.0
4291.027777777777,18.000518189391187,5.976500000000219e+27,0.0
4294.888888888889,19.003688829435532,5.833000000000208e+27,0.0
4298.75,20.00489761822655,5.840000000000208e+27,0.0
4302.611111111111,21.004045584473033,5.859500000000213e+27,0.0
4306.472222222223,22.001044425954433,5.673000000000199e+27,0.0
4310.361111111111,23.00295261189831,5.584500000000194e+27,0.0
4314.25,24.00249621018679,5.486000000000187e+27,0.0
4318.166666666667,25.006703898765636,5.377500000000175e+27,0.0
4322.055555555556,26.001246750611926,5.326000000000174e+27,0.0
4325.972222222223,27.000242357780508,5.218000000000164e+27,0.0
4329.916666666667,28.00355196748592,5.044000000000155e+27,0.0
4333.861111111111,29.003999896737696,5.019000000000149e+27,0.0
4337.805555555556,30.001503965057736,4.919000000000142e+27,0.0
4341.777777777777,31.00297881912138,4.824000000000136e+27,0.0
4345.75,32.00131064950756,4.6780000000001234e+27,0.0
4349.75,33.0033715716736,4.599500000000118e+27,0.0
4353.75,34.00209464047202,4.5305000000001134e+27,0.0
4357.777777777777,35.004308904588925,4.4660000000001083e+27,0.0
4361.805555555556,36.00299563620456,4.305000000000098e+27,0.0
4365.861111111111,37.00493653462354,4.178000000000088e+27,0.0
4369.916666666667,38.00316725351331,4.1690000000000865e+27,0.0
4374.0,39.004422376464845,3.9500000000000714e+27,0.0
4378.083333333333,40.001784755388826,3.981500000000074e+27,0.0
4382.194444444444,41.00194059523369,3.896000000000067e+27,0.0
4386.333333333333,42.00475554432637,3.746500000000058e+27,0.0
4390.472222222223,43.00339357860844,3.74450000000006e+27,0.0
4394.638888888889,44.0044677380306,3.688000000000058e+27,0.0
4398.805555555556,45.001204840855735,3.642000000000053e+27,0.0
4403.0,46.00016229993025,3.53200000000005e+27,0.0
4407.222222222223,47.00119822650868,3.5525000000000494e+27,0.0
4411.472222222223,48.004184976786746,3.490000000000044e+27,0.0
4415.722222222223,49.002477970171185,3.40150000000004e+27,0.0
4420.0,50.002511096343824,3.396500000000036e+27,0.0
4424.305555555556,51.00415697436438,3.3650000000000346e+27,0.0
4428.611111111111,52.00087129652252,3.247500000000032e+27,0.0
4432.972222222223,53.00538731754773,3.2705000000000305e+27,0.0
4437.333333333333,54.004782951806874,3.2200000000000276e+27,0.0
4441.722222222223,55.005345277348624,3.187000000000027e+27,0.0
4446.111111111111,56.00066651191446,3.1020000000000227e+27,0.0
4450.555555555556,57.00322866523561,3.1350000000000236e+27,0.0
4455.0,58.00038066714569,3.057500000000022e+27,0.0
4459.5,59.004462181813096,3.116500000000024e+27,0.0
4464.0,60.00296962518564,3.014000000000016e+27,0.0
4468.527777777777,61.001995951870185,2.9665000000000147e+27,0.0
4473.083333333333,62.00143655237321,2.9535000000000137e+27,0.0
4477.666666666667,63.00117741705503,2.925500000000012e+27,0.0
4482.277777777777,64.00110962098734,2.916000000000012e+27,0.0
4486.916666666667,65.00112995338736,2.87500000000001e+27,0.0
4491.583333333333,66.00113591499576,2.8185000000000036e+27,0.0
4496.277777777777,67.0010257373533,2.8370000000000045e+27,0.0
4501.0,68.0007005237228,2.8330000000000025e+27,0.0
4505.75,69.00006261103294,2.8245e+27,0.0
4510.555555555556,70.00480720848282,2.790499999999997e+27,0.0
4515.361111111111,71.00323475228197,2.7984999999999976e+27,0.0
4520.194444444444,72.00107065232828,2.770999999999997e+27,0.0
4525.083333333333,73.00392102617843,2.7594999999999956e+27,0.0
4529.972222222223,74.00029785800007,2.718999999999994e+27,0.0
4534.916666666667,75.00144609729773,2.7354999999999954e+27,0.0
4539.888888888889,76.00160793803116,2.7474999999999974e+27,0.0
4544.888888888889,77.0007099432878,2.802500000000002e+27,0.0
4549.944444444444,78.00417325830858,2.7715e+27,0.0
4555.0,79.00090336314065,2.7009999999999943e+27,0.0
4560.111111111111,80.00178169342826,2.748999999999999e+27,0.0
4565.25,81.00125317242987,2.753e+27,0.0
4570.444444444444,82.0046060090317,2.7649999999999994e+27,0.0
4575.638888888889,83.00104831980275,2.8175000000000046e+27,0.0
4580.888888888889,84.00118255684765,2.7594999999999995e+27,0.0
4586.194444444444,85.00484892433815,2.7709999999999993e+27,0.0
4591.5,86.0014877090673,2.7449999999999983e+27,0.0
4596.861111111111,87.00148964551477,2.734999999999998e+27,0.0
4602.277777777777,88.00470264758337,2.803000000000003e+27,0.0
4607.694444444444,89.0008001692886,2.836500000000005e+27,0.0
4613.194444444444,90.00500691552088,2.7850000000000026e+27,0.0
4618.694444444444,91.00203311147834,2.8460000000000074e+27,0.0
4624.25,92.00190728220628,2.8600000000000085e+27,0.0
4629.861111111111,93.00450240006012,2.85550000000001e+27,0.0
4635.5,94.00477554083704,2.8675000000000173e+27,0.0
4641.166666666667,95.00270605901187,2.90300000000002e+27,0.0
4646.888888888889,96.00311525000461,2.91250000000002e+27,0.0
4652.638888888889,97.00107979372297,2.874000000000017e+27,0.0
4658.444444444444,98.001354667638,2.9380000000000174e+27,0.0
4664.305555555556,99.00382870029034,2.9510000000000206e+27,0.0
4670.194444444444,100.00369208117309,2.931500000000028e+27,0.0
4676.111111111111,101.000946959658,2.961000000000028e+27,0.0
4682.083333333333,102.00022209556164,2.9755000000000336e+27,0.0
4688.111111111111,103.00141819102328,3.020500000000036e+27,0.0
4694.194444444444,104.00444356623325,3.050500000000043e+27,0.0
4700.277777777777,105.00014986068732,3.0710000000000466e+27,0.0
4706.444444444444,106.00213804726059,3.11600000000004e+27,0.0
4712.638888888889,107.00130046880213,3.1100000000000464e+27,0.0
4718.888888888889,108.0020865463955,3.157000000000049e+27,0.0
4725.166666666667,109.00002394808575,3.2325000000000555e+27,0.0
4731.527777777777,110.0038728211457,3.2480000000000584e+27,0.0
4737.888888888889,111.00046244008263,3.2465000000000626e+27,0.0
4744.333333333333,112.00283541977024,3.289000000000069e+27,0.0
4750.805555555556,113.00228538552392,3.2805000000000703e+27,0.0
4757.333333333333,114.00309924233102,3.319500000000068e+27,0.0
4763.888888888889,115.00100720288106,3.3880000000000755e+27,0.0
4770.5,116.00023822279786,3.469000000000079e+27,0.0
4777.166666666667,117.00074719169584,3.4870000000000844e+27,0.0
4783.888888888889,118.00249355022265,3.5135000000000887e+27,0.0
4790.638888888889,119.0013464427584,3.545500000000093e+27,0.0
4797.444444444444,120.00142380677767,3.554500000000095e+27,0.0
4804.305555555556,121.00269877860819,3.638500000000095e+27,0.0
4811.194444444444,122.00113306098547,3.678000000000101e+27,0.0
4818.138888888889,123.00077372836245,3.773000000000109e+27,0.0
4825.138888888889,124.00160069870662,3.789500000000112e+27,0.0
4832.194444444444,125.0036010498568,3.802000000000115e+27,0.0
4839.277777777777,126.0028583098649,3.81350000000012e+27,0.0
4846.416666666667,127.00332377464497,3.9110000000001266e+27,0.0
4853.583333333333,128.00113709653124,3.9540000000001267e+27,0.0
4860.805555555556,129.00020448348891,4.0055000000001324e+27,0.0
4868.083333333333,130.00052902297716,4.0375000000001366e+27,0.0
4875.416666666667,131.002115712133,4.1735000000001457e+27,0.0
4882.777777777777,132.00121741106045,4.1660000000001495e+27,0.0
4890.194444444444,133.00165375442862,4.257500000000146e+27,0.0
4897.666666666667,134.00344246279496,4.296000000000154e+27,0.0
4905.166666666667,135.0029107941573,4.3520000000001625e+27,0.0
4912.694444444444,136.00015155964024,4.412000000000165e+27,0.0
4920.305555555556,137.00254819483234,4.4995000000001725e+27,0.0
4927.944444444444,138.00281627082563,4.56850000000018e+27,0.0
4935.611111111111,139.00104981380582,4.6475000000001765e+27,0.0
4943.333333333333,140.00093376422137,4.729000000000183e+27,0.0
4951.111111111111,141.00250491638872,4.8535000000001933e+27,0.0
4958.916666666667,142.00226048196964,4.905000000000203e+27,0.0
4966.75,143.00030313059938,4.953500000000207e+27,0.0
4974.638888888889,144.00024685261224,5.147500000000208e+27,0.0
4982.583333333333,145.00214318837652,5.153500000000215e+27,0.0
4990.555555555556,146.00257219401192,5.268500000000223e+27,0.0
4998.555555555556,147.0016421686762,5.391000000000232e+27,0.0
5006.611111111111,148.00290814405548,5.465500000000242e+27,0.0
5014.694444444444,149.0030058103846,5.614000000000238e+27,0.0
5022.805555555556,150.00204735268608,5.690000000000246e+27,0.0
5030.944444444444,151.0001496115001,5.791000000000256e+27,0.0
5039.138888888889,152.00081241478324,5.872500000000264e+27,0.0
5047.361111111111,153.00074022756598,6.02600000000026e+27,0.0
5055.611111111111,154.0000527094046,6.204000000000269e+27,0.0
5063.916666666667,155.00221540446432,6.255000000000277e+27,0.0
5072.222222222223,156.0006479493884,6.366500000000288e+27,0.0
5080.583333333333,157.0021521691731,6.513000000000298e+27,0.0
5088.944444444444,158.00019896279787,6.67600000000029e+27,0.0
5097.361111111111,159.00154655911524,6.697500000000294e+27,0.0
5105.805555555556,160.0030004796904,6.892000000000307e+27,0.0
5114.25,161.0014123814044,7.032500000000319e+27,0.0
5122.722222222223,162.00021065199394,7.11700000000032e+27,0.0
5131.25,163.00278877896608,7.240000000000324e+27,0.0
5139.777777777777,164.00274826106283,7.355500000000332e+27,0.0
5148.305555555556,165.0002479404095,7.483500000000343e+27,0.0
5156.888888888889,166.00192275271297,7.599000000000341e+27,0.0
5165.472222222223,167.00142539188164,7.665500000000349e+27,0.0
5174.083333333333,168.0021403784374,7.767000000000353e+27,0.0
5182.694444444444,169.0009881495082,7.868000000000361e+27,0.0
5191.333333333333,170.00134078209976,7.984000000000362e+27,0.0
5199.972222222223,171.00013249016956,8.083500000000371e+27,0.0
5208.638888888889,172.00072538695713,8.107500000000372e+27,0.0
5217.305555555556,173.00006308959814,8.193500000000379e+27,0.0
5226.0,174.00150316492795,8.296500000000385e+27,0.0
5234.694444444444,175.00199874110353,8.379500000000392e+27,0.0
5243.388888888889,176.00170701823026,8.459000000000398e+27,0.0
5252.083333333333,177.0007865142204,8.533000000000404e+27,0.0
5260.805555555556,178.00258460695886,8.62250000000041e+27,0.0
5269.5,179.00087742476944,8.652000000000413e+27,0.0
5278.222222222223,180.00220233215418,8.725000000000419e+27,0.0
5286.916666666667,181.00033908674686,8.802500000000425e+27,0.0
5295.638888888889,182.00182216517578,8.817000000000427e+27,0.0
5304.333333333333,183.00043158364383,8.912500000000433e+27,0.0
5313.055555555556,184.0027051227371,8.932500000000435e+27,0.0
5321.75,185.0024179032398,8.97750000000044e+27,0.0
5330.444444444444,186.0029176544283,9.008500000000442e+27,0.0
5339.111111111111,187.0011623069986,9.11800000000045e+27,0.0
5347.777777777777,188.00050321155618,9.070500000000445e+27,0.0
5356.444444444444,189.00109936457125,9.113000000000449e+27,0.0
5365.111111111111,190.00310797328075,9.183500000000456e+27,0.0
5373.722222222223,191.0002509945832,9.211000000000456e+27,0.0
5382.361111111111,192.00232739173475,9.201000000000454e+27,0.0
5390.972222222223,193.0030532626074,9.194000000000457e+27,0.0
5399.555555555556,194.00256801530645,9.243500000000459e+27,0.0
5408.111111111111,195.0010100162749,9.177000000000453e+27,0.0
5416.666666666667,196.00176836491437,9.16100000000045e+27,0.0
5425.194444444444,197.00174175433062,9.13350000000045e+27,0.0
5433.694444444444,198.00106400524714,9.13500000000045e+27,0.0
5442.194444444444,199.00314872556237,9.12150000000045e+27,0.0
5450.638888888889,200.0015770361406,9.032500000000443e+27,0.0
5459.083333333333,201.00304788895733,9.022500000000441e+27,0.0
5467.472222222223,202.00110299391918,8.972000000000439e+27,0.0
5475.861111111111,203.00247846638104,8.977500000000438e+27,0.0
5484.194444444444,204.0006694784572,8.896500000000431e+27,0.0
5492.527777777777,205.00245518446377,8.823000000000425e+27,0.0
5500.805555555556,206.00128042320262,8.701500000000418e+27,0.0
5509.055555555556,207.0006003747244,8.624500000000411e+27,0.0
5517.277777777777,208.000537291701,8.655000000000411e+27,0.0
5525.472222222223,209.0012079511905,8.510000000000401e+27,0.0
5533.638888888889,210.00273278156783,8.404000000000393e+27,0.0
5541.75,211.0017982854938,8.334000000000389e+27,0.0
5549.833333333333,212.00192112305308,8.208000000000378e+27,0.0
5557.888888888889,213.00321182362586,8.073000000000369e+27,0.0
5565.888888888889,214.0023076169532,7.944500000000358e+27,0.0
5573.861111111111,215.00276255672793,7.840000000000349e+27,0.0
5581.777777777777,216.00117387699083,7.756500000000343e+27,0.0
5589.666666666667,217.00112648605204,7.688500000000337e+27,0.0
5597.527777777777,218.0027270850378,7.570000000000329e+27,0.0
5605.333333333333,219.00251087445713,7.501500000000323e+27,0.0
5613.083333333333,220.00052504372456,7.439000000000318e+27,0.0
5620.805555555556,221.00041812380346,7.300500000000307e+27,0.0
5628.5,222.00228808174506,7.188000000000299e+27,0.0
5636.138888888889,223.00258623739,7.147000000000296e+27,0.0
5643.722222222223,224.00134416420974,7.038500000000287e+27,0.0
5651.277777777777,225.00228542487002,6.988000000000282e+27,0.0
5658.777777777777,226.00178616258813,6.906500000000277e+27,0.0
5666.25,227.00360614065949,6.783500000000269e+27,0.0
5673.638888888889,228.00031584498106,6.743500000000265e+27,0.0
5681.027777777777,229.00320870684072,6.663500000000257e+27,0.0
5688.333333333333,230.0010231982103,6.636000000000255e+27,0.0
5695.611111111111,231.0013572127266,6.519000000000246e+27,0.0
5702.833333333333,232.00043361014968,6.42250000000024e+27,0.0
5710.027777777777,233.00213530334076,6.399500000000238e+27,0.0
5717.166666666667,234.0026358485004,6.327000000000233e+27,0.0
5724.25,235.0019276349476,6.217500000000224e+27,0.0
5731.277777777777,236.00000509658685,6.199500000000221e+27,0.0
5738.277777777777,237.00084095141187,6.087000000000213e+27,0.0
5745.222222222223,238.00049058414197,6.087500000000214e+27,0.0
5752.138888888889,239.00297310503925,6.002500000000208e+27,0.0
5758.972222222223,240.00021601083222,5.978000000000205e+27,0.0
5765.777777777777,241.00030230514017,5.8950000000002e+27,0.0
5772.555555555556,242.00328775633466,5.889500000000202e+27,0.0
5779.25,243.00091712042922,5.7995000000002e+27,0.0
5785.916666666667,244.0014338883973,5.759500000000198e+27,0.0
5792.527777777777,245.00067270114778,5.740500000000198e+27,0.0
5799.111111111111,246.0028325450171,5.678000000000194e+27,0.0
5805.638888888889,247.003683267219,5.704500000000189e+27,0.0
5812.111111111111,248.00317329804898,5.615500000000186e+27,0.0
5818.527777777777,249.00124716027744,5.610500000000188e+27,0.0
5824.916666666667,250.00221178235938,5.478000000000184e+27,0.0
5831.25,251.00169984675222,5.452500000000177e+27,0.0
5837.555555555556,252.00407623476963,5.405000000000177e+27,0.0
5843.777777777777,253.00043697886122,5.340500000000175e+27,0.0
5850.0,254.0041022808348,5.366500000000179e+27,0.0
5856.138888888889,255.00160066788158,5.319500000000172e+27,0.0
5862.25,256.00187623294073,5.336000000000174e+27,0.0
5868.305555555556,257.00034467170826,5.298500000000175e+27,0.0
5874.333333333333,258.0015471801687,5.24300000000017e+27,0.0
5880.305555555556,259.00082800929613,5.172500000000165e+27,0.0
5886.25,260.00278767348345,5.129500000000163e+27,0.0
5892.138888888889,261.0026921051424,5.077500000000165e+27,0.0
5897.972222222223,262.0004374708051,5.04550000000016e+27,0.0
5903.777777777777,263.00071805505195,5.087500000000162e+27,0.0
5909.555555555556,264.0035268547497,5.01000000000016e+27,0.0
5915.277777777777,265.00397607839477,5.053000000000159e+27,0.0
5920.944444444444,266.001947226016,4.991500000000156e+27,0.0
5926.583333333333,267.00226115614146,4.977500000000155e+27,0.0
5932.194444444444,268.0048976172134,4.8765000000001495e+27,0.0
5937.75,269.0048135004481,4.8805000000001487e+27,0.0
5943.25,270.00187894826604,4.8225000000001447e+27,0.0
5948.722222222223,271.0010378165555,4.8410000000001494e+27,0.0
5954.166666666667,272.00226607086734,4.846000000000149e+27,0.0
5959.555555555556,273.0003566168243,4.8120000000001466e+27,0.0
5964.916666666667,274.0003623536454,4.775000000000144e+27,0.0
5970.25,275.0022420084654,4.768000000000145e+27,0.0
5975.527777777777,276.0006750902205,4.7320000000001436e+27,0.0
5980.777777777777,277.0008135587002,4.6985000000001365e+27,0.0
5986.0,278.0026058766689,4.6780000000001377e+27,0.0
5991.166666666667,279.00061579811927,4.641000000000137e+27,0.0
5996.305555555556,280.000090795789,4.58400000000013e+27,0.0
6001.416666666667,281.0009732955439,4.631000000000135e+27,0.0
6006.5,282.0032008777366,4.6525000000001373e+27,0.0
6011.527777777777,283.00117261402056,4.6225000000001316e+27,0.0
6016.527777777777,284.0002766000407,4.6225000000001344e+27,0.0
6021.5,285.00044244851483,4.578000000000129e+27,0.0
6026.444444444444,286.0015927134841,4.5520000000001305e+27,0.0
6031.361111111111,287.0036510261732,4.505000000000127e+27,0.0
6036.222222222223,288.0008247548799,4.529500000000129e+27,0.0
6041.083333333333,289.0044179407446,4.5000000000001275e+27,0.0
6045.888888888889,290.00288281227563,4.5050000000001295e+27,0.0
6050.666666666667,291.0018395228019,4.514000000000128e+27,0.0
6055.416666666667,292.0012037346553,4.4880000000001265e+27,0.0
6060.138888888889,293.0008803759788,4.4465000000001254e+27,0.0
6064.833333333333,294.0007710532966,4.458500000000123e+27,0.0
6069.5,295.0007788788507,4.448000000000121e+27,0.0
6074.138888888889,296.0008010751965,4.368500000000121e+27,0.0
6078.75,297.0007341430746,4.4175000000001215e+27,0.0
6083.333333333333,298.0004756111109,4.4385000000001215e+27,0.0
6087.916666666667,299.00602921442896,4.4065000000001184e+27,0.0
6092.444444444444,300.0050916270841,4.348000000000116e+27,0.0
6096.944444444444,301.00363281327327,4.426000000000119e+27,0.0
6101.416666666667,302.0015345359029,4.4100000000001176e+27,0.0
6105.888888888889,303.0049359654495,4.420000000000122e+27,0.0
6110.305555555556,304.00124790969494,4.3905000000001155e+27,0.0
6114.722222222223,305.00288553182236,4.3565000000001145e+27,0.0
6119.111111111111,306.00348200404096,4.3690000000001166e+27,0.0
6123.472222222223,307.0029093656492,4.4125000000001184e+27,0.0
6127.805555555556,308.0010424486452,4.371000000000116e+27,0.0
6132.138888888889,309.00420334798673,4.3925000000001195e+27,0.0
6136.444444444444,310.0058795840391,4.3165000000001146e+27,0.0
6140.722222222223,311.00594188160403,4.3950000000001164e+27,0.0
6144.972222222223,312.00426345112305,4.3620000000001155e+27,0.0
6149.194444444444,313.00070887939,4.319500000000112e+27,0.0
6153.416666666667,314.0017435737002,4.3250000000001126e+27,0.0
6157.611111111111,315.00069907900183,4.3940000000001186e+27,0.0
6161.805555555556,316.00409436703944,4.3420000000001133e+27,0.0
6165.972222222223,317.005193584072,4.273500000000111e+27,0.0
6170.111111111111,318.0038588825216,4.3510000000001135e+27,0.0
6174.25,319.0066972339564,4.289500000000112e+27,0.0
6178.333333333333,320.00010633270244,4.386500000000117e+27,0.0
6182.444444444444,321.00426471515516,4.368500000000115e+27,0.0
6186.527777777777,322.00554127218015,4.3825000000001154e+27,0.0
6190.583333333333,323.00379405593026,4.385500000000116e+27,0.0
6194.638888888889,324.0057564652982,4.404500000000117e+27,0.0
6198.666666666667,325.00446338785105,4.3880000000001153e+27,0.0
6202.694444444444,326.0066962147166,4.4465000000001243e+27,0.0
6206.694444444444,327.00543916685797,4.497000000000123e+27,0.0
6210.666666666667,328.0005490297733,4.48100000000012e+27,0.0
6214.666666666667,329.00586822426453,4.5455000000001267e+27,0.0
6218.611111111111,330.00034566158047,4.5510000000001265e+27,0.0
6222.583333333333,331.00487982578943,4.556000000000126e+27,0.0
6226.527777777777,332.005342301203,4.653000000000133e+27,0.0
6230.444444444444,333.0015912815527,4.712000000000134e+27,0.0
6234.361111111111,334.00058019386597,4.712500000000138e+27,0.0
6238.277777777777,335.00222966753904,4.8500000000001463e+27,0.0
6242.194444444444,336.0064499557093,4.8765000000001495e+27,0.0
6246.083333333333,337.0060040181577,4.980500000000159e+27,0.0
6249.944444444444,338.00075743895786,5.020500000000157e+27,0.0
6253.833333333333,339.0049295110018,5.143500000000169e+27,0.0
6257.694444444444,340.0040845079129,5.186500000000173e+27,0.0
6261.555555555556,341.00530085451896,5.333000000000182e+27,0.0
6265.388888888889,342.00125479776784,5.355500000000183e+27,0.0
6269.25,343.0062921021113,5.472000000000192e+27,0.0
6273.083333333333,344.0058514456232,5.597000000000195e+27,0.0
6276.916666666667,345.0070650216883,5.659500000000206e+27,0.0
6280.722222222223,346.00256080624604,5.792500000000215e+27,0.0
6284.555555555556,347.00677688121937,5.796000000000214e+27,0.0
6288.361111111111,348.0050577230993,5.930500000000223e+27,0.0
6292.166666666667,349.00457873567643,6.037000000000231e+27,0.0
6295.972222222223,350.0052384832645,6.107500000000235e+27,0.0
6299.777777777777,351.00693650245375,6.162500000000236e+27,0.0
6303.555555555556,352.0022498038509,6.273000000000246e+27,0.0
6307.361111111111,353.0057124992486,6.331000000000248e+27,0.0
6311.138888888889,354.0025757545966,6.353500000000252e+27,0.0
6314.916666666667,355.0000575175104,6.369500000000255e+27,0.0
6318.722222222223,356.0053953316685,6.459500000000258e+27,0.0
6322.5,357.00381109314503,6.471500000000262e+27,0.0
6326.277777777777,358.0025373158626,6.544500000000264e+27,0.0
6330.055555555556,359.0014700242932,6.552500000000265e+27,0.0
