TAA_Bin,Gen_Total,Gen_PSD,Gen_TD,Gen_SWS,Gen_MMV,Gen_PSD_Dawn,Gen_PSD_Dusk,Gen_TD_Dawn,Gen_TD_Dusk,Gen_SWS_Dawn,Gen_SWS_Dusk,Gen_MMV_Dawn,Gen_MMV_Dusk,Pct_PSD,Pct_TD,Pct_SWS,Pct_MMV,Loss_Total,Loss_Stuck,Loss_Ionized,Loss_Escaped,Supply_Internal,Trans_Inward,Pct_Stuck,Pct_Ionized,Pct_Escaped
0,1.0756e+29,2.6149e+28,7.4416e+28,2.1200e+26,6.7780e+27,2.1455e+28,4.6940e+27,4.6421e+28,2.7995e+28,1.1500e+26,9.7000e+25,3.3550e+27,3.4230e+27,24.3,69.2,0.2,6.3,1.0760e+29,1.0467e+29,2.7860e+27,1.4200e+26,0.0000e+00,0.0000e+00,97.3,2.6,0.1
1,1.0697e+29,2.5796e+28,7.4174e+28,1.7400e+26,6.8240e+27,2.1144e+28,4.6520e+27,4.6368e+28,2.7806e+28,1.0200e+26,7.2000e+25,3.4960e+27,3.3280e+27,24.1,69.3,0.2,6.4,1.0706e+29,1.0409e+29,2.8130e+27,1.5600e+26,0.0000e+00,0.0000e+00,97.2,2.6,0.1
2,1.0581e+29,2.5705e+28,7.3142e+28,1.8000e+26,6.7800e+27,2.0942e+28,4.7630e+27,4.6463e+28,2.6679e+28,1.0700e+26,7.3000e+25,3.4340e+27,3.3460e+27,24.3,69.1,0.2,6.4,1.0573e+29,1.0282e+29,2.7590e+27,1.4800e+26,0.0000e+00,0.0000e+00,97.3,2.6,0.1
3,1.0505e+29,2.5193e+28,7.2862e+28,2.1800e+26,6.7790e+27,2.0426e+28,4.7670e+27,4.5282e+28,2.7580e+28,1.2600e+26,9.2000e+25,3.4270e+27,3.3520e+27,24.0,69.4,0.2,6.5,1.0502e+29,1.0205e+29,2.8030e+27,1.6900e+26,0.0000e+00,0.0000e+00,97.2,2.7,0.2
4,1.0412e+29,2.4999e+28,7.2167e+28,1.7500e+26,6.7760e+27,2.0217e+28,4.7820e+27,4.4012e+28,2.8155e+28,1.0200e+26,7.3000e+25,3.3300e+27,3.4460e+27,24.0,69.3,0.2,6.5,1.0426e+29,1.0129e+29,2.8130e+27,1.5700e+26,0.0000e+00,0.0000e+00,97.2,2.7,0.2
5,1.0348e+29,2.4763e+28,7.1692e+28,2.0200e+26,6.8250e+27,1.9919e+28,4.8440e+27,4.4316e+28,2.7376e+28,1.1600e+26,8.6000e+25,3.4300e+27,3.3950e+27,23.9,69.3,0.2,6.6,1.0354e+29,1.0059e+29,2.7650e+27,1.8800e+26,0.0000e+00,0.0000e+00,97.1,2.7,0.2
6,1.0208e+29,2.4241e+28,7.0886e+28,1.8400e+26,6.7640e+27,1.9617e+28,4.6240e+27,4.3906e+28,2.6980e+28,1.0000e+26,8.4000e+25,3.4180e+27,3.3460e+27,23.7,69.4,0.2,6.6,1.0210e+29,9.9261e+28,2.6580e+27,1.8300e+26,0.0000e+00,0.0000e+00,97.2,2.6,0.2
7,1.0231e+29,2.4253e+28,7.1048e+28,1.9900e+26,6.8070e+27,1.9415e+28,4.8380e+27,4.4444e+28,2.6604e+28,1.1600e+26,8.3000e+25,3.3130e+27,3.4940e+27,23.7,69.4,0.2,6.7,1.0227e+29,9.9398e+28,2.7220e+27,1.5200e+26,0.0000e+00,0.0000e+00,97.2,2.7,0.1
8,1.0106e+29,2.3806e+28,7.0284e+28,2.0800e+26,6.7600e+27,1.9125e+28,4.6810e+27,4.3851e+28,2.6433e+28,1.2200e+26,8.6000e+25,3.4050e+27,3.3550e+27,23.6,69.5,0.2,6.7,1.0111e+29,9.8267e+28,2.6580e+27,1.8800e+26,0.0000e+00,0.0000e+00,97.2,2.6,0.2
9,1.0061e+29,2.3887e+28,6.9752e+28,1.6900e+26,6.7990e+27,1.9112e+28,4.7750e+27,4.3315e+28,2.6437e+28,9.2000e+25,7.7000e+25,3.3620e+27,3.4370e+27,23.7,69.3,0.2,6.8,1.0062e+29,9.7805e+28,2.6330e+27,1.8400e+26,0.0000e+00,0.0000e+00,97.2,2.6,0.2
10,1.0045e+29,2.3509e+28,6.9941e+28,1.9900e+26,6.7960e+27,1.8608e+28,4.9010e+27,4.2474e+28,2.7467e+28,1.1900e+26,8.0000e+25,3.3940e+27,3.4020e+27,23.4,69.6,0.2,6.8,1.0040e+29,9.7587e+28,2.6400e+27,1.7300e+26,0.0000e+00,0.0000e+00,97.2,2.6,0.2
11,9.9393e+28,2.3119e+28,6.9290e+28,1.9800e+26,6.7860e+27,1.8401e+28,4.7180e+27,4.2294e+28,2.6996e+28,1.1600e+26,8.2000e+25,3.4650e+27,3.3210e+27,23.3,69.7,0.2,6.8,9.9590e+28,9.6789e+28,2.5700e+27,2.3100e+26,0.0000e+00,0.0000e+00,97.2,2.6,0.2
12,9.7658e+28,2.3018e+28,6.7683e+28,1.7500e+26,6.7820e+27,1.8191e+28,4.8270e+27,4.1083e+28,2.6600e+28,9.8000e+25,7.7000e+25,3.3800e+27,3.4020e+27,23.6,69.3,0.2,6.9,9.7622e+28,9.4825e+28,2.5420e+27,2.5500e+26,0.0000e+00,0.0000e+00,97.1,2.6,0.3
13,9.7291e+28,2.2804e+28,6.7470e+28,1.8800e+26,6.8290e+27,1.8040e+28,4.7640e+27,4.0842e+28,2.6628e+28,1.1100e+26,7.7000e+25,3.4330e+27,3.3960e+27,23.4,69.3,0.2,7.0,9.7375e+28,9.4550e+28,2.5420e+27,2.8300e+26,0.0000e+00,0.0000e+00,97.1,2.6,0.3
14,9.4276e+28,2.2498e+28,6.4858e+28,1.6200e+26,6.7580e+27,1.7714e+28,4.7840e+27,3.9211e+28,2.5647e+28,8.4000e+25,7.8000e+25,3.3660e+27,3.3920e+27,23.9,68.8,0.2,7.2,9.4324e+28,9.1643e+28,2.3940e+27,2.8700e+26,0.0000e+00,0.0000e+00,97.2,2.5,0.3
15,9.2220e+28,2.2343e+28,6.2905e+28,1.6800e+26,6.8040e+27,1.7586e+28,4.7570e+27,3.7629e+28,2.5276e+28,9.3000e+25,7.5000e+25,3.4250e+27,3.3790e+27,24.2,68.2,0.2,7.4,9.2427e+28,8.9628e+28,2.4700e+27,3.2900e+26,0.0000e+00,0.0000e+00,97.0,2.7,0.4
16,9.1947e+28,2.2032e+28,6.2971e+28,1.5600e+26,6.7880e+27,1.7200e+28,4.8320e+27,3.8344e+28,2.4627e+28,8.1000e+25,7.5000e+25,3.3370e+27,3.4510e+27,24.0,68.5,0.2,7.4,9.1991e+28,8.9375e+28,2.2890e+27,3.2700e+26,0.0000e+00,0.0000e+00,97.2,2.5,0.4
17,8.9983e+28,2.1791e+28,6.1229e+28,1.8200e+26,6.7810e+27,1.7025e+28,4.7660e+27,3.6441e+28,2.4788e+28,1.0000e+26,8.2000e+25,3.4520e+27,3.3290e+27,24.2,68.0,0.2,7.5,9.0024e+28,8.7371e+28,2.2690e+27,3.8400e+26,0.0000e+00,0.0000e+00,97.1,2.5,0.4
18,8.9812e+28,2.1615e+28,6.1196e+28,1.8900e+26,6.8120e+27,1.6814e+28,4.8010e+27,3.6258e+28,2.4938e+28,1.0300e+26,8.6000e+25,3.3810e+27,3.4310e+27,24.1,68.1,0.2,7.6,8.9872e+28,8.7126e+28,2.3090e+27,4.3700e+26,0.0000e+00,0.0000e+00,96.9,2.6,0.5
19,8.7999e+28,2.1541e+28,5.9482e+28,1.7400e+26,6.8020e+27,1.6743e+28,4.7980e+27,3.5584e+28,2.3898e+28,8.9000e+25,8.5000e+25,3.4010e+27,3.4010e+27,24.5,67.6,0.2,7.7,8.8041e+28,8.5435e+28,2.1580e+27,4.4800e+26,0.0000e+00,0.0000e+00,97.0,2.5,0.5
20,8.5220e+28,2.1452e+28,5.6798e+28,1.8700e+26,6.7830e+27,1.6631e+28,4.8210e+27,3.4140e+28,2.2658e+28,1.1100e+26,7.6000e+25,3.4200e+27,3.3630e+27,25.2,66.6,0.2,8.0,8.5421e+28,8.2850e+28,2.0890e+27,4.8200e+26,0.0000e+00,0.0000e+00,97.0,2.4,0.6
21,8.2943e+28,2.0977e+28,5.5028e+28,1.6800e+26,6.7700e+27,1.6191e+28,4.7860e+27,3.2742e+28,2.2286e+28,9.3000e+25,7.5000e+25,3.3550e+27,3.4150e+27,25.3,66.3,0.2,8.2,8.3030e+28,8.0470e+28,2.0480e+27,5.1200e+26,0.0000e+00,0.0000e+00,96.9,2.5,0.6
22,8.1965e+28,2.1023e+28,5.3958e+28,1.7400e+26,6.8100e+27,1.6264e+28,4.7590e+27,3.1938e+28,2.2020e+28,1.0200e+26,7.2000e+25,3.3410e+27,3.4690e+27,25.6,65.8,0.2,8.3,8.2007e+28,7.9451e+28,1.9540e+27,6.0200e+26,0.0000e+00,0.0000e+00,96.9,2.4,0.7
23,8.0433e+28,2.0799e+28,5.2694e+28,1.6700e+26,6.7730e+27,1.5986e+28,4.8130e+27,3.1344e+28,2.1350e+28,1.0100e+26,6.6000e+25,3.3910e+27,3.3820e+27,25.9,65.5,0.2,8.4,8.0599e+28,7.8030e+28,1.9530e+27,6.1600e+26,0.0000e+00,0.0000e+00,96.8,2.4,0.8
24,7.7468e+28,2.0760e+28,4.9730e+28,1.6000e+26,6.8180e+27,1.5919e+28,4.8410e+27,2.9117e+28,2.0613e+28,9.7000e+25,6.3000e+25,3.4660e+27,3.3520e+27,26.8,64.2,0.2,8.8,7.7540e+28,7.4896e+28,1.9310e+27,7.1300e+26,0.0000e+00,0.0000e+00,96.6,2.5,0.9
25,7.5356e+28,2.0431e+28,4.7996e+28,1.7000e+26,6.7590e+27,1.5669e+28,4.7620e+27,2.8514e+28,1.9482e+28,1.0200e+26,6.8000e+25,3.3800e+27,3.3790e+27,27.1,63.7,0.2,9.0,7.5435e+28,7.2955e+28,1.7400e+27,7.4000e+26,0.0000e+00,0.0000e+00,96.7,2.3,1.0
26,7.4915e+28,2.0255e+28,4.7719e+28,1.5100e+26,6.7900e+27,1.5539e+28,4.7160e+27,2.7573e+28,2.0146e+28,8.3000e+25,6.8000e+25,3.4440e+27,3.3460e+27,27.0,63.7,0.2,9.1,7.4882e+28,7.2312e+28,1.7670e+27,8.0300e+26,0.0000e+00,0.0000e+00,96.6,2.4,1.1
27,7.2485e+28,2.0145e+28,4.5363e+28,1.5800e+26,6.8190e+27,1.5474e+28,4.6710e+27,2.6351e+28,1.9012e+28,1.0300e+26,5.5000e+25,3.4680e+27,3.3510e+27,27.8,62.6,0.2,9.4,7.2603e+28,7.0066e+28,1.6370e+27,9.0000e+26,0.0000e+00,0.0000e+00,96.5,2.3,1.2
28,7.0436e+28,2.0040e+28,4.3435e+28,1.5700e+26,6.8040e+27,1.5196e+28,4.8440e+27,2.5124e+28,1.8311e+28,9.0000e+25,6.7000e+25,3.4370e+27,3.3670e+27,28.5,61.7,0.2,9.7,7.0576e+28,6.8046e+28,1.5620e+27,9.6800e+26,0.0000e+00,0.0000e+00,96.4,2.2,1.4
29,6.7368e+28,1.9608e+28,4.0794e+28,1.7100e+26,6.7950e+27,1.5000e+28,4.6080e+27,2.3489e+28,1.7305e+28,1.0700e+26,6.4000e+25,3.3560e+27,3.4390e+27,29.1,60.6,0.3,10.1,6.7539e+28,6.5007e+28,1.5170e+27,1.0150e+27,0.0000e+00,0.0000e+00,96.3,2.2,1.5
30,6.4641e+28,1.9696e+28,3.7965e+28,1.6600e+26,6.8140e+27,1.5030e+28,4.6660e+27,2.1389e+28,1.6576e+28,9.4000e+25,7.2000e+25,3.4350e+27,3.3790e+27,30.5,58.7,0.3,10.5,6.4648e+28,6.2239e+28,1.3690e+27,1.0400e+27,0.0000e+00,0.0000e+00,96.3,2.1,1.6
31,6.3056e+28,1.9370e+28,3.6733e+28,1.5700e+26,6.7960e+27,1.4774e+28,4.5960e+27,2.0807e+28,1.5926e+28,8.5000e+25,7.2000e+25,3.4190e+27,3.3770e+27,30.7,58.3,0.2,10.8,6.3108e+28,6.0729e+28,1.3160e+27,1.0630e+27,0.0000e+00,0.0000e+00,96.2,2.1,1.7
32,6.1033e+28,1.9338e+28,3.4733e+28,1.4300e+26,6.8190e+27,1.4692e+28,4.6460e+27,1.9234e+28,1.5499e+28,8.0000e+25,6.3000e+25,3.3690e+27,3.4500e+27,31.7,56.9,0.2,11.2,6.1224e+28,5.8863e+28,1.2510e+27,1.1100e+27,0.0000e+00,0.0000e+00,96.1,2.0,1.8
33,5.9579e+28,1.9189e+28,3.3454e+28,1.3800e+26,6.7980e+27,1.4627e+28,4.5620e+27,1.8525e+28,1.4929e+28,8.4000e+25,5.4000e+25,3.3830e+27,3.4150e+27,32.2,56.2,0.2,11.4,5.9523e+28,5.7215e+28,1.1700e+27,1.1380e+27,0.0000e+00,0.0000e+00,96.1,2.0,1.9
34,5.8725e+28,1.9306e+28,3.2473e+28,1.2400e+26,6.8220e+27,1.4686e+28,4.6200e+27,1.8295e+28,1.4178e+28,7.5000e+25,4.9000e+25,3.3510e+27,3.4710e+27,32.9,55.3,0.2,11.6,5.8821e+28,5.6375e+28,1.2220e+27,1.2240e+27,0.0000e+00,0.0000e+00,95.8,2.1,2.1
35,5.6970e+28,1.8845e+28,3.1199e+28,1.2800e+26,6.7980e+27,1.4333e+28,4.5120e+27,1.7359e+28,1.3840e+28,6.3000e+25,6.5000e+25,3.3250e+27,3.4730e+27,33.1,54.8,0.2,11.9,5.7024e+28,5.4589e+28,1.1470e+27,1.2880e+27,0.0000e+00,0.0000e+00,95.7,2.0,2.3
36,5.6369e+28,1.8845e+28,3.0544e+28,1.6000e+26,6.8200e+27,1.4315e+28,4.5300e+27,1.7307e+28,1.3237e+28,9.5000e+25,6.5000e+25,3.4480e+27,3.3720e+27,33.4,54.2,0.3,12.1,5.6374e+28,5.3841e+28,1.1920e+27,1.3410e+27,0.0000e+00,0.0000e+00,95.5,2.1,2.4
37,5.5110e+28,1.8648e+28,2.9517e+28,1.4200e+26,6.8030e+27,1.4129e+28,4.5190e+27,1.6089e+28,1.3428e+28,8.0000e+25,6.2000e+25,3.4350e+27,3.3680e+27,33.8,53.6,0.3,12.3,5.5203e+28,5.2800e+28,1.0470e+27,1.3560e+27,0.0000e+00,0.0000e+00,95.6,1.9,2.5
38,5.3955e+28,1.8424e+28,2.8580e+28,1.4200e+26,6.8090e+27,1.4074e+28,4.3500e+27,1.5669e+28,1.2911e+28,8.8000e+25,5.4000e+25,3.4300e+27,3.3790e+27,34.1,53.0,0.3,12.6,5.4032e+28,5.1648e+28,1.0280e+27,1.3560e+27,0.0000e+00,0.0000e+00,95.6,1.9,2.5
39,5.2449e+28,1.8311e+28,2.7188e+28,1.5600e+26,6.7940e+27,1.3916e+28,4.3950e+27,1.5161e+28,1.2027e+28,8.3000e+25,7.3000e+25,3.3750e+27,3.4190e+27,34.9,51.8,0.3,13.0,5.2454e+28,5.0039e+28,9.9400e+26,1.4210e+27,0.0000e+00,0.0000e+00,95.4,1.9,2.7
40,5.1995e+28,1.8314e+28,2.6725e+28,1.4000e+26,6.8160e+27,1.3950e+28,4.3640e+27,1.4648e+28,1.2077e+28,7.6000e+25,6.4000e+25,3.3170e+27,3.4990e+27,35.2,51.4,0.3,13.1,5.2048e+28,4.9642e+28,1.0220e+27,1.3840e+27,0.0000e+00,0.0000e+00,95.4,2.0,2.7
41,5.2445e+28,1.8569e+28,2.6893e+28,1.4900e+26,6.8340e+27,1.4078e+28,4.4910e+27,1.5023e+28,1.1870e+28,9.0000e+25,5.9000e+25,3.3970e+27,3.4370e+27,35.4,51.3,0.3,13.0,5.2491e+28,4.9966e+28,9.8000e+26,1.5450e+27,0.0000e+00,0.0000e+00,95.2,1.9,2.9
42,4.9737e+28,1.7960e+28,2.4819e+28,1.5500e+26,6.8030e+27,1.3790e+28,4.1700e+27,1.3792e+28,1.1027e+28,8.0000e+25,7.5000e+25,3.4520e+27,3.3510e+27,36.1,49.9,0.3,13.7,4.9798e+28,4.7466e+28,9.2400e+26,1.4080e+27,0.0000e+00,0.0000e+00,95.3,1.9,2.8
43,4.9475e+28,1.8011e+28,2.4497e+28,1.3100e+26,6.8360e+27,1.3849e+28,4.1620e+27,1.3606e+28,1.0891e+28,6.9000e+25,6.2000e+25,3.3840e+27,3.4520e+27,36.4,49.5,0.3,13.8,4.9493e+28,4.7135e+28,9.0000e+26,1.4580e+27,0.0000e+00,0.0000e+00,95.2,1.8,2.9
44,4.8444e+28,1.7724e+28,2.3788e+28,1.3100e+26,6.8010e+27,1.3665e+28,4.0590e+27,1.3690e+28,1.0098e+28,7.5000e+25,5.6000e+25,3.3390e+27,3.4620e+27,36.6,49.1,0.3,14.0,4.8479e+28,4.6100e+28,9.0100e+26,1.4780e+27,0.0000e+00,0.0000e+00,95.1,1.9,3.0
45,4.8801e+28,1.8015e+28,2.3848e+28,1.2100e+26,6.8170e+27,1.3912e+28,4.1030e+27,1.3427e+28,1.0421e+28,5.7000e+25,6.4000e+25,3.3650e+27,3.4520e+27,36.9,48.9,0.2,14.0,4.8711e+28,4.6338e+28,8.7700e+26,1.4960e+27,0.0000e+00,0.0000e+00,95.1,1.8,3.1
46,4.9284e+28,1.7854e+28,2.4467e+28,1.2600e+26,6.8370e+27,1.3751e+28,4.1030e+27,1.3743e+28,1.0724e+28,6.8000e+25,5.8000e+25,3.4110e+27,3.4260e+27,36.2,49.6,0.3,13.9,4.9362e+28,4.6934e+28,8.3700e+26,1.5910e+27,0.0000e+00,0.0000e+00,95.1,1.7,3.2
47,4.8271e+28,1.7885e+28,2.3427e+28,1.2000e+26,6.8390e+27,1.3872e+28,4.0130e+27,1.3267e+28,1.0160e+28,7.0000e+25,5.0000e+25,3.4700e+27,3.3690e+27,37.1,48.5,0.2,14.2,4.8325e+28,4.5859e+28,8.5500e+26,1.6110e+27,0.0000e+00,0.0000e+00,94.9,1.8,3.3
48,4.8337e+28,1.7763e+28,2.3614e+28,1.4100e+26,6.8190e+27,1.3818e+28,3.9450e+27,1.2972e+28,1.0642e+28,7.4000e+25,6.7000e+25,3.4080e+27,3.4110e+27,36.7,48.9,0.3,14.1,4.8312e+28,4.5901e+28,8.3200e+26,1.5790e+27,0.0000e+00,0.0000e+00,95.0,1.7,3.3
49,4.8104e+28,1.7832e+28,2.3318e+28,1.2900e+26,6.8250e+27,1.3881e+28,3.9510e+27,1.2938e+28,1.0380e+28,6.3000e+25,6.6000e+25,3.4670e+27,3.3580e+27,37.1,48.5,0.3,14.2,4.8252e+28,4.5866e+28,7.8400e+26,1.6020e+27,0.0000e+00,0.0000e+00,95.1,1.6,3.3
50,4.8717e+28,1.7740e+28,2.4004e+28,1.2800e+26,6.8450e+27,1.3911e+28,3.8290e+27,1.3947e+28,1.0057e+28,6.5000e+25,6.3000e+25,3.4090e+27,3.4360e+27,36.4,49.3,0.3,14.1,4.8589e+28,4.6216e+28,8.4900e+26,1.5240e+27,0.0000e+00,0.0000e+00,95.1,1.7,3.1
51,4.7386e+28,1.7752e+28,2.2677e+28,1.4100e+26,6.8160e+27,1.3791e+28,3.9610e+27,1.2734e+28,9.9430e+27,7.7000e+25,6.4000e+25,3.3840e+27,3.4320e+27,37.5,47.9,0.3,14.4,4.7469e+28,4.5150e+28,7.4900e+26,1.5700e+27,0.0000e+00,0.0000e+00,95.1,1.6,3.3
52,4.7382e+28,1.7912e+28,2.2494e+28,1.1000e+26,6.8660e+27,1.3973e+28,3.9390e+27,1.2011e+28,1.0483e+28,6.4000e+25,4.6000e+25,3.3930e+27,3.4730e+27,37.8,47.5,0.2,14.5,4.7324e+28,4.4891e+28,8.2000e+26,1.6130e+27,0.0000e+00,0.0000e+00,94.9,1.7,3.4
53,4.6357e+28,1.7757e+28,2.1682e+28,1.0600e+26,6.8120e+27,1.3892e+28,3.8650e+27,1.1685e+28,9.9970e+27,6.1000e+25,4.5000e+25,3.4100e+27,3.4020e+27,38.3,46.8,0.2,14.7,4.6469e+28,4.4129e+28,7.6700e+26,1.5730e+27,0.0000e+00,0.0000e+00,95.0,1.7,3.4
54,4.6069e+28,1.7885e+28,2.1219e+28,1.3000e+26,6.8350e+27,1.4104e+28,3.7810e+27,1.1751e+28,9.4680e+27,6.3000e+25,6.7000e+25,3.3840e+27,3.4510e+27,38.8,46.1,0.3,14.8,4.6086e+28,4.3629e+28,8.3300e+26,1.6240e+27,0.0000e+00,0.0000e+00,94.7,1.8,3.5
55,4.5514e+28,1.7690e+28,2.0912e+28,1.0800e+26,6.8040e+27,1.4084e+28,3.6060e+27,1.1450e+28,9.4620e+27,7.2000e+25,3.6000e+25,3.3380e+27,3.4660e+27,38.9,45.9,0.2,14.9,4.5481e+28,4.3142e+28,7.2000e+26,1.6190e+27,0.0000e+00,0.0000e+00,94.9,1.6,3.6
56,4.6285e+28,1.7959e+28,2.1355e+28,1.1000e+26,6.8610e+27,1.4316e+28,3.6430e+27,1.2024e+28,9.3310e+27,6.0000e+25,5.0000e+25,3.4580e+27,3.4030e+27,38.8,46.1,0.2,14.8,4.6351e+28,4.3962e+28,7.8000e+26,1.6090e+27,0.0000e+00,0.0000e+00,94.8,1.7,3.5
57,4.5416e+28,1.7654e+28,2.0871e+28,8.3000e+25,6.8080e+27,1.4184e+28,3.4700e+27,1.1445e+28,9.4260e+27,4.3000e+25,4.0000e+25,3.4530e+27,3.3550e+27,38.9,46.0,0.2,15.0,4.5381e+28,4.3104e+28,7.3700e+26,1.5400e+27,0.0000e+00,0.0000e+00,95.0,1.6,3.4
58,4.6542e+28,1.8042e+28,2.1512e+28,1.1200e+26,6.8760e+27,1.4485e+28,3.5570e+27,1.1776e+28,9.7360e+27,6.5000e+25,4.7000e+25,3.4020e+27,3.4740e+27,38.8,46.2,0.2,14.8,4.6649e+28,4.4243e+28,7.5300e+26,1.6530e+27,0.0000e+00,0.0000e+00,94.8,1.6,3.5
59,4.7333e+28,1.7990e+28,2.2411e+28,9.8000e+25,6.8340e+27,1.4457e+28,3.5330e+27,1.2202e+28,1.0209e+28,5.1000e+25,4.7000e+25,3.4840e+27,3.3500e+27,38.0,47.3,0.2,14.4,4.7210e+28,4.4863e+28,7.6900e+26,1.5780e+27,0.0000e+00,0.0000e+00,95.0,1.6,3.3
60,4.7312e+28,1.8019e+28,2.2332e+28,1.2000e+26,6.8410e+27,1.4489e+28,3.5300e+27,1.2526e+28,9.8060e+27,7.1000e+25,4.9000e+25,3.4600e+27,3.3810e+27,38.1,47.2,0.3,14.5,4.7327e+28,4.4939e+28,7.4900e+26,1.6390e+27,0.0000e+00,0.0000e+00,95.0,1.6,3.5
61,4.6353e+28,1.8078e+28,2.1323e+28,9.9000e+25,6.8530e+27,1.4730e+28,3.3480e+27,1.2220e+28,9.1030e+27,4.7000e+25,5.2000e+25,3.4160e+27,3.4370e+27,39.0,46.0,0.2,14.8,4.6413e+28,4.3989e+28,7.5000e+26,1.6740e+27,0.0000e+00,0.0000e+00,94.8,1.6,3.6
62,4.6900e+28,1.8180e+28,2.1760e+28,1.1300e+26,6.8470e+27,1.4889e+28,3.2910e+27,1.1972e+28,9.7880e+27,6.0000e+25,5.3000e+25,3.3680e+27,3.4790e+27,38.8,46.4,0.2,14.6,4.6935e+28,4.4493e+28,7.7300e+26,1.6690e+27,0.0000e+00,0.0000e+00,94.8,1.6,3.6
63,4.6873e+28,1.8115e+28,2.1806e+28,9.6000e+25,6.8560e+27,1.4828e+28,3.2870e+27,1.1799e+28,1.0007e+28,5.4000e+25,4.2000e+25,3.4480e+27,3.4080e+27,38.6,46.5,0.2,14.6,4.6806e+28,4.4471e+28,7.3200e+26,1.6030e+27,0.0000e+00,0.0000e+00,95.0,1.6,3.4
64,4.8395e+28,1.8397e+28,2.3032e+28,1.1500e+26,6.8510e+27,1.5114e+28,3.2830e+27,1.2631e+28,1.0401e+28,6.1000e+25,5.4000e+25,3.4800e+27,3.3710e+27,38.0,47.6,0.2,14.2,4.8437e+28,4.5963e+28,8.0400e+26,1.6700e+27,0.0000e+00,0.0000e+00,94.9,1.7,3.4
65,4.7858e+28,1.8546e+28,2.2351e+28,1.0400e+26,6.8570e+27,1.5303e+28,3.2430e+27,1.1478e+28,1.0873e+28,5.9000e+25,4.5000e+25,3.4030e+27,3.4540e+27,38.8,46.7,0.2,14.3,4.7857e+28,4.5507e+28,7.1000e+26,1.6400e+27,0.0000e+00,0.0000e+00,95.1,1.5,3.4
66,4.9000e+28,1.9291e+28,2.2736e+28,1.1700e+26,6.8560e+27,1.5998e+28,3.2930e+27,1.1744e+28,1.0992e+28,6.3000e+25,5.4000e+25,3.3570e+27,3.4990e+27,39.4,46.4,0.2,14.0,4.9031e+28,4.6583e+28,7.6300e+26,1.6850e+27,0.0000e+00,0.0000e+00,95.0,1.6,3.4
67,4.7246e+28,1.9979e+28,2.0262e+28,1.4600e+26,6.8590e+27,1.6764e+28,3.2150e+27,1.0816e+28,9.4460e+27,8.9000e+25,5.7000e+25,3.4010e+27,3.4580e+27,42.3,42.9,0.3,14.5,4.7195e+28,4.4774e+28,7.1200e+26,1.7090e+27,0.0000e+00,0.0000e+00,94.9,1.5,3.6
68,4.9202e+28,2.0747e+28,2.1492e+28,1.0200e+26,6.8610e+27,1.7535e+28,3.2120e+27,1.2254e+28,9.2380e+27,5.6000e+25,4.6000e+25,3.4160e+27,3.4450e+27,42.2,43.7,0.2,13.9,4.9161e+28,4.6727e+28,7.1300e+26,1.7210e+27,0.0000e+00,0.0000e+00,95.0,1.5,3.5
69,5.1141e+28,2.1607e+28,2.2514e+28,1.2600e+26,6.8940e+27,1.8375e+28,3.2320e+27,1.2304e+28,1.0210e+28,6.6000e+25,6.0000e+25,3.4560e+27,3.4380e+27,42.2,44.0,0.2,13.5,5.1088e+28,4.8571e+28,7.4900e+26,1.7680e+27,0.0000e+00,0.0000e+00,95.1,1.5,3.5
70,5.1494e+28,2.2320e+28,2.2206e+28,1.0500e+26,6.8630e+27,1.9099e+28,3.2210e+27,1.2905e+28,9.3010e+27,6.0000e+25,4.5000e+25,3.4330e+27,3.4300e+27,43.3,43.1,0.2,13.3,5.1548e+28,4.8988e+28,7.8700e+26,1.7730e+27,0.0000e+00,0.0000e+00,95.0,1.5,3.4
71,5.1370e+28,2.2812e+28,2.1589e+28,1.1500e+26,6.8540e+27,1.9673e+28,3.1390e+27,1.1830e+28,9.7590e+27,7.8000e+25,3.7000e+25,3.4180e+27,3.4360e+27,44.4,42.0,0.2,13.3,5.1320e+28,4.8883e+28,7.4500e+26,1.6920e+27,0.0000e+00,0.0000e+00,95.3,1.5,3.3
72,5.3386e+28,2.3797e+28,2.2595e+28,9.9000e+25,6.8950e+27,2.0665e+28,3.1320e+27,1.2357e+28,1.0238e+28,4.9000e+25,5.0000e+25,3.4430e+27,3.4520e+27,44.6,42.3,0.2,12.9,5.3434e+28,5.0841e+28,7.7000e+26,1.8230e+27,0.0000e+00,0.0000e+00,95.1,1.4,3.4
73,5.4511e+28,2.4299e+28,2.3238e+28,1.2600e+26,6.8480e+27,2.1255e+28,3.0440e+27,1.2901e+28,1.0337e+28,7.5000e+25,5.1000e+25,3.4010e+27,3.4470e+27,44.6,42.6,0.2,12.6,5.4442e+28,5.1875e+28,7.5600e+26,1.8110e+27,0.0000e+00,0.0000e+00,95.3,1.4,3.3
74,5.4524e+28,2.5565e+28,2.1946e+28,1.2600e+26,6.8870e+27,2.2441e+28,3.1240e+27,1.2702e+28,9.2440e+27,6.4000e+25,6.2000e+25,3.3950e+27,3.4920e+27,46.9,40.3,0.2,12.6,5.4620e+28,5.2077e+28,7.5000e+26,1.7930e+27,0.0000e+00,0.0000e+00,95.3,1.4,3.3
75,5.5429e+28,2.6321e+28,2.2129e+28,1.0400e+26,6.8750e+27,2.3269e+28,3.0520e+27,1.3041e+28,9.0880e+27,5.1000e+25,5.3000e+25,3.4200e+27,3.4550e+27,47.5,39.9,0.2,12.4,5.5317e+28,5.2768e+28,7.5900e+26,1.7900e+27,0.0000e+00,0.0000e+00,95.4,1.4,3.2
76,5.5930e+28,2.7107e+28,2.1806e+28,1.3700e+26,6.8800e+27,2.4048e+28,3.0590e+27,1.2679e+28,9.1270e+27,7.0000e+25,6.7000e+25,3.4670e+27,3.4130e+27,48.5,39.0,0.2,12.3,5.5934e+28,5.3225e+28,8.2400e+26,1.8850e+27,0.0000e+00,0.0000e+00,95.2,1.5,3.4
77,5.8536e+28,2.8252e+28,2.3258e+28,1.1800e+26,6.9080e+27,2.5224e+28,3.0280e+27,1.3225e+28,1.0033e+28,6.2000e+25,5.6000e+25,3.5060e+27,3.4020e+27,48.3,39.7,0.2,11.8,5.8442e+28,5.5702e+28,8.3400e+26,1.9060e+27,0.0000e+00,0.0000e+00,95.3,1.4,3.3
78,5.7547e+28,2.8710e+28,2.1868e+28,1.0700e+26,6.8620e+27,2.5683e+28,3.0270e+27,1.2386e+28,9.4820e+27,6.7000e+25,4.0000e+25,3.4520e+27,3.4100e+27,49.9,38.0,0.2,11.9,5.7663e+28,5.4947e+28,7.9200e+26,1.9240e+27,0.0000e+00,0.0000e+00,95.3,1.4,3.3
79,5.9772e+28,2.9511e+28,2.3247e+28,1.2300e+26,6.8910e+27,2.6629e+28,2.8820e+27,1.3564e+28,9.6830e+27,7.4000e+25,4.9000e+25,3.4840e+27,3.4070e+27,49.4,38.9,0.2,11.5,5.9713e+28,5.7029e+28,8.1400e+26,1.8700e+27,0.0000e+00,0.0000e+00,95.5,1.4,3.1
80,6.1121e+28,3.0383e+28,2.3727e+28,1.3200e+26,6.8790e+27,2.7428e+28,2.9550e+27,1.3442e+28,1.0285e+28,7.4000e+25,5.8000e+25,3.4220e+27,3.4570e+27,49.7,38.8,0.2,11.3,6.1083e+28,5.8419e+28,8.0500e+26,1.8590e+27,0.0000e+00,0.0000e+00,95.6,1.3,3.0
81,6.2184e+28,3.1488e+28,2.3654e+28,1.2600e+26,6.9160e+27,2.8560e+28,2.9280e+27,1.3815e+28,9.8390e+27,7.9000e+25,4.7000e+25,3.4820e+27,3.4340e+27,50.6,38.0,0.2,11.1,6.2129e+28,5.9329e+28,8.2000e+26,1.9800e+27,0.0000e+00,0.0000e+00,95.5,1.3,3.2
82,6.4156e+28,3.2157e+28,2.5003e+28,1.2800e+26,6.8680e+27,2.9359e+28,2.7980e+27,1.4264e+28,1.0739e+28,7.1000e+25,5.7000e+25,3.4400e+27,3.4280e+27,50.1,39.0,0.2,10.7,6.4143e+28,6.1409e+28,9.0900e+26,1.8250e+27,0.0000e+00,0.0000e+00,95.7,1.4,2.8
83,6.6014e+28,3.3025e+28,2.5959e+28,1.3200e+26,6.8980e+27,3.0138e+28,2.8870e+27,1.4156e+28,1.1803e+28,7.9000e+25,5.3000e+25,3.5130e+27,3.3850e+27,50.0,39.3,0.2,10.4,6.6068e+28,6.3347e+28,8.9100e+26,1.8300e+27,0.0000e+00,0.0000e+00,95.9,1.3,2.8
84,6.6951e+28,3.4669e+28,2.5218e+28,1.3900e+26,6.9250e+27,3.1626e+28,3.0430e+27,1.3704e+28,1.1514e+28,1.0000e+26,3.9000e+25,3.4980e+27,3.4270e+27,51.8,37.7,0.2,10.3,6.6787e+28,6.3970e+28,9.1900e+26,1.8980e+27,0.0000e+00,0.0000e+00,95.8,1.4,2.8
85,6.7009e+28,3.5619e+28,2.4379e+28,1.2700e+26,6.8840e+27,3.2756e+28,2.8630e+27,1.4069e+28,1.0310e+28,8.2000e+25,4.5000e+25,3.4040e+27,3.4800e+27,53.2,36.4,0.2,10.3,6.7063e+28,6.4225e+28,9.1100e+26,1.9270e+27,0.0000e+00,0.0000e+00,95.8,1.4,2.9
86,6.7894e+28,3.7224e+28,2.3622e+28,1.4500e+26,6.9030e+27,3.4325e+28,2.8990e+27,1.3535e+28,1.0087e+28,8.5000e+25,6.0000e+25,3.3950e+27,3.5080e+27,54.8,34.8,0.2,10.2,6.7834e+28,6.4949e+28,9.1800e+26,1.9670e+27,0.0000e+00,0.0000e+00,95.7,1.4,2.9
87,7.0113e+28,3.8913e+28,2.4113e+28,1.5400e+26,6.9330e+27,3.6020e+28,2.8930e+27,1.4442e+28,9.6710e+27,9.5000e+25,5.9000e+25,3.3990e+27,3.5340e+27,55.5,34.4,0.2,9.9,7.0059e+28,6.7104e+28,9.7800e+26,1.9770e+27,0.0000e+00,0.0000e+00,95.8,1.4,2.8
88,7.1586e+28,4.0262e+28,2.4304e+28,1.3400e+26,6.8860e+27,3.7402e+28,2.8600e+27,1.4130e+28,1.0174e+28,6.7000e+25,6.7000e+25,3.4900e+27,3.3960e+27,56.2,34.0,0.2,9.6,7.1507e+28,6.8562e+28,9.5300e+26,1.9920e+27,0.0000e+00,0.0000e+00,95.9,1.3,2.8
89,7.5466e+28,4.2226e+28,2.6158e+28,1.4700e+26,6.9350e+27,3.9303e+28,2.9230e+27,1.5827e+28,1.0331e+28,8.8000e+25,5.9000e+25,3.5040e+27,3.4310e+27,56.0,34.7,0.2,9.2,7.5471e+28,7.2459e+28,9.9300e+26,2.0190e+27,0.0000e+00,0.0000e+00,96.0,1.3,2.7
90,7.7164e+28,4.3243e+28,2.6867e+28,1.4900e+26,6.9050e+27,4.0427e+28,2.8160e+27,1.6466e+28,1.0401e+28,8.7000e+25,6.2000e+25,3.4460e+27,3.4590e+27,56.0,34.8,0.2,8.9,7.7163e+28,7.4099e+28,1.0460e+27,2.0180e+27,0.0000e+00,0.0000e+00,96.0,1.4,2.6
91,7.7973e+28,4.4812e+28,2.6087e+28,1.6600e+26,6.9080e+27,4.2039e+28,2.7730e+27,1.6556e+28,9.5310e+27,1.0000e+26,6.6000e+25,3.4640e+27,3.4440e+27,57.5,33.5,0.2,8.9,7.7921e+28,7.4836e+28,1.0070e+27,2.0780e+27,0.0000e+00,0.0000e+00,96.0,1.3,2.7
92,8.1071e+28,4.6514e+28,2.7450e+28,1.7600e+26,6.9310e+27,4.3634e+28,2.8800e+27,1.7324e+28,1.0126e+28,1.0500e+26,7.1000e+25,3.5220e+27,3.4090e+27,57.4,33.9,0.2,8.5,8.1049e+28,7.7842e+28,1.0900e+27,2.1170e+27,0.0000e+00,0.0000e+00,96.0,1.3,2.6
93,8.4341e+28,4.8035e+28,2.9227e+28,1.5400e+26,6.9250e+27,4.5188e+28,2.8470e+27,1.8247e+28,1.0980e+28,9.2000e+25,6.2000e+25,3.4300e+27,3.4950e+27,57.0,34.7,0.2,8.2,8.4225e+28,8.1143e+28,1.0630e+27,2.0190e+27,0.0000e+00,0.0000e+00,96.3,1.3,2.4
94,8.5272e+28,4.8932e+28,2.9292e+28,1.4400e+26,6.9040e+27,4.6187e+28,2.7450e+27,1.8898e+28,1.0394e+28,7.5000e+25,6.9000e+25,3.5160e+27,3.3880e+27,57.4,34.4,0.2,8.1,8.5228e+28,8.2037e+28,1.1190e+27,2.0720e+27,0.0000e+00,0.0000e+00,96.3,1.3,2.4
95,8.6535e+28,5.0380e+28,2.9071e+28,1.4900e+26,6.9350e+27,4.7599e+28,2.7810e+27,1.9130e+28,9.9410e+27,9.0000e+25,5.9000e+25,3.4710e+27,3.4640e+27,58.2,33.6,0.2,8.0,8.6607e+28,8.3414e+28,1.1080e+27,2.0850e+27,0.0000e+00,0.0000e+00,96.3,1.3,2.4
96,8.8868e+28,5.2200e+28,2.9588e+28,1.5900e+26,6.9210e+27,4.9363e+28,2.8370e+27,1.8556e+28,1.1032e+28,1.0000e+26,5.9000e+25,3.4450e+27,3.4760e+27,58.7,33.3,0.2,7.8,8.8783e+28,8.5606e+28,1.1200e+27,2.0570e+27,0.0000e+00,0.0000e+00,96.4,1.3,2.3
97,9.1272e+28,5.4221e+28,2.9930e+28,1.8600e+26,6.9350e+27,5.1427e+28,2.7940e+27,1.9083e+28,1.0847e+28,1.1400e+26,7.2000e+25,3.5080e+27,3.4270e+27,59.4,32.8,0.2,7.6,9.1185e+28,8.7922e+28,1.2070e+27,2.0560e+27,0.0000e+00,0.0000e+00,96.4,1.3,2.3
98,9.3673e+28,5.6123e+28,3.0413e+28,1.8200e+26,6.9550e+27,5.3333e+28,2.7900e+27,1.9843e+28,1.0570e+28,1.2400e+26,5.8000e+25,3.4960e+27,3.4590e+27,59.9,32.5,0.2,7.4,9.3602e+28,9.0266e+28,1.2720e+27,2.0640e+27,0.0000e+00,0.0000e+00,96.4,1.4,2.2
99,9.5064e+28,5.8302e+28,2.9646e+28,1.8700e+26,6.9290e+27,5.5520e+28,2.7820e+27,1.9274e+28,1.0372e+28,1.2000e+26,6.7000e+25,3.5280e+27,3.4010e+27,61.3,31.2,0.2,7.3,9.5127e+28,9.1779e+28,1.2240e+27,2.1240e+27,0.0000e+00,0.0000e+00,96.5,1.3,2.2
100,9.8131e+28,6.0078e+28,3.0940e+28,1.8700e+26,6.9260e+27,5.7256e+28,2.8220e+27,2.0601e+28,1.0339e+28,1.2100e+26,6.6000e+25,3.4270e+27,3.4990e+27,61.2,31.5,0.2,7.1,9.8040e+28,9.4648e+28,1.2730e+27,2.1190e+27,0.0000e+00,0.0000e+00,96.5,1.3,2.2
101,1.0192e+29,6.2229e+28,3.2548e+28,1.7900e+26,6.9590e+27,5.9315e+28,2.9140e+27,2.2339e+28,1.0209e+28,1.2000e+26,5.9000e+25,3.4850e+27,3.4740e+27,61.1,31.9,0.2,6.8,1.0192e+29,9.8592e+28,1.2840e+27,2.0460e+27,0.0000e+00,0.0000e+00,96.7,1.3,2.0
102,1.0360e+29,6.4401e+28,3.2057e+28,1.9400e+26,6.9500e+27,6.1497e+28,2.9040e+27,2.2134e+28,9.9230e+27,1.3000e+26,6.4000e+25,3.5180e+27,3.4320e+27,62.2,30.9,0.2,6.7,1.0345e+29,1.0002e+29,1.4040e+27,2.0290e+27,0.0000e+00,0.0000e+00,96.7,1.4,2.0
103,1.0881e+29,6.6378e+28,3.5306e+28,1.7300e+26,6.9530e+27,6.3559e+28,2.8190e+27,2.4197e+28,1.1109e+28,1.0300e+26,7.0000e+25,3.4450e+27,3.5080e+27,61.0,32.4,0.2,6.4,1.0879e+29,1.0519e+29,1.4200e+27,2.1830e+27,0.0000e+00,0.0000e+00,96.7,1.3,2.0
104,1.1041e+29,6.7576e+28,3.5744e+28,1.7500e+26,6.9150e+27,6.4791e+28,2.7850e+27,2.5345e+28,1.0399e+28,1.0600e+26,6.9000e+25,3.4270e+27,3.4880e+27,61.2,32.4,0.2,6.3,1.1038e+29,1.0688e+29,1.4160e+27,2.0870e+27,0.0000e+00,0.0000e+00,96.8,1.3,1.9
105,1.1198e+29,6.9655e+28,3.5145e+28,2.0700e+26,6.9680e+27,6.6884e+28,2.7710e+27,2.5600e+28,9.5450e+27,1.3400e+26,7.3000e+25,3.4760e+27,3.4920e+27,62.2,31.4,0.2,6.2,1.1191e+29,1.0842e+29,1.4320e+27,2.0600e+27,0.0000e+00,0.0000e+00,96.9,1.3,1.8
106,1.1688e+29,7.1955e+28,3.7744e+28,2.2600e+26,6.9550e+27,6.8972e+28,2.9830e+27,2.6684e+28,1.1060e+28,1.5200e+26,7.4000e+25,3.5220e+27,3.4330e+27,61.6,32.3,0.2,6.0,1.1683e+29,1.1321e+29,1.5280e+27,2.0920e+27,0.0000e+00,0.0000e+00,96.9,1.3,1.8
107,1.2272e+29,7.4545e+28,4.0951e+28,2.5900e+26,6.9660e+27,7.1560e+28,2.9850e+27,2.9116e+28,1.1835e+28,1.6900e+26,9.0000e+25,3.4710e+27,3.4950e+27,60.7,33.4,0.2,5.7,1.2263e+29,1.1908e+29,1.5290e+27,2.0250e+27,0.0000e+00,0.0000e+00,97.1,1.2,1.7
108,1.2635e+29,7.6752e+28,4.2411e+28,2.4400e+26,6.9470e+27,7.3808e+28,2.9440e+27,3.0615e+28,1.1796e+28,1.5600e+26,8.8000e+25,3.5220e+27,3.4250e+27,60.7,33.6,0.2,5.5,1.2623e+29,1.2264e+29,1.5650e+27,2.0260e+27,0.0000e+00,0.0000e+00,97.2,1.2,1.6
109,1.2936e+29,7.9535e+28,4.2557e+28,2.7000e+26,7.0010e+27,7.6506e+28,3.0290e+27,3.1528e+28,1.1029e+28,1.7800e+26,9.2000e+25,3.5810e+27,3.4200e+27,61.5,32.9,0.2,5.4,1.2939e+29,1.2571e+29,1.5470e+27,2.1350e+27,0.0000e+00,0.0000e+00,97.2,1.2,1.6
110,1.3229e+29,8.1585e+28,4.3491e+28,2.7600e+26,6.9370e+27,7.8548e+28,3.0370e+27,3.2419e+28,1.1072e+28,1.8000e+26,9.6000e+25,3.4830e+27,3.4540e+27,61.7,32.9,0.2,5.2,1.3224e+29,1.2865e+29,1.5620e+27,2.0270e+27,0.0000e+00,0.0000e+00,97.3,1.2,1.5
111,1.3538e+29,8.4086e+28,4.4035e+28,2.7700e+26,6.9840e+27,8.0982e+28,3.1040e+27,3.3999e+28,1.0036e+28,1.7600e+26,1.0100e+26,3.4550e+27,3.5290e+27,62.1,32.5,0.2,5.2,1.3538e+29,1.3164e+29,1.7480e+27,1.9950e+27,0.0000e+00,0.0000e+00,97.2,1.3,1.5
112,1.3879e+29,8.5919e+28,4.5664e+28,2.3300e+26,6.9690e+27,8.2775e+28,3.1440e+27,3.5115e+28,1.0549e+28,1.3900e+26,9.4000e+25,3.4950e+27,3.4740e+27,61.9,32.9,0.2,5.0,1.3869e+29,1.3506e+29,1.6770e+27,1.9530e+27,0.0000e+00,0.0000e+00,97.4,1.2,1.4
113,1.4440e+29,8.8264e+28,4.8888e+28,2.6800e+26,6.9790e+27,8.5159e+28,3.1050e+27,3.7953e+28,1.0935e+28,1.8200e+26,8.6000e+25,3.4540e+27,3.5250e+27,61.1,33.9,0.2,4.8,1.4431e+29,1.4047e+29,1.8530e+27,1.9850e+27,0.0000e+00,0.0000e+00,97.3,1.3,1.4
114,1.4921e+29,9.0564e+28,5.1360e+28,3.3200e+26,6.9520e+27,8.7344e+28,3.2200e+27,4.0407e+28,1.0953e+28,2.4300e+26,8.9000e+25,3.5060e+27,3.4460e+27,60.7,34.4,0.2,4.7,1.4912e+29,1.4532e+29,1.8230e+27,1.9760e+27,0.0000e+00,0.0000e+00,97.5,1.2,1.3
115,1.5225e+29,9.3515e+28,5.1394e+28,3.6300e+26,6.9820e+27,9.0229e+28,3.2860e+27,4.1331e+28,1.0063e+28,2.5400e+26,1.0900e+26,3.4610e+27,3.5210e+27,61.4,33.8,0.2,4.6,1.5225e+29,1.4849e+29,1.8550e+27,1.9110e+27,0.0000e+00,0.0000e+00,97.5,1.2,1.3
116,1.5566e+29,9.6142e+28,5.2205e+28,3.3200e+26,6.9810e+27,9.2848e+28,3.2940e+27,4.2375e+28,9.8300e+27,2.4500e+26,8.7000e+25,3.5340e+27,3.4470e+27,61.8,33.5,0.2,4.5,1.5554e+29,1.5159e+29,1.9260e+27,2.0260e+27,0.0000e+00,0.0000e+00,97.5,1.2,1.3
117,1.6349e+29,9.9105e+28,5.7019e+28,3.7100e+26,6.9960e+27,9.5801e+28,3.3040e+27,4.5703e+28,1.1316e+28,2.5800e+26,1.1300e+26,3.4290e+27,3.5670e+27,60.6,34.9,0.2,4.3,1.6339e+29,1.5946e+29,1.9240e+27,2.0080e+27,0.0000e+00,0.0000e+00,97.6,1.2,1.2
118,1.6852e+29,1.0123e+29,6.0007e+28,3.1900e+26,6.9670e+27,9.7929e+28,3.2970e+27,4.8792e+28,1.1215e+28,2.2400e+26,9.5000e+25,3.4760e+27,3.4910e+27,60.1,35.6,0.2,4.1,1.6838e+29,1.6449e+29,1.9470e+27,1.9390e+27,0.0000e+00,0.0000e+00,97.7,1.2,1.2
119,1.7734e+29,1.0371e+29,6.6255e+28,3.8700e+26,6.9880e+27,1.0040e+29,3.3130e+27,5.3668e+28,1.2587e+28,2.6000e+26,1.2700e+26,3.4930e+27,3.4950e+27,58.5,37.4,0.2,3.9,1.7726e+29,1.7324e+29,2.1450e+27,1.8760e+27,0.0000e+00,0.0000e+00,97.7,1.2,1.1
120,1.8149e+29,1.0626e+29,6.7831e+28,4.0100e+26,6.9950e+27,1.0285e+29,3.4150e+27,5.5336e+28,1.2495e+28,2.9000e+26,1.1100e+26,3.4920e+27,3.5030e+27,58.6,37.4,0.2,3.9,1.8136e+29,1.7728e+29,2.1940e+27,1.8890e+27,0.0000e+00,0.0000e+00,97.7,1.2,1.0
121,1.8834e+29,1.0900e+29,7.1926e+28,4.4500e+26,6.9740e+27,1.0543e+29,3.5690e+27,5.8562e+28,1.3364e+28,3.3900e+26,1.0600e+26,3.5020e+27,3.4720e+27,57.9,38.2,0.2,3.7,1.8823e+29,1.8411e+29,2.2080e+27,1.9120e+27,0.0000e+00,0.0000e+00,97.8,1.2,1.0
122,1.9428e+29,1.1205e+29,7.4757e+28,4.8600e+26,6.9960e+27,1.0847e+29,3.5730e+27,6.2359e+28,1.2398e+28,3.6100e+26,1.2500e+26,3.5180e+27,3.4780e+27,57.7,38.5,0.3,3.6,1.9433e+29,1.9002e+29,2.3910e+27,1.9120e+27,0.0000e+00,0.0000e+00,97.8,1.2,1.0
123,1.9859e+29,1.1512e+29,7.5925e+28,5.3100e+26,7.0110e+27,1.1134e+29,3.7830e+27,6.3039e+28,1.2886e+28,3.9200e+26,1.3900e+26,3.5840e+27,3.4270e+27,58.0,38.2,0.3,3.5,1.9849e+29,1.9439e+29,2.2590e+27,1.8420e+27,0.0000e+00,0.0000e+00,97.9,1.1,0.9
124,2.0443e+29,1.1827e+29,7.8646e+28,4.9700e+26,7.0160e+27,1.1447e+29,3.8040e+27,6.7109e+28,1.1537e+28,3.6300e+26,1.3400e+26,3.4710e+27,3.5450e+27,57.9,38.5,0.2,3.4,2.0434e+29,2.0002e+29,2.4530e+27,1.8630e+27,0.0000e+00,0.0000e+00,97.9,1.2,0.9
125,2.1154e+29,1.2065e+29,8.3398e+28,4.8900e+26,6.9970e+27,1.1696e+29,3.6950e+27,7.2386e+28,1.1012e+28,3.6700e+26,1.2200e+26,3.4460e+27,3.5510e+27,57.0,39.4,0.2,3.3,2.1140e+29,2.0718e+29,2.4050e+27,1.8150e+27,0.0000e+00,0.0000e+00,98.0,1.1,0.9
126,2.1809e+29,1.2351e+29,8.7050e+28,5.2600e+26,7.0070e+27,1.1968e+29,3.8350e+27,7.4962e+28,1.2088e+28,3.7800e+26,1.4800e+26,3.4730e+27,3.5340e+27,56.6,39.9,0.2,3.2,2.1797e+29,2.1373e+29,2.5030e+27,1.7420e+27,0.0000e+00,0.0000e+00,98.1,1.1,0.8
127,2.2437e+29,1.2620e+29,9.0468e+28,7.0800e+26,6.9890e+27,1.2209e+29,4.1090e+27,7.6771e+28,1.3697e+28,5.2000e+26,1.8800e+26,3.4770e+27,3.5120e+27,56.2,40.3,0.3,3.1,2.2433e+29,2.1987e+29,2.6300e+27,1.8290e+27,0.0000e+00,0.0000e+00,98.0,1.2,0.8
128,2.3234e+29,1.2967e+29,9.4972e+28,6.9200e+26,7.0090e+27,1.2552e+29,4.1550e+27,8.1767e+28,1.3205e+28,5.3400e+26,1.5800e+26,3.5360e+27,3.4730e+27,55.8,40.9,0.3,3.0,2.3224e+29,2.2767e+29,2.7650e+27,1.8110e+27,0.0000e+00,0.0000e+00,98.0,1.2,0.8
129,2.3990e+29,1.3291e+29,9.9291e+28,6.8000e+26,7.0150e+27,1.2867e+29,4.2390e+27,8.6050e+28,1.3241e+28,5.1800e+26,1.6200e+26,3.5610e+27,3.4540e+27,55.4,41.4,0.3,2.9,2.3974e+29,2.3519e+29,2.8610e+27,1.6870e+27,0.0000e+00,0.0000e+00,98.1,1.2,0.7
130,2.5091e+29,1.3590e+29,1.0724e+29,7.4800e+26,7.0210e+27,1.3161e+29,4.2920e+27,9.3483e+28,1.3754e+28,5.6300e+26,1.8500e+26,3.5420e+27,3.4790e+27,54.2,42.7,0.3,2.8,2.5069e+29,2.4599e+29,2.9140e+27,1.7870e+27,0.0000e+00,0.0000e+00,98.1,1.2,0.7
131,2.6027e+29,1.3852e+29,1.1404e+29,7.1200e+26,6.9990e+27,1.3423e+29,4.2930e+27,1.0025e+29,1.3788e+28,5.3200e+26,1.8000e+26,3.5690e+27,3.4300e+27,53.2,43.8,0.3,2.7,2.6022e+29,2.5565e+29,2.8950e+27,1.6720e+27,0.0000e+00,0.0000e+00,98.2,1.1,0.6
132,2.6479e+29,1.4148e+29,1.1549e+29,8.0200e+26,7.0160e+27,1.3717e+29,4.3090e+27,1.0299e+29,1.2501e+28,6.0200e+26,2.0000e+26,3.5450e+27,3.4710e+27,53.4,43.6,0.3,2.6,2.6465e+29,2.6000e+29,2.9930e+27,1.6540e+27,0.0000e+00,0.0000e+00,98.2,1.1,0.6
133,2.7601e+29,1.4497e+29,1.2303e+29,9.9700e+26,7.0210e+27,1.4028e+29,4.6820e+27,1.0969e+29,1.3344e+28,8.0100e+26,1.9600e+26,3.5780e+27,3.4430e+27,52.5,44.6,0.4,2.5,2.7583e+29,2.7114e+29,3.0300e+27,1.6590e+27,0.0000e+00,0.0000e+00,98.3,1.1,0.6
134,2.8634e+29,1.4817e+29,1.3022e+29,9.4100e+26,7.0130e+27,1.4346e+29,4.7090e+27,1.1481e+29,1.5410e+28,7.5100e+26,1.9000e+26,3.5190e+27,3.4940e+27,51.7,45.5,0.3,2.4,2.8627e+29,2.8128e+29,3.2460e+27,1.7470e+27,0.0000e+00,0.0000e+00,98.3,1.1,0.6
135,2.9689e+29,1.5106e+29,1.3782e+29,1.0180e+27,6.9930e+27,1.4609e+29,4.9660e+27,1.2112e+29,1.6695e+28,7.9400e+26,2.2400e+26,3.4540e+27,3.5390e+27,50.9,46.4,0.3,2.4,2.9662e+29,2.9174e+29,3.2370e+27,1.6450e+27,0.0000e+00,0.0000e+00,98.4,1.1,0.6
136,3.0776e+29,1.5516e+29,1.4454e+29,1.0090e+27,7.0510e+27,1.5007e+29,5.0920e+27,1.2760e+29,1.6940e+28,7.9300e+26,2.1600e+26,3.4950e+27,3.5560e+27,50.4,47.0,0.3,2.3,3.0783e+29,3.0270e+29,3.4640e+27,1.6630e+27,0.0000e+00,0.0000e+00,98.3,1.1,0.5
137,3.1598e+29,1.5757e+29,1.5038e+29,1.0190e+27,7.0180e+27,1.5252e+29,5.0430e+27,1.3484e+29,1.5539e+28,7.8200e+26,2.3700e+26,3.4950e+27,3.5230e+27,49.9,47.6,0.3,2.2,3.1572e+29,3.1072e+29,3.4510e+27,1.5490e+27,0.0000e+00,0.0000e+00,98.4,1.1,0.5
138,3.2882e+29,1.6072e+29,1.5974e+29,1.3430e+27,7.0190e+27,1.5528e+29,5.4410e+27,1.4133e+29,1.8413e+28,1.0830e+27,2.6000e+26,3.4880e+27,3.5310e+27,48.9,48.6,0.4,2.1,3.2865e+29,3.2355e+29,3.6080e+27,1.4960e+27,0.0000e+00,0.0000e+00,98.4,1.1,0.5
139,3.4179e+29,1.6479e+29,1.6859e+29,1.3770e+27,7.0300e+27,1.5906e+29,5.7370e+27,1.4873e+29,1.9861e+28,1.1270e+27,2.5000e+26,3.5630e+27,3.4670e+27,48.2,49.3,0.4,2.1,3.4168e+29,3.3631e+29,3.8240e+27,1.5470e+27,0.0000e+00,0.0000e+00,98.4,1.1,0.5
140,3.5866e+29,1.6833e+29,1.8185e+29,1.4310e+27,7.0410e+27,1.6244e+29,5.8970e+27,1.6063e+29,2.1223e+28,1.1510e+27,2.8000e+26,3.5290e+27,3.5120e+27,46.9,50.7,0.4,2.0,3.5826e+29,3.5279e+29,3.9100e+27,1.5610e+27,0.0000e+00,0.0000e+00,98.5,1.1,0.4
141,3.7241e+29,1.7144e+29,1.9253e+29,1.4120e+27,7.0330e+27,1.6541e+29,6.0290e+27,1.7054e+29,2.1990e+28,1.1120e+27,3.0000e+26,3.5850e+27,3.4480e+27,46.0,51.7,0.4,1.9,3.7214e+29,3.6662e+29,4.0290e+27,1.4990e+27,0.0000e+00,0.0000e+00,98.5,1.1,0.4
142,3.8921e+29,1.7492e+29,2.0594e+29,1.3310e+27,7.0270e+27,1.6852e+29,6.4000e+27,1.8328e+29,2.2662e+28,1.0280e+27,3.0300e+26,3.5110e+27,3.5160e+27,44.9,52.9,0.3,1.8,3.8906e+29,3.8357e+29,4.1380e+27,1.3550e+27,0.0000e+00,0.0000e+00,98.6,1.1,0.3
143,4.0380e+29,1.7866e+29,2.1636e+29,1.7450e+27,7.0400e+27,1.7168e+29,6.9770e+27,1.8934e+29,2.7018e+28,1.3890e+27,3.5600e+26,3.6000e+27,3.4400e+27,44.2,53.6,0.4,1.7,4.0348e+29,3.9755e+29,4.4470e+27,1.4790e+27,0.0000e+00,0.0000e+00,98.5,1.1,0.4
144,4.1864e+29,1.8283e+29,2.2679e+29,1.9760e+27,7.0520e+27,1.7563e+29,7.1980e+27,1.9991e+29,2.6873e+28,1.5770e+27,3.9900e+26,3.5110e+27,3.5410e+27,43.7,54.2,0.5,1.7,4.1855e+29,4.1256e+29,4.5260e+27,1.4580e+27,0.0000e+00,0.0000e+00,98.6,1.1,0.3
145,4.3544e+29,1.8619e+29,2.4023e+29,1.9910e+27,7.0370e+27,1.7880e+29,7.3860e+27,2.1281e+29,2.7414e+28,1.6040e+27,3.8700e+26,3.4930e+27,3.5440e+27,42.8,55.2,0.5,1.6,4.3511e+29,4.2895e+29,4.6740e+27,1.4880e+27,0.0000e+00,0.0000e+00,98.6,1.1,0.3
146,4.5338e+29,1.8980e+29,2.5459e+29,1.9620e+27,7.0300e+27,1.8221e+29,7.5950e+27,2.2644e+29,2.8151e+28,1.5770e+27,3.8500e+26,3.5030e+27,3.5270e+27,41.9,56.2,0.4,1.6,4.5306e+29,4.4696e+29,4.8030e+27,1.2940e+27,0.0000e+00,0.0000e+00,98.7,1.1,0.3
147,4.7228e+29,1.9327e+29,2.7002e+29,1.9270e+27,7.0660e+27,1.8556e+29,7.7080e+27,2.4219e+29,2.7834e+28,1.5110e+27,4.1600e+26,3.5460e+27,3.5200e+27,40.9,57.2,0.4,1.5,4.7213e+29,4.6579e+29,5.0640e+27,1.2720e+27,0.0000e+00,0.0000e+00,98.7,1.1,0.3
148,4.9497e+29,1.9682e+29,2.8855e+29,2.5430e+27,7.0480e+27,1.8817e+29,8.6520e+27,2.5220e+29,3.6353e+28,2.1190e+27,4.2400e+26,3.4890e+27,3.5590e+27,39.8,58.3,0.5,1.4,4.9439e+29,4.8768e+29,5.3390e+27,1.3720e+27,0.0000e+00,0.0000e+00,98.6,1.1,0.3
149,5.1536e+29,2.0054e+29,3.0515e+29,2.6190e+27,7.0490e+27,1.9142e+29,9.1170e+27,2.6709e+29,3.8063e+28,2.1000e+27,5.1900e+26,3.4800e+27,3.5690e+27,38.9,59.2,0.5,1.4,5.1509e+29,5.0818e+29,5.5970e+27,1.3130e+27,0.0000e+00,0.0000e+00,98.7,1.1,0.3
150,5.4040e+29,2.0390e+29,3.2678e+29,2.6800e+27,7.0380e+27,1.9451e+29,9.3840e+27,2.8600e+29,4.0779e+28,2.1390e+27,5.4100e+26,3.4730e+27,3.5650e+27,37.7,60.5,0.5,1.3,5.4016e+29,5.3298e+29,5.8710e+27,1.3060e+27,0.0000e+00,0.0000e+00,98.7,1.1,0.2
151,5.6406e+29,2.0857e+29,3.4581e+29,2.6180e+27,7.0590e+27,1.9880e+29,9.7700e+27,3.0322e+29,4.2595e+28,2.1030e+27,5.1500e+26,3.4770e+27,3.5820e+27,37.0,61.3,0.5,1.3,5.6362e+29,5.5646e+29,5.9580e+27,1.1950e+27,0.0000e+00,0.0000e+00,98.7,1.1,0.2
152,5.8705e+29,2.1217e+29,3.6493e+29,2.8950e+27,7.0580e+27,2.0169e+29,1.0481e+28,3.1859e+29,4.6333e+28,2.3140e+27,5.8100e+26,3.5370e+27,3.5210e+27,36.1,62.2,0.5,1.2,5.8659e+29,5.7926e+29,6.2150e+27,1.1080e+27,0.0000e+00,0.0000e+00,98.8,1.1,0.2
153,6.1483e+29,2.1610e+29,3.8837e+29,3.3140e+27,7.0520e+27,2.0435e+29,1.1748e+28,3.3105e+29,5.7315e+28,2.7090e+27,6.0500e+26,3.5680e+27,3.4840e+27,35.1,63.2,0.5,1.1,6.1453e+29,6.0689e+29,6.3620e+27,1.2780e+27,0.0000e+00,0.0000e+00,98.8,1.0,0.2
154,6.4037e+29,2.2004e+29,4.0987e+29,3.3720e+27,7.0840e+27,2.0806e+29,1.1984e+28,3.5188e+29,5.7995e+28,2.6950e+27,6.7700e+26,3.6930e+27,3.3910e+27,34.4,64.0,0.5,1.1,6.4001e+29,6.3208e+29,6.7300e+27,1.2020e+27,0.0000e+00,0.0000e+00,98.8,1.1,0.2
155,6.6553e+29,2.2310e+29,4.3212e+29,3.2620e+27,7.0460e+27,2.1062e+29,1.2479e+28,3.7187e+29,6.0251e+28,2.6310e+27,6.3100e+26,3.5080e+27,3.5380e+27,33.5,64.9,0.5,1.1,6.6509e+29,6.5689e+29,7.1190e+27,1.0750e+27,0.0000e+00,0.0000e+00,98.8,1.1,0.2
156,6.9472e+29,2.2726e+29,4.5700e+29,3.3910e+27,7.0770e+27,2.1454e+29,1.2717e+28,3.9491e+29,6.2084e+28,2.6510e+27,7.4000e+26,3.5400e+27,3.5370e+27,32.7,65.8,0.5,1.0,6.9437e+29,6.8591e+29,7.3640e+27,1.0980e+27,0.0000e+00,0.0000e+00,98.8,1.1,0.2
157,7.1832e+29,2.3039e+29,4.7669e+29,4.1870e+27,7.0510e+27,2.1571e+29,1.4681e+28,4.0014e+29,7.6550e+28,3.3810e+27,8.0600e+26,3.5260e+27,3.5250e+27,32.1,66.4,0.6,1.0,7.1773e+29,7.0890e+29,7.7110e+27,1.1130e+27,0.0000e+00,0.0000e+00,98.8,1.1,0.2
158,7.4779e+29,2.3513e+29,5.0140e+29,4.2050e+27,7.0670e+27,2.1953e+29,1.5594e+28,4.2143e+29,7.9962e+28,3.3920e+27,8.1300e+26,3.4770e+27,3.5900e+27,31.4,67.0,0.6,0.9,7.4752e+29,7.3841e+29,8.0040e+27,1.1130e+27,0.0000e+00,0.0000e+00,98.8,1.1,0.1
159,7.7256e+29,2.3816e+29,5.2316e+29,4.1640e+27,7.0720e+27,2.2244e+29,1.5718e+28,4.4177e+29,8.1394e+28,3.2810e+27,8.8300e+26,3.4970e+27,3.5750e+27,30.8,67.7,0.5,0.9,7.7214e+29,7.6297e+29,8.0740e+27,1.0880e+27,0.0000e+00,0.0000e+00,98.8,1.0,0.1
160,7.9391e+29,2.4126e+29,5.4128e+29,4.3180e+27,7.0440e+27,2.2494e+29,1.6317e+28,4.5964e+29,8.1639e+28,3.3820e+27,9.3600e+26,3.5080e+27,3.5360e+27,30.4,68.2,0.5,0.9,7.9354e+29,7.8416e+29,8.3010e+27,1.0780e+27,0.0000e+00,0.0000e+00,98.8,1.0,0.1
161,8.2012e+29,2.4476e+29,5.6363e+29,4.6830e+27,7.0480e+27,2.2678e+29,1.7984e+28,4.7024e+29,9.3385e+28,3.7180e+27,9.6500e+26,3.5470e+27,3.5010e+27,29.8,68.7,0.6,0.9,8.1973e+29,8.1004e+29,8.6170e+27,1.0750e+27,0.0000e+00,0.0000e+00,98.8,1.1,0.1
162,8.5545e+29,2.4935e+29,5.9380e+29,5.2110e+27,7.0880e+27,2.2990e+29,1.9448e+28,4.8742e+29,1.0639e+29,4.1630e+27,1.0480e+27,3.5110e+27,3.5770e+27,29.1,69.4,0.6,0.8,8.5504e+29,8.4505e+29,8.8760e+27,1.1140e+27,0.0000e+00,0.0000e+00,98.8,1.0,0.1
163,8.7941e+29,2.5200e+29,6.1529e+29,5.0510e+27,7.0660e+27,2.3229e+29,1.9709e+28,5.0909e+29,1.0621e+29,3.9520e+27,1.0990e+27,3.4730e+27,3.5930e+27,28.7,70.0,0.6,0.8,8.7910e+29,8.6896e+29,9.1040e+27,1.0370e+27,0.0000e+00,0.0000e+00,98.8,1.0,0.1
164,8.9717e+29,2.5461e+29,6.3065e+29,4.8630e+27,7.0510e+27,2.3431e+29,2.0304e+28,5.2643e+29,1.0422e+29,3.7500e+27,1.1130e+27,3.5870e+27,3.4640e+27,28.4,70.3,0.5,0.8,8.9685e+29,8.8640e+29,9.4280e+27,1.0190e+27,0.0000e+00,0.0000e+00,98.8,1.1,0.1
165,9.2085e+29,2.5803e+29,6.5036e+29,5.3800e+27,7.0840e+27,2.3661e+29,2.1414e+28,5.3963e+29,1.1073e+29,4.1650e+27,1.2150e+27,3.5580e+27,3.5260e+27,28.0,70.6,0.6,0.8,9.2050e+29,9.0988e+29,9.6370e+27,9.7800e+26,0.0000e+00,0.0000e+00,98.8,1.0,0.1
166,9.4055e+29,2.6056e+29,6.6702e+29,5.8980e+27,7.0740e+27,2.3695e+29,2.3611e+28,5.3909e+29,1.2794e+29,4.6210e+27,1.2770e+27,3.5310e+27,3.5430e+27,27.7,70.9,0.6,0.8,9.4027e+29,9.2925e+29,9.9080e+27,1.1130e+27,0.0000e+00,0.0000e+00,98.8,1.1,0.1
167,9.6388e+29,2.6386e+29,6.8709e+29,5.8520e+27,7.0770e+27,2.3969e+29,2.4166e+28,5.6012e+29,1.2697e+29,4.5340e+27,1.3180e+27,3.5240e+27,3.5530e+27,27.4,71.3,0.6,0.7,9.6367e+29,9.5265e+29,9.9810e+27,1.0440e+27,0.0000e+00,0.0000e+00,98.9,1.0,0.1
168,9.8447e+29,2.6563e+29,7.0613e+29,5.6460e+27,7.0690e+27,2.4120e+29,2.4425e+28,5.8111e+29,1.2502e+29,4.2810e+27,1.3650e+27,3.5680e+27,3.5010e+27,27.0,71.7,0.6,0.7,9.8407e+29,9.7292e+29,1.0142e+28,1.0070e+27,0.0000e+00,0.0000e+00,98.9,1.0,0.1
169,1.0072e+30,2.6835e+29,7.2607e+29,5.7520e+27,7.0810e+27,2.4290e+29,2.5443e+28,5.9692e+29,1.2915e+29,4.3590e+27,1.3930e+27,3.5220e+27,3.5590e+27,26.6,72.1,0.6,0.7,1.0069e+30,9.9567e+29,1.0244e+28,9.5400e+26,0.0000e+00,0.0000e+00,98.9,1.0,0.1
170,1.0234e+30,2.7073e+29,7.3893e+29,6.7230e+27,7.0440e+27,2.4210e+29,2.8626e+28,5.8713e+29,1.5180e+29,5.1640e+27,1.5590e+27,3.5920e+27,3.4520e+27,26.5,72.2,0.7,0.7,1.0234e+30,1.0118e+30,1.0447e+28,1.1300e+27,0.0000e+00,0.0000e+00,98.9,1.0,0.1
171,1.0414e+30,2.7353e+29,7.5424e+29,6.4960e+27,7.0790e+27,2.4457e+29,2.8959e+28,6.0430e+29,1.4994e+29,4.9810e+27,1.5150e+27,3.4950e+27,3.5840e+27,26.3,72.4,0.6,0.7,1.0411e+30,1.0292e+30,1.0750e+28,1.0780e+27,0.0000e+00,0.0000e+00,98.9,1.0,0.1
172,1.0541e+30,2.7547e+29,7.6509e+29,6.4270e+27,7.0720e+27,2.4622e+29,2.9248e+28,6.1896e+29,1.4613e+29,4.9030e+27,1.5240e+27,3.5300e+27,3.5420e+27,26.1,72.6,0.6,0.7,1.0539e+30,1.0421e+30,1.0743e+28,1.0480e+27,0.0000e+00,0.0000e+00,98.9,1.0,0.1
173,1.0714e+30,2.7771e+29,7.8009e+29,6.4850e+27,7.0800e+27,2.4812e+29,2.9593e+28,6.3630e+29,1.4378e+29,4.8130e+27,1.6720e+27,3.5320e+27,3.5480e+27,25.9,72.8,0.6,0.7,1.0710e+30,1.0591e+30,1.0834e+28,1.0310e+27,0.0000e+00,0.0000e+00,98.9,1.0,0.1
174,1.0857e+30,2.7915e+29,7.9193e+29,7.5360e+27,7.0770e+27,2.4577e+29,3.3371e+28,6.2002e+29,1.7192e+29,5.7420e+27,1.7940e+27,3.6140e+27,3.4630e+27,25.7,72.9,0.7,0.7,1.0855e+30,1.0731e+30,1.1132e+28,1.2070e+27,0.0000e+00,0.0000e+00,98.9,1.0,0.1
175,1.0992e+30,2.8062e+29,8.0420e+29,7.2810e+27,7.0840e+27,2.4714e+29,3.3477e+28,6.3650e+29,1.6770e+29,5.5230e+27,1.7580e+27,3.5320e+27,3.5520e+27,25.5,73.2,0.7,0.6,1.0989e+30,1.0864e+30,1.1277e+28,1.1830e+27,0.0000e+00,0.0000e+00,98.9,1.0,0.1
176,1.1100e+30,2.8213e+29,8.1381e+29,7.0170e+27,7.0580e+27,2.4850e+29,3.3631e+28,6.5288e+29,1.6094e+29,5.2300e+27,1.7870e+27,3.6020e+27,3.4560e+27,25.4,73.3,0.6,0.6,1.1100e+30,1.0976e+30,1.1201e+28,1.1600e+27,0.0000e+00,0.0000e+00,98.9,1.0,0.1
177,1.1261e+30,2.8421e+29,8.2798e+29,6.8580e+27,7.0910e+27,2.5038e+29,3.3822e+28,6.6951e+29,1.5846e+29,5.0210e+27,1.8370e+27,3.5550e+27,3.5360e+27,25.2,73.5,0.6,0.6,1.1260e+30,1.1135e+30,1.1443e+28,1.1130e+27,0.0000e+00,0.0000e+00,98.9,1.0,0.1
178,1.1341e+30,2.8415e+29,8.3513e+29,7.7170e+27,7.0650e+27,2.4677e+29,3.7385e+28,6.4917e+29,1.8596e+29,5.7630e+27,1.9540e+27,3.5050e+27,3.5600e+27,25.1,73.6,0.7,0.6,1.1339e+30,1.1212e+30,1.1481e+28,1.2080e+27,0.0000e+00,0.0000e+00,98.9,1.0,0.1
179,1.1486e+30,2.8657e+29,8.4707e+29,7.8450e+27,7.0760e+27,2.4868e+29,3.7894e+28,6.6484e+29,1.8223e+29,5.7970e+27,2.0480e+27,3.6310e+27,3.4450e+27,25.0,73.8,0.7,0.6,1.1482e+30,1.1354e+30,1.1631e+28,1.1850e+27,0.0000e+00,0.0000e+00,98.9,1.0,0.1
180,1.1578e+30,2.8703e+29,8.5630e+29,7.4330e+27,7.0670e+27,2.4932e+29,3.7713e+28,6.7967e+29,1.7663e+29,5.4600e+27,1.9730e+27,3.4170e+27,3.6500e+27,24.8,74.0,0.6,0.6,1.1579e+30,1.1450e+30,1.1753e+28,1.1890e+27,0.0000e+00,0.0000e+00,98.9,1.0,0.1
181,1.1710e+30,2.8892e+29,8.6771e+29,7.3290e+27,7.0740e+27,2.5088e+29,3.8040e+28,6.9693e+29,1.7077e+29,5.3470e+27,1.9820e+27,3.5420e+27,3.5320e+27,24.7,74.1,0.6,0.6,1.1706e+30,1.1578e+30,1.1732e+28,1.1090e+27,0.0000e+00,0.0000e+00,98.9,1.0,0.1
182,1.1758e+30,2.8807e+29,8.7250e+29,8.1990e+27,7.0620e+27,2.4667e+29,4.1396e+28,6.7446e+29,1.9805e+29,6.0430e+27,2.1560e+27,3.5020e+27,3.5600e+27,24.5,74.2,0.7,0.6,1.1758e+30,1.1627e+30,1.1848e+28,1.2010e+27,0.0000e+00,0.0000e+00,98.9,1.0,0.1
183,1.1856e+30,2.9067e+29,8.7978e+29,8.0660e+27,7.0870e+27,2.4864e+29,4.2037e+28,6.8440e+29,1.9538e+29,5.9940e+27,2.0720e+27,3.5220e+27,3.5650e+27,24.5,74.2,0.7,0.6,1.1857e+30,1.1725e+30,1.1881e+28,1.2620e+27,0.0000e+00,0.0000e+00,98.9,1.0,0.1
184,1.1871e+30,2.9021e+29,8.8191e+29,7.9100e+27,7.0800e+27,2.4823e+29,4.1983e+28,6.9336e+29,1.8856e+29,5.7400e+27,2.1700e+27,3.5170e+27,3.5630e+27,24.4,74.3,0.7,0.6,1.1869e+30,1.1734e+30,1.2207e+28,1.2630e+27,0.0000e+00,0.0000e+00,98.9,1.0,0.1
185,1.1912e+30,2.9082e+29,8.8555e+29,7.7370e+27,7.0820e+27,2.4918e+29,4.1647e+28,7.0484e+29,1.8070e+29,5.5510e+27,2.1860e+27,3.5800e+27,3.5020e+27,24.4,74.3,0.6,0.6,1.1914e+30,1.1783e+30,1.1966e+28,1.1880e+27,0.0000e+00,0.0000e+00,98.9,1.0,0.1
186,1.1924e+30,2.8990e+29,8.8700e+29,8.3870e+27,7.0680e+27,2.4516e+29,4.4741e+28,6.8270e+29,2.0430e+29,6.1030e+27,2.2840e+27,3.5170e+27,3.5510e+27,24.3,74.4,0.7,0.6,1.1922e+30,1.1788e+30,1.2181e+28,1.2370e+27,0.0000e+00,0.0000e+00,98.9,1.0,0.1
187,1.1966e+30,2.9057e+29,8.9039e+29,8.6090e+27,7.0640e+27,2.4531e+29,4.5260e+28,6.8737e+29,2.0302e+29,6.2260e+27,2.3830e+27,3.5260e+27,3.5380e+27,24.3,74.4,0.7,0.6,1.1964e+30,1.1830e+30,1.2061e+28,1.3180e+27,0.0000e+00,0.0000e+00,98.9,1.0,0.1
188,1.2005e+30,2.9085e+29,8.9437e+29,8.1660e+27,7.0860e+27,2.4608e+29,4.4774e+28,7.0102e+29,1.9335e+29,5.9210e+27,2.2450e+27,3.5080e+27,3.5780e+27,24.2,74.5,0.7,0.6,1.2007e+30,1.1873e+30,1.2120e+28,1.2830e+27,0.0000e+00,0.0000e+00,98.9,1.0,0.1
189,1.1971e+30,2.9119e+29,8.9088e+29,7.9210e+27,7.0690e+27,2.4658e+29,4.4609e+28,7.0717e+29,1.8371e+29,5.6020e+27,2.3190e+27,3.5600e+27,3.5090e+27,24.3,74.4,0.7,0.6,1.1970e+30,1.1837e+30,1.2198e+28,1.1200e+27,0.0000e+00,0.0000e+00,98.9,1.0,0.1
190,1.1913e+30,2.8977e+29,8.8615e+29,8.3110e+27,7.0570e+27,2.4271e+29,4.7059e+28,6.8551e+29,2.0064e+29,6.0350e+27,2.2760e+27,3.4780e+27,3.5790e+27,24.3,74.4,0.7,0.6,1.1912e+30,1.1779e+30,1.2039e+28,1.2710e+27,0.0000e+00,0.0000e+00,98.9,1.0,0.1
191,1.1943e+30,2.9107e+29,8.8745e+29,8.7180e+27,7.0710e+27,2.4276e+29,4.8311e+28,6.8496e+29,2.0249e+29,6.2210e+27,2.4970e+27,3.4950e+27,3.5760e+27,24.4,74.3,0.7,0.6,1.1943e+30,1.1811e+30,1.1956e+28,1.2770e+27,0.0000e+00,0.0000e+00,98.9,1.0,0.1
192,1.1863e+30,2.9002e+29,8.8095e+29,8.2770e+27,7.0790e+27,2.4249e+29,4.7533e+28,6.8846e+29,1.9250e+29,5.8860e+27,2.3910e+27,3.5110e+27,3.5680e+27,24.4,74.3,0.7,0.6,1.1866e+30,1.1733e+30,1.2027e+28,1.2430e+27,0.0000e+00,0.0000e+00,98.9,1.0,0.1
193,1.1758e+30,2.8901e+29,8.7171e+29,8.0440e+27,7.0670e+27,2.4187e+29,4.7142e+28,6.9124e+29,1.8047e+29,5.5790e+27,2.4650e+27,3.5570e+27,3.5100e+27,24.6,74.1,0.7,0.6,1.1759e+30,1.1628e+30,1.1871e+28,1.1890e+27,0.0000e+00,0.0000e+00,98.9,1.0,0.1
194,1.1647e+30,2.8730e+29,8.6177e+29,8.5830e+27,7.0640e+27,2.3889e+29,4.8414e+28,6.7253e+29,1.8923e+29,6.1110e+27,2.4720e+27,3.5180e+27,3.5460e+27,24.7,74.0,0.7,0.6,1.1648e+30,1.1518e+30,1.1662e+28,1.3300e+27,0.0000e+00,0.0000e+00,98.9,1.0,0.1
195,1.1523e+30,2.8775e+29,8.4883e+29,8.6470e+27,7.0740e+27,2.3755e+29,5.0206e+28,6.5532e+29,1.9351e+29,6.1330e+27,2.5140e+27,3.4650e+27,3.6090e+27,25.0,73.7,0.8,0.6,1.1525e+30,1.1395e+30,1.1705e+28,1.3120e+27,0.0000e+00,0.0000e+00,98.9,1.0,0.1
196,1.1364e+30,2.8625e+29,8.3466e+29,8.3840e+27,7.0640e+27,2.3745e+29,4.8793e+28,6.5459e+29,1.8006e+29,5.9250e+27,2.4590e+27,3.4650e+27,3.5990e+27,25.2,73.5,0.7,0.6,1.1366e+30,1.1238e+30,1.1566e+28,1.3090e+27,0.0000e+00,0.0000e+00,98.9,1.0,0.1
197,1.1207e+30,2.8490e+29,8.2064e+29,8.1010e+27,7.0560e+27,2.3689e+29,4.8018e+28,6.5206e+29,1.6858e+29,5.5590e+27,2.5420e+27,3.5690e+27,3.4870e+27,25.4,73.2,0.7,0.6,1.1211e+30,1.1085e+30,1.1320e+28,1.2940e+27,0.0000e+00,0.0000e+00,98.9,1.0,0.1
198,1.1058e+30,2.8421e+29,8.0639e+29,8.0920e+27,7.0890e+27,2.3598e+29,4.8229e+28,6.4277e+29,1.6362e+29,5.5710e+27,2.5210e+27,3.5620e+27,3.5270e+27,25.7,72.9,0.7,0.6,1.1057e+30,1.0932e+30,1.1290e+28,1.2210e+27,0.0000e+00,0.0000e+00,98.9,1.0,0.1
199,1.0827e+30,2.8182e+29,7.8523e+29,8.6270e+27,7.0450e+27,2.3122e+29,5.0600e+28,6.1189e+29,1.7334e+29,6.0290e+27,2.5980e+27,3.5270e+27,3.5180e+27,26.0,72.5,0.8,0.7,1.0832e+30,1.0709e+30,1.0783e+28,1.4490e+27,0.0000e+00,0.0000e+00,98.9,1.0,0.1
200,1.0622e+30,2.8184e+29,7.6504e+29,8.2570e+27,7.0710e+27,2.3210e+29,4.9745e+28,6.0553e+29,1.5950e+29,5.7220e+27,2.5350e+27,3.5200e+27,3.5510e+27,26.5,72.0,0.8,0.7,1.0627e+30,1.0506e+30,1.0738e+28,1.3890e+27,0.0000e+00,0.0000e+00,98.9,1.0,0.1
201,1.0348e+30,2.7916e+29,7.4055e+29,8.0040e+27,7.0400e+27,2.3107e+29,4.8095e+28,5.9637e+29,1.4418e+29,5.5070e+27,2.4970e+27,3.5540e+27,3.4860e+27,27.0,71.6,0.8,0.7,1.0350e+30,1.0233e+30,1.0377e+28,1.2930e+27,0.0000e+00,0.0000e+00,98.9,1.0,0.1
202,1.0133e+30,2.7806e+29,7.2031e+29,7.8710e+27,7.0670e+27,2.3096e+29,4.7097e+28,5.8745e+29,1.3286e+29,5.3180e+27,2.5530e+27,3.5730e+27,3.4940e+27,27.4,71.1,0.8,0.7,1.0138e+30,1.0022e+30,1.0243e+28,1.3580e+27,0.0000e+00,0.0000e+00,98.9,1.0,0.1
203,9.8306e+29,2.7540e+29,6.9221e+29,8.4060e+27,7.0520e+27,2.2558e+29,4.9818e+28,5.4968e+29,1.4253e+29,5.9400e+27,2.4660e+27,3.4910e+27,3.5610e+27,28.0,70.4,0.9,0.7,9.8357e+29,9.7222e+29,9.8630e+27,1.4950e+27,0.0000e+00,0.0000e+00,98.8,1.0,0.2
204,9.5973e+29,2.7433e+29,6.7048e+29,7.8450e+27,7.0760e+27,2.2575e+29,4.8575e+28,5.3796e+29,1.3252e+29,5.4540e+27,2.3910e+27,3.5020e+27,3.5740e+27,28.6,69.9,0.8,0.7,9.5996e+29,9.4894e+29,9.5820e+27,1.4340e+27,0.0000e+00,0.0000e+00,98.9,1.0,0.1
205,9.2997e+29,2.7151e+29,6.4360e+29,7.8150e+27,7.0460e+27,2.2434e+29,4.7175e+28,5.2439e+29,1.1921e+29,5.2860e+27,2.5290e+27,3.5200e+27,3.5260e+27,29.2,69.2,0.8,0.8,9.3048e+29,9.1962e+29,9.3840e+27,1.4800e+27,0.0000e+00,0.0000e+00,98.8,1.0,0.2
206,9.0355e+29,2.6914e+29,6.1974e+29,7.6020e+27,7.0660e+27,2.2353e+29,4.5617e+28,5.1258e+29,1.0716e+29,5.1950e+27,2.4070e+27,3.5460e+27,3.5200e+27,29.8,68.6,0.8,0.8,9.0406e+29,8.9342e+29,9.2060e+27,1.4410e+27,0.0000e+00,0.0000e+00,98.8,1.0,0.2
207,8.7568e+29,2.6749e+29,5.9350e+29,7.6540e+27,7.0400e+27,2.2107e+29,4.6414e+28,4.8805e+29,1.0545e+29,5.1890e+27,2.4650e+27,3.5160e+27,3.5240e+27,30.5,67.8,0.9,0.8,8.7604e+29,8.6577e+29,8.7670e+27,1.5070e+27,0.0000e+00,0.0000e+00,98.8,1.0,0.2
208,8.5184e+29,2.6514e+29,5.7180e+29,7.8430e+27,7.0580e+27,2.1845e+29,4.6692e+28,4.6743e+29,1.0437e+29,5.5170e+27,2.3260e+27,3.5520e+27,3.5060e+27,31.1,67.1,0.9,0.8,8.5208e+29,8.4175e+29,8.6770e+27,1.6520e+27,0.0000e+00,0.0000e+00,98.8,1.0,0.2
209,8.2755e+29,2.6330e+29,5.4965e+29,7.5440e+27,7.0610e+27,2.1768e+29,4.5616e+28,4.5572e+29,9.3928e+28,5.1580e+27,2.3860e+27,3.5000e+27,3.5610e+27,31.8,66.4,0.9,0.9,8.2796e+29,8.1791e+29,8.4390e+27,1.6190e+27,0.0000e+00,0.0000e+00,98.8,1.0,0.2
210,7.9858e+29,2.6001e+29,5.2451e+29,7.0010e+27,7.0550e+27,2.1614e+29,4.3870e+28,4.3974e+29,8.4769e+28,4.7560e+27,2.2450e+27,3.5190e+27,3.5360e+27,32.6,65.7,0.9,0.9,7.9886e+29,7.8907e+29,8.1760e+27,1.6100e+27,0.0000e+00,0.0000e+00,98.8,1.0,0.2
211,7.7680e+29,2.5785e+29,5.0503e+29,6.8780e+27,7.0490e+27,2.1526e+29,4.2583e+28,4.2782e+29,7.7212e+28,4.6360e+27,2.2420e+27,3.5840e+27,3.4650e+27,33.2,65.0,0.9,0.9,7.7732e+29,7.6784e+29,7.8790e+27,1.5960e+27,0.0000e+00,0.0000e+00,98.8,1.0,0.2
212,7.5527e+29,2.5556e+29,4.8544e+29,7.2310e+27,7.0470e+27,2.1151e+29,4.4049e+28,4.0562e+29,7.9819e+28,5.0510e+27,2.1800e+27,3.4930e+27,3.5540e+27,33.8,64.3,1.0,0.9,7.5540e+29,7.4583e+29,7.7950e+27,1.7750e+27,0.0000e+00,0.0000e+00,98.7,1.0,0.2
213,7.3121e+29,2.5254e+29,4.6449e+29,7.1410e+27,7.0300e+27,2.0978e+29,4.2764e+28,3.9035e+29,7.4144e+28,4.9010e+27,2.2400e+27,3.5300e+27,3.5000e+27,34.5,63.5,1.0,1.0,7.3161e+29,7.2223e+29,7.5750e+27,1.7990e+27,0.0000e+00,0.0000e+00,98.7,1.0,0.2
214,7.1054e+29,2.5028e+29,4.4640e+29,6.8250e+27,7.0400e+27,2.0895e+29,4.1331e+28,3.7984e+29,6.6560e+28,4.6810e+27,2.1440e+27,3.5220e+27,3.5180e+27,35.2,62.8,1.0,1.0,7.1077e+29,7.0165e+29,7.3140e+27,1.8080e+27,0.0000e+00,0.0000e+00,98.7,1.0,0.3
215,6.9047e+29,2.4747e+29,4.2938e+29,6.5740e+27,7.0380e+27,2.0755e+29,3.9922e+28,3.6941e+29,5.9974e+28,4.4480e+27,2.1260e+27,3.4980e+27,3.5400e+27,35.8,62.2,1.0,1.0,6.9079e+29,6.8172e+29,7.2060e+27,1.8590e+27,0.0000e+00,0.0000e+00,98.7,1.0,0.3
216,6.7391e+29,2.4415e+29,4.1666e+29,6.0690e+27,7.0330e+27,2.0577e+29,3.8377e+28,3.6051e+29,5.6144e+28,4.0620e+27,2.0070e+27,3.5250e+27,3.5080e+27,36.2,61.8,0.9,1.0,6.7410e+29,6.6529e+29,6.9720e+27,1.8330e+27,0.0000e+00,0.0000e+00,98.7,1.0,0.3
217,6.5709e+29,2.4206e+29,4.0120e+29,6.7900e+27,7.0380e+27,2.0215e+29,3.9908e+28,3.4175e+29,5.9454e+28,4.7000e+27,2.0900e+27,3.4520e+27,3.5860e+27,36.8,61.1,1.0,1.1,6.5731e+29,6.4856e+29,6.7740e+27,1.9730e+27,0.0000e+00,0.0000e+00,98.7,1.0,0.3
218,6.3984e+29,2.3978e+29,3.8654e+29,6.4830e+27,7.0330e+27,2.0119e+29,3.8588e+28,3.3329e+29,5.3253e+28,4.4650e+27,2.0180e+27,3.4640e+27,3.5690e+27,37.5,60.4,1.0,1.1,6.4012e+29,6.3160e+29,6.5500e+27,1.9690e+27,0.0000e+00,0.0000e+00,98.7,1.0,0.3
219,6.2439e+29,2.3619e+29,3.7514e+29,6.0330e+27,7.0290e+27,1.9935e+29,3.6841e+28,3.2546e+29,4.9683e+28,4.1580e+27,1.8750e+27,3.4740e+27,3.5550e+27,37.8,60.1,1.0,1.1,6.2457e+29,6.1622e+29,6.4030e+27,1.9540e+27,0.0000e+00,0.0000e+00,98.7,1.0,0.3
220,6.0929e+29,2.3360e+29,3.6282e+29,5.8460e+27,7.0290e+27,1.9830e+29,3.5301e+28,3.1779e+29,4.5026e+28,3.9240e+27,1.9220e+27,3.5350e+27,3.4940e+27,38.3,59.5,1.0,1.2,6.0941e+29,6.0105e+29,6.2980e+27,2.0620e+27,0.0000e+00,0.0000e+00,98.6,1.0,0.3
221,5.9897e+29,2.3168e+29,3.5471e+29,5.5550e+27,7.0360e+27,1.9736e+29,3.4316e+28,3.1155e+29,4.3151e+28,3.6640e+27,1.8910e+27,3.4990e+27,3.5370e+27,38.7,59.2,0.9,1.2,5.9909e+29,5.9073e+29,6.3370e+27,2.0260e+27,0.0000e+00,0.0000e+00,98.6,1.1,0.3
222,5.8621e+29,2.2880e+29,3.4420e+29,6.1680e+27,7.0400e+27,1.9311e+29,3.5693e+28,2.9675e+29,4.7456e+28,4.3150e+27,1.8530e+27,3.4600e+27,3.5800e+27,39.0,58.7,1.1,1.2,5.8631e+29,5.7775e+29,6.2360e+27,2.3200e+27,0.0000e+00,0.0000e+00,98.5,1.1,0.4
223,5.7154e+29,2.2511e+29,3.3352e+29,5.8960e+27,7.0150e+27,1.9142e+29,3.3688e+28,2.9100e+29,4.2515e+28,4.0080e+27,1.8880e+27,3.5060e+27,3.5090e+27,39.4,58.4,1.0,1.2,5.7178e+29,5.6348e+29,6.0470e+27,2.2580e+27,0.0000e+00,0.0000e+00,98.5,1.1,0.4
224,5.5992e+29,2.2335e+29,3.2397e+29,5.5610e+27,7.0380e+27,1.9058e+29,3.2766e+28,2.8447e+29,3.9502e+28,3.8000e+27,1.7610e+27,3.5640e+27,3.4740e+27,39.9,57.9,1.0,1.3,5.6015e+29,5.5182e+29,5.9980e+27,2.3300e+27,0.0000e+00,0.0000e+00,98.5,1.1,0.4
225,5.4794e+29,2.2065e+29,3.1494e+29,5.3230e+27,7.0170e+27,1.8899e+29,3.1659e+28,2.7776e+29,3.7179e+28,3.6140e+27,1.7090e+27,3.5720e+27,3.4450e+27,40.3,57.5,1.0,1.3,5.4789e+29,5.3965e+29,5.8820e+27,2.3620e+27,0.0000e+00,0.0000e+00,98.5,1.1,0.4
226,5.3790e+29,2.1858e+29,3.0729e+29,5.0030e+27,7.0270e+27,1.8802e+29,3.0561e+28,2.7234e+29,3.4952e+28,3.3310e+27,1.6720e+27,3.4590e+27,3.5680e+27,40.6,57.1,0.9,1.3,5.3820e+29,5.3015e+29,5.7720e+27,2.2820e+27,0.0000e+00,0.0000e+00,98.5,1.1,0.4
227,5.2496e+29,2.1442e+29,2.9830e+29,5.2500e+27,6.9840e+27,1.8401e+29,3.0410e+28,2.6233e+29,3.5979e+28,3.6950e+27,1.5550e+27,3.5130e+27,3.4710e+27,40.8,56.8,1.0,1.3,5.2505e+29,5.1699e+29,5.6760e+27,2.3850e+27,0.0000e+00,0.0000e+00,98.5,1.1,0.5
228,5.1778e+29,2.1361e+29,2.9180e+29,5.3370e+27,7.0370e+27,1.8345e+29,3.0161e+28,2.5473e+29,3.7068e+28,3.6570e+27,1.6800e+27,3.4980e+27,3.5390e+27,41.3,56.4,1.0,1.4,5.1779e+29,5.0963e+29,5.6280e+27,2.5300e+27,0.0000e+00,0.0000e+00,98.4,1.1,0.5
229,5.0446e+29,2.1052e+29,2.8203e+29,4.9210e+27,6.9940e+27,1.8112e+29,2.9392e+28,2.4754e+29,3.4489e+28,3.4170e+27,1.5040e+27,3.4560e+27,3.5380e+27,41.7,55.9,1.0,1.4,5.0452e+29,4.9635e+29,5.6720e+27,2.4940e+27,0.0000e+00,0.0000e+00,98.4,1.1,0.5
230,4.9759e+29,2.0827e+29,2.7759e+29,4.7150e+27,7.0170e+27,1.8001e+29,2.8264e+28,2.4450e+29,3.3086e+28,3.1700e+27,1.5450e+27,3.5080e+27,3.5090e+27,41.9,55.8,0.9,1.4,4.9788e+29,4.8969e+29,5.6310e+27,2.5610e+27,0.0000e+00,0.0000e+00,98.4,1.1,0.5
231,4.8545e+29,2.0517e+29,2.6881e+29,4.4740e+27,7.0020e+27,1.7818e+29,2.6994e+28,2.3891e+29,2.9897e+28,3.0080e+27,1.4660e+27,3.5750e+27,3.4270e+27,42.3,55.4,0.9,1.4,4.8555e+29,4.7755e+29,5.4070e+27,2.5910e+27,0.0000e+00,0.0000e+00,98.4,1.1,0.5
232,4.7313e+29,2.0313e+29,2.5874e+29,4.2460e+27,7.0170e+27,1.7704e+29,2.6082e+28,2.3118e+29,2.7560e+28,2.7930e+27,1.4530e+27,3.5220e+27,3.4950e+27,42.9,54.7,0.9,1.5,4.7331e+29,4.6563e+29,5.2080e+27,2.4700e+27,0.0000e+00,0.0000e+00,98.4,1.1,0.5
233,4.6338e+29,2.0051e+29,2.5127e+29,4.5920e+27,7.0140e+27,1.7402e+29,2.6483e+28,2.2230e+29,2.8968e+28,3.1830e+27,1.4090e+27,3.5140e+27,3.5000e+27,43.3,54.2,1.0,1.5,4.6351e+29,4.5573e+29,5.1000e+27,2.6800e+27,0.0000e+00,0.0000e+00,98.3,1.1,0.6
234,4.5791e+29,1.9792e+29,2.4846e+29,4.5350e+27,7.0060e+27,1.7180e+29,2.6117e+28,2.1891e+29,2.9546e+28,3.1600e+27,1.3750e+27,3.4470e+27,3.5590e+27,43.2,54.3,1.0,1.5,4.5772e+29,4.4982e+29,5.1860e+27,2.7190e+27,0.0000e+00,0.0000e+00,98.3,1.1,0.6
235,4.4580e+29,1.9548e+29,2.3897e+29,4.3560e+27,6.9920e+27,1.7041e+29,2.5075e+28,2.1255e+29,2.6419e+28,2.9960e+27,1.3600e+27,3.5750e+27,3.4170e+27,43.8,53.6,1.0,1.6,4.4613e+29,4.3814e+29,5.2140e+27,2.7710e+27,0.0000e+00,0.0000e+00,98.2,1.2,0.6
236,4.3938e+29,1.9373e+29,2.3455e+29,4.0970e+27,7.0040e+27,1.6951e+29,2.4216e+28,2.0873e+29,2.5825e+28,2.8080e+27,1.2890e+27,3.5010e+27,3.5030e+27,44.1,53.4,0.9,1.6,4.3921e+29,4.3160e+29,4.9700e+27,2.6430e+27,0.0000e+00,0.0000e+00,98.3,1.1,0.6
237,4.3056e+29,1.9136e+29,2.2839e+29,3.8100e+27,6.9940e+27,1.6806e+29,2.3300e+28,2.0475e+29,2.3646e+28,2.6330e+27,1.1770e+27,3.5090e+27,3.4850e+27,44.4,53.0,0.9,1.6,4.3091e+29,4.2327e+29,4.8670e+27,2.7810e+27,0.0000e+00,0.0000e+00,98.2,1.1,0.6
238,4.2364e+29,1.8913e+29,2.2375e+29,3.7470e+27,7.0060e+27,1.6666e+29,2.2475e+28,2.0092e+29,2.2831e+28,2.5680e+27,1.1790e+27,3.4970e+27,3.5090e+27,44.6,52.8,0.9,1.7,4.2376e+29,4.1609e+29,4.9270e+27,2.7450e+27,0.0000e+00,0.0000e+00,98.2,1.2,0.6
239,4.1403e+29,1.8533e+29,2.1790e+29,3.8370e+27,6.9620e+27,1.6291e+29,2.2422e+28,1.9453e+29,2.3364e+28,2.6390e+27,1.1980e+27,3.4790e+27,3.4830e+27,44.8,52.6,0.9,1.7,4.1402e+29,4.0643e+29,4.8480e+27,2.7430e+27,0.0000e+00,0.0000e+00,98.2,1.2,0.7
240,4.0683e+29,1.8398e+29,2.1205e+29,3.8020e+27,6.9890e+27,1.6157e+29,2.2410e+28,1.8683e+29,2.5221e+28,2.6620e+27,1.1400e+27,3.4860e+27,3.5030e+27,45.2,52.1,0.9,1.7,4.0713e+29,3.9955e+29,4.7140e+27,2.8600e+27,0.0000e+00,0.0000e+00,98.1,1.2,0.7
241,3.9886e+29,1.8176e+29,2.0639e+29,3.7040e+27,7.0030e+27,1.6031e+29,2.1449e+28,1.8265e+29,2.3735e+28,2.5720e+27,1.1320e+27,3.4700e+27,3.5330e+27,45.6,51.7,0.9,1.8,3.9873e+29,3.9111e+29,4.6480e+27,2.9690e+27,0.0000e+00,0.0000e+00,98.1,1.2,0.7
242,3.8794e+29,1.7860e+29,1.9881e+29,3.5620e+27,6.9650e+27,1.5791e+29,2.0691e+28,1.7651e+29,2.2300e+28,2.4270e+27,1.1350e+27,3.4940e+27,3.4710e+27,46.0,51.2,0.9,1.8,3.8821e+29,3.8064e+29,4.6350e+27,2.9330e+27,0.0000e+00,0.0000e+00,98.1,1.2,0.8
243,3.7997e+29,1.7668e+29,1.9297e+29,3.3230e+27,6.9950e+27,1.5665e+29,2.0036e+28,1.7179e+29,2.1183e+28,2.2770e+27,1.0460e+27,3.5860e+27,3.4090e+27,46.5,50.8,0.9,1.8,3.7992e+29,3.7255e+29,4.5390e+27,2.8340e+27,0.0000e+00,0.0000e+00,98.1,1.2,0.7
244,3.7319e+29,1.7405e+29,1.8901e+29,3.1470e+27,6.9760e+27,1.5470e+29,1.9356e+28,1.6894e+29,2.0075e+28,2.1670e+27,9.8000e+26,3.4360e+27,3.5400e+27,46.6,50.6,0.8,1.9,3.7316e+29,3.6588e+29,4.3740e+27,2.9110e+27,0.0000e+00,0.0000e+00,98.0,1.2,0.8
245,3.6668e+29,1.7199e+29,1.8475e+29,2.9600e+27,6.9850e+27,1.5365e+29,1.8339e+28,1.6610e+29,1.8654e+28,1.9690e+27,9.9100e+26,3.4470e+27,3.5380e+27,46.9,50.4,0.8,1.9,3.6690e+29,3.5960e+29,4.3890e+27,2.9110e+27,0.0000e+00,0.0000e+00,98.0,1.2,0.8
246,3.5868e+29,1.6926e+29,1.7932e+29,3.1030e+27,6.9890e+27,1.5064e+29,1.8623e+28,1.5997e+29,1.9353e+28,2.1280e+27,9.7500e+26,3.5650e+27,3.4240e+27,47.2,50.0,0.9,1.9,3.5890e+29,3.5166e+29,4.2500e+27,2.9920e+27,0.0000e+00,0.0000e+00,98.0,1.2,0.8
247,3.5059e+29,1.6716e+29,1.7324e+29,3.2210e+27,6.9700e+27,1.4854e+29,1.8628e+28,1.5453e+29,1.8706e+28,2.2470e+27,9.7400e+26,3.4640e+27,3.5060e+27,47.7,49.4,0.9,2.0,3.5045e+29,3.4312e+29,4.1970e+27,3.1340e+27,0.0000e+00,0.0000e+00,97.9,1.2,0.9
248,3.4472e+29,1.6460e+29,1.7016e+29,3.0120e+27,6.9540e+27,1.4673e+29,1.7867e+28,1.5126e+29,1.8896e+28,2.1200e+27,8.9200e+26,3.5270e+27,3.4270e+27,47.7,49.4,0.9,2.0,3.4500e+29,3.3764e+29,4.2660e+27,3.0940e+27,0.0000e+00,0.0000e+00,97.9,1.2,0.9
249,3.3899e+29,1.6265e+29,1.6643e+29,2.9080e+27,7.0010e+27,1.4539e+29,1.7260e+28,1.4782e+29,1.8614e+28,2.0380e+27,8.7000e+26,3.5510e+27,3.4500e+27,48.0,49.1,0.9,2.1,3.3900e+29,3.3175e+29,4.1680e+27,3.0850e+27,0.0000e+00,0.0000e+00,97.9,1.2,0.9
250,3.3158e+29,1.6037e+29,1.6153e+29,2.7110e+27,6.9670e+27,1.4374e+29,1.6635e+28,1.4402e+29,1.7506e+28,1.8660e+27,8.4500e+26,3.4420e+27,3.5250e+27,48.4,48.7,0.8,2.1,3.3159e+29,3.2444e+29,4.0450e+27,3.1070e+27,0.0000e+00,0.0000e+00,97.8,1.2,0.9
251,3.2623e+29,1.5869e+29,1.5788e+29,2.6690e+27,6.9850e+27,1.4250e+29,1.6198e+28,1.4146e+29,1.6423e+28,1.8670e+27,8.0200e+26,3.4930e+27,3.4920e+27,48.6,48.4,0.8,2.1,3.2628e+29,3.1922e+29,4.0280e+27,3.0240e+27,0.0000e+00,0.0000e+00,97.8,1.2,0.9
252,3.1889e+29,1.5564e+29,1.5384e+29,2.4680e+27,6.9320e+27,1.3996e+29,1.5685e+28,1.3774e+29,1.6105e+28,1.6520e+27,8.1600e+26,3.4570e+27,3.4750e+27,48.8,48.2,0.8,2.2,3.1907e+29,3.1194e+29,3.9570e+27,3.1750e+27,0.0000e+00,0.0000e+00,97.8,1.2,1.0
253,3.1292e+29,1.5391e+29,1.4968e+29,2.3520e+27,6.9840e+27,1.3893e+29,1.4975e+28,1.3417e+29,1.5507e+28,1.5830e+27,7.6900e+26,3.5000e+27,3.4840e+27,49.2,47.8,0.8,2.2,3.1296e+29,3.0595e+29,3.8560e+27,3.1600e+27,0.0000e+00,0.0000e+00,97.8,1.2,1.0
254,3.0445e+29,1.5056e+29,1.4448e+29,2.4680e+27,6.9450e+27,1.3579e+29,1.4769e+28,1.2950e+29,1.4981e+28,1.7080e+27,7.6000e+26,3.4280e+27,3.5170e+27,49.5,47.5,0.8,2.3,3.0444e+29,2.9742e+29,3.8300e+27,3.1970e+27,0.0000e+00,0.0000e+00,97.7,1.3,1.1
255,2.9950e+29,1.4871e+29,1.4124e+29,2.5980e+27,6.9470e+27,1.3381e+29,1.4897e+28,1.2451e+29,1.6733e+28,1.8280e+27,7.7000e+26,3.5940e+27,3.3530e+27,49.7,47.2,0.9,2.3,2.9971e+29,2.9249e+29,3.8020e+27,3.4140e+27,0.0000e+00,0.0000e+00,97.6,1.3,1.1
256,2.9159e+29,1.4642e+29,1.3589e+29,2.3460e+27,6.9340e+27,1.3209e+29,1.4325e+28,1.2019e+29,1.5701e+28,1.6790e+27,6.6700e+26,3.4650e+27,3.4690e+27,50.2,46.6,0.8,2.4,2.9162e+29,2.8468e+29,3.6500e+27,3.2890e+27,0.0000e+00,0.0000e+00,97.6,1.3,1.1
257,2.8802e+29,1.4493e+29,1.3386e+29,2.2870e+27,6.9480e+27,1.3074e+29,1.4186e+28,1.1832e+29,1.5532e+28,1.6300e+27,6.5700e+26,3.4600e+27,3.4880e+27,50.3,46.5,0.8,2.4,2.8806e+29,2.8108e+29,3.6530e+27,3.3230e+27,0.0000e+00,0.0000e+00,97.6,1.3,1.2
258,2.8270e+29,1.4273e+29,1.3083e+29,2.2110e+27,6.9400e+27,1.2901e+29,1.3713e+28,1.1523e+29,1.5601e+28,1.5230e+27,6.8800e+26,3.5240e+27,3.4160e+27,50.5,46.3,0.8,2.5,2.8277e+29,2.7565e+29,3.7790e+27,3.3400e+27,0.0000e+00,0.0000e+00,97.5,1.3,1.2
259,2.7843e+29,1.4097e+29,1.2842e+29,2.0930e+27,6.9570e+27,1.2779e+29,1.3176e+28,1.1396e+29,1.4453e+28,1.4970e+27,5.9600e+26,3.4630e+27,3.4940e+27,50.6,46.1,0.8,2.5,2.7865e+29,2.7173e+29,3.5960e+27,3.3260e+27,0.0000e+00,0.0000e+00,97.5,1.3,1.2
260,2.7146e+29,1.3863e+29,1.2389e+29,2.0030e+27,6.9370e+27,1.2559e+29,1.3040e+28,1.1019e+29,1.3707e+28,1.3680e+27,6.3500e+26,3.4380e+27,3.4990e+27,51.1,45.6,0.7,2.6,2.7134e+29,2.6443e+29,3.5510e+27,3.3600e+27,0.0000e+00,0.0000e+00,97.5,1.3,1.2
261,2.6360e+29,1.3571e+29,1.1914e+29,1.8420e+27,6.9090e+27,1.2349e+29,1.2224e+28,1.0681e+29,1.2327e+28,1.2420e+27,6.0000e+26,3.5030e+27,3.4060e+27,51.5,45.2,0.7,2.6,2.6374e+29,2.5700e+29,3.3630e+27,3.3800e+27,0.0000e+00,0.0000e+00,97.4,1.3,1.3
262,2.6055e+29,1.3417e+29,1.1776e+29,1.6830e+27,6.9420e+27,1.2218e+29,1.1982e+28,1.0438e+29,1.3375e+28,1.1710e+27,5.1200e+26,3.4800e+27,3.4620e+27,51.5,45.2,0.6,2.7,2.6067e+29,2.5391e+29,3.4360e+27,3.3260e+27,0.0000e+00,0.0000e+00,97.4,1.3,1.3
263,2.5581e+29,1.3200e+29,1.1520e+29,1.6470e+27,6.9560e+27,1.2026e+29,1.1744e+28,1.0200e+29,1.3200e+28,1.1320e+27,5.1500e+26,3.5450e+27,3.4110e+27,51.6,45.0,0.6,2.7,2.5577e+29,2.4905e+29,3.3770e+27,3.3380e+27,0.0000e+00,0.0000e+00,97.4,1.3,1.3
264,2.5133e+29,1.2927e+29,1.1327e+29,1.8590e+27,6.9320e+27,1.1760e+29,1.1669e+28,9.9034e+28,1.4237e+28,1.3290e+27,5.3000e+26,3.5010e+27,3.4310e+27,51.4,45.1,0.7,2.8,2.5149e+29,2.4474e+29,3.3530e+27,3.3990e+27,0.0000e+00,0.0000e+00,97.3,1.3,1.4
265,2.4422e+29,1.2729e+29,1.0829e+29,1.7360e+27,6.9100e+27,1.1579e+29,1.1500e+28,9.4143e+28,1.4143e+28,1.2480e+27,4.8800e+26,3.4900e+27,3.4200e+27,52.1,44.3,0.7,2.8,2.4427e+29,2.3770e+29,3.3400e+27,3.2280e+27,0.0000e+00,0.0000e+00,97.3,1.4,1.3
266,2.3946e+29,1.2572e+29,1.0515e+29,1.6700e+27,6.9250e+27,1.1429e+29,1.1422e+28,9.1480e+28,1.3673e+28,1.2040e+27,4.6600e+26,3.4750e+27,3.4500e+27,52.5,43.9,0.7,2.9,2.3944e+29,2.3292e+29,3.1590e+27,3.3550e+27,0.0000e+00,0.0000e+00,97.3,1.3,1.4
267,2.3356e+29,1.2406e+29,1.0090e+29,1.6550e+27,6.9440e+27,1.1303e+29,1.1031e+28,8.7912e+28,1.2989e+28,1.1950e+27,4.6000e+26,3.5120e+27,3.4320e+27,53.1,43.2,0.7,3.0,2.3366e+29,2.2707e+29,3.1970e+27,3.4000e+27,0.0000e+00,0.0000e+00,97.2,1.4,1.5
268,2.2878e+29,1.2167e+29,9.8749e+28,1.4400e+27,6.9200e+27,1.1107e+29,1.0600e+28,8.5969e+28,1.2780e+28,9.7300e+26,4.6700e+26,3.4910e+27,3.4290e+27,53.2,43.2,0.6,3.0,2.2889e+29,2.2227e+29,3.1850e+27,3.4320e+27,0.0000e+00,0.0000e+00,97.1,1.4,1.5
269,2.2479e+29,1.1941e+29,9.6980e+28,1.5050e+27,6.8940e+27,1.0909e+29,1.0316e+28,8.3530e+28,1.3450e+28,1.0590e+27,4.4600e+26,3.4600e+27,3.4340e+27,53.1,43.1,0.7,3.1,2.2481e+29,2.1834e+29,3.0930e+27,3.3820e+27,0.0000e+00,0.0000e+00,97.1,1.4,1.5
270,2.2100e+29,1.1782e+29,9.4791e+28,1.4790e+27,6.9050e+27,1.0774e+29,1.0088e+28,8.1777e+28,1.3014e+28,1.0450e+27,4.3400e+26,3.4060e+27,3.4990e+27,53.3,42.9,0.7,3.1,2.2100e+29,2.1446e+29,3.1390e+27,3.3970e+27,0.0000e+00,0.0000e+00,97.0,1.4,1.5
271,2.1728e+29,1.1612e+29,9.2918e+28,1.3250e+27,6.9170e+27,1.0636e+29,9.7570e+27,8.0200e+28,1.2718e+28,9.1500e+26,4.1000e+26,3.4660e+27,3.4510e+27,53.4,42.8,0.6,3.2,2.1753e+29,2.1116e+29,3.0730e+27,3.2990e+27,0.0000e+00,0.0000e+00,97.1,1.4,1.5
272,2.1285e+29,1.1389e+29,9.0787e+28,1.2790e+27,6.8890e+27,1.0429e+29,9.6020e+27,7.8777e+28,1.2010e+28,8.3200e+26,4.4700e+26,3.3860e+27,3.5030e+27,53.5,42.7,0.6,3.2,2.1284e+29,2.0643e+29,2.9670e+27,3.4400e+27,0.0000e+00,0.0000e+00,97.0,1.4,1.6
273,2.0752e+29,1.1224e+29,8.7160e+28,1.2180e+27,6.9070e+27,1.0274e+29,9.4980e+27,7.5306e+28,1.1854e+28,8.6800e+26,3.5000e+26,3.4410e+27,3.4660e+27,54.1,42.0,0.6,3.3,2.0749e+29,2.0129e+29,2.8340e+27,3.3720e+27,0.0000e+00,0.0000e+00,97.0,1.4,1.6
274,2.0287e+29,1.1004e+29,8.4844e+28,1.0750e+27,6.9100e+27,1.0094e+29,9.1040e+27,7.3192e+28,1.1652e+28,7.4200e+26,3.3300e+26,3.4260e+27,3.4840e+27,54.2,41.8,0.5,3.4,2.0283e+29,1.9656e+29,2.8870e+27,3.3800e+27,0.0000e+00,0.0000e+00,96.9,1.4,1.7
275,1.9881e+29,1.0770e+29,8.3155e+28,1.0740e+27,6.8860e+27,9.8900e+28,8.7950e+27,7.1304e+28,1.1851e+28,7.2500e+26,3.4900e+26,3.4470e+27,3.4390e+27,54.2,41.8,0.5,3.5,1.9900e+29,1.9276e+29,2.8170e+27,3.4210e+27,0.0000e+00,0.0000e+00,96.9,1.4,1.7
276,1.9511e+29,1.0588e+29,8.1224e+28,1.1050e+27,6.9020e+27,9.7321e+28,8.5560e+27,6.9326e+28,1.1898e+28,7.5500e+26,3.5000e+26,3.4460e+27,3.4560e+27,54.3,41.6,0.6,3.5,1.9517e+29,1.8902e+29,2.7460e+27,3.3960e+27,0.0000e+00,0.0000e+00,96.9,1.4,1.7
277,1.9131e+29,1.0428e+29,7.8936e+28,1.1720e+27,6.9190e+27,9.5530e+28,8.7530e+27,6.6493e+28,1.2443e+28,8.6000e+26,3.1200e+26,3.4840e+27,3.4350e+27,54.5,41.3,0.6,3.6,1.9136e+29,1.8530e+29,2.7760e+27,3.2820e+27,0.0000e+00,0.0000e+00,96.8,1.5,1.7
278,1.8812e+29,1.0236e+29,7.7728e+28,1.1550e+27,6.8780e+27,9.3761e+28,8.5960e+27,6.5611e+28,1.2117e+28,8.0900e+26,3.4600e+26,3.4280e+27,3.4500e+27,54.4,41.3,0.6,3.7,1.8822e+29,1.8221e+29,2.6780e+27,3.3310e+27,0.0000e+00,0.0000e+00,96.8,1.4,1.8
279,1.8395e+29,1.0086e+29,7.5120e+28,1.0840e+27,6.8850e+27,9.2448e+28,8.4080e+27,6.2561e+28,1.2559e+28,7.7100e+26,3.1300e+26,3.4420e+27,3.4430e+27,54.8,40.8,0.6,3.7,1.8399e+29,1.7787e+29,2.8150e+27,3.3020e+27,0.0000e+00,0.0000e+00,96.7,1.5,1.8
280,1.8040e+29,9.9180e+28,7.3253e+28,1.0700e+27,6.8920e+27,9.1079e+28,8.1010e+27,6.1304e+28,1.1949e+28,7.8500e+26,2.8500e+26,3.4280e+27,3.4640e+27,55.0,40.6,0.6,3.8,1.8035e+29,1.7441e+29,2.6310e+27,3.3060e+27,0.0000e+00,0.0000e+00,96.7,1.5,1.8
281,1.7713e+29,9.7956e+28,7.1291e+28,9.8800e+26,6.8990e+27,8.9880e+28,8.0760e+27,5.9567e+28,1.1724e+28,7.0600e+26,2.8200e+26,3.4220e+27,3.4770e+27,55.3,40.2,0.6,3.9,1.7722e+29,1.7126e+29,2.6330e+27,3.3290e+27,0.0000e+00,0.0000e+00,96.6,1.5,1.9
282,1.7152e+29,9.5458e+28,6.8260e+28,9.3300e+26,6.8710e+27,8.7812e+28,7.6460e+27,5.7383e+28,1.0877e+28,6.7200e+26,2.6100e+26,3.5100e+27,3.3610e+27,55.7,39.8,0.5,4.0,1.7175e+29,1.6597e+29,2.5040e+27,3.2730e+27,0.0000e+00,0.0000e+00,96.6,1.5,1.9
283,1.6884e+29,9.4246e+28,6.6796e+28,9.2900e+26,6.8720e+27,8.6699e+28,7.5470e+27,5.6109e+28,1.0687e+28,6.6500e+26,2.6400e+26,3.4190e+27,3.4530e+27,55.8,39.6,0.6,4.1,1.6889e+29,1.6320e+29,2.4730e+27,3.2240e+27,0.0000e+00,0.0000e+00,96.6,1.5,1.9
284,1.6487e+29,9.2724e+28,6.4406e+28,8.6900e+26,6.8750e+27,8.5320e+28,7.4040e+27,5.4171e+28,1.0235e+28,6.0000e+26,2.6900e+26,3.4800e+27,3.3950e+27,56.2,39.1,0.5,4.2,1.6483e+29,1.5914e+29,2.4200e+27,3.2710e+27,0.0000e+00,0.0000e+00,96.5,1.5,2.0
285,1.6113e+29,9.1261e+28,6.2229e+28,7.5900e+26,6.8840e+27,8.4064e+28,7.1970e+27,5.2445e+28,9.7840e+27,5.4000e+26,2.1900e+26,3.4460e+27,3.4380e+27,56.6,38.6,0.5,4.3,1.6123e+29,1.5547e+29,2.4640e+27,3.3050e+27,0.0000e+00,0.0000e+00,96.4,1.5,2.0
286,1.5905e+29,8.9388e+28,6.1977e+28,7.8700e+26,6.8950e+27,8.2392e+28,6.9960e+27,5.1583e+28,1.0394e+28,5.4300e+26,2.4400e+26,3.5500e+27,3.3450e+27,56.2,39.0,0.5,4.3,1.5912e+29,1.5341e+29,2.4330e+27,3.2800e+27,0.0000e+00,0.0000e+00,96.4,1.5,2.1
287,1.5586e+29,8.7656e+28,6.0620e+28,7.2000e+26,6.8590e+27,8.0825e+28,6.8310e+27,5.0074e+28,1.0546e+28,5.2200e+26,1.9800e+26,3.4490e+27,3.4100e+27,56.2,38.9,0.5,4.4,1.5587e+29,1.5038e+29,2.3830e+27,3.1090e+27,0.0000e+00,0.0000e+00,96.5,1.5,2.0
288,1.5409e+29,8.6987e+28,5.9518e+28,6.8300e+26,6.9000e+27,7.9946e+28,7.0410e+27,4.9184e+28,1.0334e+28,4.7500e+26,2.0800e+26,3.3900e+27,3.5100e+27,56.5,38.6,0.4,4.5,1.5408e+29,1.4854e+29,2.3700e+27,3.1750e+27,0.0000e+00,0.0000e+00,96.4,1.5,2.1
289,1.4980e+29,8.4646e+28,5.7620e+28,6.7200e+26,6.8640e+27,7.8048e+28,6.5980e+27,4.7636e+28,9.9840e+27,4.4800e+26,2.2400e+26,3.4000e+27,3.4640e+27,56.5,38.5,0.4,4.6,1.4985e+29,1.4429e+29,2.3000e+27,3.2610e+27,0.0000e+00,0.0000e+00,96.3,1.5,2.2
290,1.4705e+29,8.3139e+28,5.6378e+28,6.7000e+26,6.8620e+27,7.6587e+28,6.5520e+27,4.6123e+28,1.0255e+28,4.4900e+26,2.2100e+26,3.4430e+27,3.4190e+27,56.5,38.3,0.5,4.7,1.4717e+29,1.4172e+29,2.3460e+27,3.1060e+27,0.0000e+00,0.0000e+00,96.3,1.6,2.1
291,1.4334e+29,8.1683e+28,5.4196e+28,6.0500e+26,6.8590e+27,7.5193e+28,6.4900e+27,4.4527e+28,9.6690e+27,4.1500e+26,1.9000e+26,3.4610e+27,3.3980e+27,57.0,37.8,0.4,4.8,1.4347e+29,1.3811e+29,2.2520e+27,3.1080e+27,0.0000e+00,0.0000e+00,96.3,1.6,2.2
292,1.4076e+29,7.9848e+28,5.3468e+28,5.8000e+26,6.8590e+27,7.3611e+28,6.2370e+27,4.3170e+28,1.0298e+28,4.0200e+26,1.7800e+26,3.4040e+27,3.4550e+27,56.7,38.0,0.4,4.9,1.4073e+29,1.3548e+29,2.2540e+27,2.9910e+27,0.0000e+00,0.0000e+00,96.3,1.6,2.1
293,1.3816e+29,7.8483e+28,5.2266e+28,5.5900e+26,6.8530e+27,7.2355e+28,6.1280e+27,4.1870e+28,1.0396e+28,3.6700e+26,1.9200e+26,3.4520e+27,3.4010e+27,56.8,37.8,0.4,5.0,1.3826e+29,1.3310e+29,2.1610e+27,3.0050e+27,0.0000e+00,0.0000e+00,96.3,1.6,2.2
294,1.3516e+29,7.6868e+28,5.0908e+28,5.2600e+26,6.8530e+27,7.0803e+28,6.0650e+27,4.0699e+28,1.0209e+28,3.3400e+26,1.9200e+26,3.4130e+27,3.4400e+27,56.9,37.7,0.4,5.1,1.3510e+29,1.3015e+29,2.0690e+27,2.8830e+27,0.0000e+00,0.0000e+00,96.3,1.5,2.1
295,1.3350e+29,7.5575e+28,5.0577e+28,4.9400e+26,6.8550e+27,6.9458e+28,6.1170e+27,4.0821e+28,9.7560e+27,3.1800e+26,1.7600e+26,3.5030e+27,3.3520e+27,56.6,37.9,0.4,5.1,1.3355e+29,1.2854e+29,2.0780e+27,2.9380e+27,0.0000e+00,0.0000e+00,96.2,1.6,2.2
296,1.3115e+29,7.3905e+28,4.9805e+28,5.8600e+26,6.8500e+27,6.7924e+28,5.9810e+27,3.9342e+28,1.0463e+28,4.2300e+26,1.6300e+26,3.4370e+27,3.4130e+27,56.4,38.0,0.4,5.2,1.3129e+29,1.2634e+29,2.0330e+27,2.9200e+27,0.0000e+00,0.0000e+00,96.2,1.5,2.2
297,1.2879e+29,7.2578e+28,4.8793e+28,5.8000e+26,6.8420e+27,6.6649e+28,5.9290e+27,3.8341e+28,1.0452e+28,4.3400e+26,1.4600e+26,3.4460e+27,3.3960e+27,56.4,37.9,0.5,5.3,1.2876e+29,1.2377e+29,2.1260e+27,2.8600e+27,0.0000e+00,0.0000e+00,96.1,1.7,2.2
298,1.2800e+29,7.2162e+28,4.8374e+28,5.7900e+26,6.8800e+27,6.6119e+28,6.0430e+27,3.7651e+28,1.0723e+28,4.0900e+26,1.7000e+26,3.3430e+27,3.5370e+27,56.4,37.8,0.5,5.4,1.2803e+29,1.2313e+29,2.0920e+27,2.8030e+27,0.0000e+00,0.0000e+00,96.2,1.6,2.2
299,1.2360e+29,6.9994e+28,4.6246e+28,5.1200e+26,6.8430e+27,6.4252e+28,5.7420e+27,3.5543e+28,1.0703e+28,3.6700e+26,1.4500e+26,3.4620e+27,3.3810e+27,56.6,37.4,0.4,5.5,1.2366e+29,1.1897e+29,1.9320e+27,2.7630e+27,0.0000e+00,0.0000e+00,96.2,1.6,2.2
300,1.2092e+29,6.9061e+28,4.4503e+28,5.1600e+26,6.8380e+27,6.3349e+28,5.7120e+27,3.3895e+28,1.0608e+28,3.6300e+26,1.5300e+26,3.4700e+27,3.3680e+27,57.1,36.8,0.4,5.7,1.2100e+29,1.1615e+29,2.0250e+27,2.8290e+27,0.0000e+00,0.0000e+00,96.0,1.7,2.3
301,1.1935e+29,6.7929e+28,4.4124e+28,4.7500e+26,6.8180e+27,6.2202e+28,5.7270e+27,3.3408e+28,1.0716e+28,3.2000e+26,1.5500e+26,3.4080e+27,3.4100e+27,56.9,37.0,0.4,5.7,1.1942e+29,1.1468e+29,1.9640e+27,2.7830e+27,0.0000e+00,0.0000e+00,96.0,1.6,2.3
302,1.1844e+29,6.7097e+28,4.4011e+28,4.6200e+26,6.8690e+27,6.1414e+28,5.6830e+27,3.3195e+28,1.0816e+28,3.3000e+26,1.3200e+26,3.4050e+27,3.4640e+27,56.7,37.2,0.4,5.8,1.1851e+29,1.1385e+29,1.9620e+27,2.7020e+27,0.0000e+00,0.0000e+00,96.1,1.7,2.3
303,1.1503e+29,6.5496e+28,4.2245e+28,4.7800e+26,6.8130e+27,5.9993e+28,5.5030e+27,3.2498e+28,9.7470e+27,3.2000e+26,1.5800e+26,3.4290e+27,3.3840e+27,56.9,36.7,0.4,5.9,1.1513e+29,1.1063e+29,1.9560e+27,2.5430e+27,0.0000e+00,0.0000e+00,96.1,1.7,2.2
304,1.1307e+29,6.4663e+28,4.1137e+28,4.2100e+26,6.8440e+27,5.9106e+28,5.5570e+27,3.1293e+28,9.8440e+27,3.0800e+26,1.1300e+26,3.4030e+27,3.4410e+27,57.2,36.4,0.4,6.1,1.1300e+29,1.0863e+29,1.9300e+27,2.4400e+27,0.0000e+00,0.0000e+00,96.1,1.7,2.2
305,1.1132e+29,6.3607e+28,4.0445e+28,4.2700e+26,6.8440e+27,5.8197e+28,5.4100e+27,3.0378e+28,1.0067e+28,2.9200e+26,1.3500e+26,3.4810e+27,3.3630e+27,57.1,36.3,0.4,6.1,1.1137e+29,1.0699e+29,1.8570e+27,2.5240e+27,0.0000e+00,0.0000e+00,96.1,1.7,2.3
306,1.0959e+29,6.2320e+28,4.0028e+28,4.1400e+26,6.8300e+27,5.7012e+28,5.3080e+27,2.9977e+28,1.0051e+28,2.8800e+26,1.2600e+26,3.4360e+27,3.3940e+27,56.9,36.5,0.4,6.2,1.0970e+29,1.0536e+29,1.8210e+27,2.5200e+27,0.0000e+00,0.0000e+00,96.0,1.7,2.3
307,1.0758e+29,6.1270e+28,3.9077e+28,4.1100e+26,6.8230e+27,5.5976e+28,5.2940e+27,2.9084e+28,9.9930e+27,2.6300e+26,1.4800e+26,3.4000e+27,3.4230e+27,57.0,36.3,0.4,6.3,1.0755e+29,1.0337e+29,1.9040e+27,2.2790e+27,0.0000e+00,0.0000e+00,96.1,1.8,2.1
308,1.0698e+29,6.0420e+28,3.9346e+28,3.6400e+26,6.8530e+27,5.5276e+28,5.1440e+27,2.9637e+28,9.7090e+27,2.5400e+26,1.1000e+26,3.4370e+27,3.4160e+27,56.5,36.8,0.3,6.4,1.0701e+29,1.0290e+29,1.7740e+27,2.3430e+27,0.0000e+00,0.0000e+00,96.2,1.7,2.2
309,1.0459e+29,5.9149e+28,3.8256e+28,3.4500e+26,6.8360e+27,5.4161e+28,4.9880e+27,2.8862e+28,9.3940e+27,2.2900e+26,1.1600e+26,3.5200e+27,3.3160e+27,56.6,36.6,0.3,6.5,1.0458e+29,1.0052e+29,1.8220e+27,2.2390e+27,0.0000e+00,0.0000e+00,96.1,1.7,2.1
310,1.0285e+29,5.8018e+28,3.7660e+28,3.4700e+26,6.8280e+27,5.3012e+28,5.0060e+27,2.8337e+28,9.3230e+27,2.4200e+26,1.0500e+26,3.4030e+27,3.4250e+27,56.4,36.6,0.3,6.6,1.0298e+29,9.8971e+28,1.7680e+27,2.2410e+27,0.0000e+00,0.0000e+00,96.1,1.7,2.2
311,1.0172e+29,5.6904e+28,3.7654e+28,3.4400e+26,6.8180e+27,5.1975e+28,4.9290e+27,2.7561e+28,1.0093e+28,2.4000e+26,1.0400e+26,3.4120e+27,3.4060e+27,55.9,37.0,0.3,6.7,1.0172e+29,9.7926e+28,1.8230e+27,1.9740e+27,0.0000e+00,0.0000e+00,96.3,1.8,1.9
312,1.0006e+29,5.5924e+28,3.7016e+28,3.2100e+26,6.7990e+27,5.1014e+28,4.9100e+27,2.7024e+28,9.9920e+27,2.1000e+26,1.1100e+26,3.3550e+27,3.4440e+27,55.9,37.0,0.3,6.8,1.0015e+29,9.6442e+28,1.7590e+27,1.9530e+27,0.0000e+00,0.0000e+00,96.3,1.8,1.9
313,9.9023e+28,5.5211e+28,3.6686e+28,2.9600e+26,6.8300e+27,5.0299e+28,4.9120e+27,2.6690e+28,9.9960e+27,2.0300e+26,9.3000e+25,3.4560e+27,3.3740e+27,55.8,37.0,0.3,6.9,9.9130e+28,9.5592e+28,1.6810e+27,1.8570e+27,0.0000e+00,0.0000e+00,96.4,1.7,1.9
314,9.6736e+28,5.4089e+28,3.5528e+28,3.1000e+26,6.8090e+27,4.9258e+28,4.8310e+27,2.5548e+28,9.9800e+27,2.1300e+26,9.7000e+25,3.4490e+27,3.3600e+27,55.9,36.7,0.3,7.0,9.6793e+28,9.3376e+28,1.7040e+27,1.7130e+27,0.0000e+00,0.0000e+00,96.5,1.8,1.8
315,9.6553e+28,5.3508e+28,3.5887e+28,3.0600e+26,6.8520e+27,4.8638e+28,4.8700e+27,2.5132e+28,1.0755e+28,1.8500e+26,1.2100e+26,3.4190e+27,3.4330e+27,55.4,37.2,0.3,7.1,9.6554e+28,9.3217e+28,1.6790e+27,1.6580e+27,0.0000e+00,0.0000e+00,96.5,1.7,1.7
316,9.3679e+28,5.2284e+28,3.4278e+28,2.8600e+26,6.8310e+27,4.7478e+28,4.8060e+27,2.4157e+28,1.0121e+28,2.0000e+26,8.6000e+25,3.3500e+27,3.4810e+27,55.8,36.6,0.3,7.3,9.3716e+28,9.0359e+28,1.7440e+27,1.6130e+27,0.0000e+00,0.0000e+00,96.4,1.9,1.7
317,9.2495e+28,5.1264e+28,3.4195e+28,2.3200e+26,6.8040e+27,4.6494e+28,4.7700e+27,2.4302e+28,9.8930e+27,1.6700e+26,6.5000e+25,3.3500e+27,3.4540e+27,55.4,37.0,0.3,7.4,9.2507e+28,8.9424e+28,1.6020e+27,1.4810e+27,0.0000e+00,0.0000e+00,96.7,1.7,1.6
318,9.1548e+28,5.0638e+28,3.3794e+28,2.7800e+26,6.8380e+27,4.5895e+28,4.7430e+27,2.3963e+28,9.8310e+27,1.8900e+26,8.9000e+25,3.3660e+27,3.4720e+27,55.3,36.9,0.3,7.5,9.1673e+28,8.8521e+28,1.6760e+27,1.4760e+27,0.0000e+00,0.0000e+00,96.6,1.8,1.6
319,9.0278e+28,4.9302e+28,3.3963e+28,2.5200e+26,6.7610e+27,4.4675e+28,4.6270e+27,2.3674e+28,1.0289e+28,1.6500e+26,8.7000e+25,3.4240e+27,3.3370e+27,54.6,37.6,0.3,7.5,9.0404e+28,8.7483e+28,1.6300e+27,1.2910e+27,0.0000e+00,0.0000e+00,96.8,1.8,1.4
320,8.9795e+28,4.8988e+28,3.3714e+28,2.5200e+26,6.8410e+27,4.4316e+28,4.6720e+27,2.3504e+28,1.0210e+28,1.7500e+26,7.7000e+25,3.3950e+27,3.4460e+27,54.6,37.5,0.3,7.6,8.9654e+28,8.6848e+28,1.6770e+27,1.1290e+27,0.0000e+00,0.0000e+00,96.9,1.9,1.3
321,8.8270e+28,4.7814e+28,3.3368e+28,2.6300e+26,6.8250e+27,4.3155e+28,4.6590e+27,2.2895e+28,1.0473e+28,1.8000e+26,8.3000e+25,3.4140e+27,3.4110e+27,54.2,37.8,0.3,7.7,8.8357e+28,8.5548e+28,1.6510e+27,1.1580e+27,0.0000e+00,0.0000e+00,96.8,1.9,1.3
322,8.7381e+28,4.6862e+28,3.3462e+28,2.5300e+26,6.8040e+27,4.2270e+28,4.5920e+27,2.2804e+28,1.0658e+28,1.6300e+26,9.0000e+25,3.4820e+27,3.3220e+27,53.6,38.3,0.3,7.8,8.7529e+28,8.4855e+28,1.6110e+27,1.0630e+27,0.0000e+00,0.0000e+00,96.9,1.8,1.2
323,8.6385e+28,4.6325e+28,3.2998e+28,2.4000e+26,6.8220e+27,4.1763e+28,4.5620e+27,2.2484e+28,1.0514e+28,1.5900e+26,8.1000e+25,3.3640e+27,3.4580e+27,53.6,38.2,0.3,7.9,8.6234e+28,8.3638e+28,1.5980e+27,9.9800e+26,0.0000e+00,0.0000e+00,97.0,1.9,1.2
324,8.5094e+28,4.5390e+28,3.2684e+28,2.2500e+26,6.7950e+27,4.0906e+28,4.4840e+27,2.2927e+28,9.7570e+27,1.4600e+26,7.9000e+25,3.3600e+27,3.4350e+27,53.3,38.4,0.3,8.0,8.5249e+28,8.2633e+28,1.6340e+27,9.8200e+26,0.0000e+00,0.0000e+00,96.9,1.9,1.2
325,8.4369e+28,4.4798e+28,3.2536e+28,2.1300e+26,6.8220e+27,4.0222e+28,4.5760e+27,2.2167e+28,1.0369e+28,1.3000e+26,8.3000e+25,3.4780e+27,3.3440e+27,53.1,38.6,0.3,8.1,8.4361e+28,8.1933e+28,1.5940e+27,8.3400e+26,0.0000e+00,0.0000e+00,97.1,1.9,1.0
326,8.4180e+28,4.3795e+28,3.3374e+28,2.1800e+26,6.7930e+27,3.9315e+28,4.4800e+27,2.2810e+28,1.0564e+28,1.3500e+26,8.3000e+25,3.4310e+27,3.3620e+27,52.0,39.6,0.3,8.1,8.4200e+28,8.1881e+28,1.5810e+27,7.3800e+26,0.0000e+00,0.0000e+00,97.2,1.9,0.9
327,8.3513e+28,4.2995e+28,3.3519e+28,2.1900e+26,6.7800e+27,3.8536e+28,4.4590e+27,2.2063e+28,1.1456e+28,1.2900e+26,9.0000e+25,3.3770e+27,3.4030e+27,51.5,40.1,0.3,8.1,8.3504e+28,8.1138e+28,1.6580e+27,7.0800e+26,0.0000e+00,0.0000e+00,97.2,2.0,0.8
328,8.4163e+28,4.3006e+28,3.4100e+28,2.0600e+26,6.8510e+27,3.8454e+28,4.5520e+27,2.2543e+28,1.1557e+28,1.3100e+26,7.5000e+25,3.4840e+27,3.3670e+27,51.1,40.5,0.2,8.1,8.4148e+28,8.1817e+28,1.6570e+27,6.7400e+26,0.0000e+00,0.0000e+00,97.2,2.0,0.8
329,8.3131e+28,4.1500e+28,3.4650e+28,2.1800e+26,6.7630e+27,3.7138e+28,4.3620e+27,2.2685e+28,1.1965e+28,1.2800e+26,9.0000e+25,3.3690e+27,3.3940e+27,49.9,41.7,0.3,8.1,8.3143e+28,8.0908e+28,1.6330e+27,6.0200e+26,0.0000e+00,0.0000e+00,97.3,2.0,0.7
330,8.4721e+28,4.1582e+28,3.6094e+28,2.1200e+26,6.8330e+27,3.7050e+28,4.5320e+27,2.3516e+28,1.2578e+28,1.3300e+26,7.9000e+25,3.4780e+27,3.3550e+27,49.1,42.6,0.3,8.1,8.4724e+28,8.2486e+28,1.7190e+27,5.1900e+26,0.0000e+00,0.0000e+00,97.4,2.0,0.6
331,8.3481e+28,4.0838e+28,3.5648e+28,1.9600e+26,6.7990e+27,3.6329e+28,4.5090e+27,2.3568e+28,1.2080e+28,1.2500e+26,7.1000e+25,3.4490e+27,3.3500e+27,48.9,42.7,0.2,8.1,8.3489e+28,8.1315e+28,1.6970e+27,4.7700e+26,0.0000e+00,0.0000e+00,97.4,2.0,0.6
332,8.3387e+28,4.0052e+28,3.6354e+28,2.1000e+26,6.7710e+27,3.5670e+28,4.3820e+27,2.4370e+28,1.1984e+28,1.2500e+26,8.5000e+25,3.3790e+27,3.3920e+27,48.0,43.6,0.3,8.1,8.3389e+28,8.1275e+28,1.6690e+27,4.4500e+26,0.0000e+00,0.0000e+00,97.5,2.0,0.5
333,8.3577e+28,3.9538e+28,3.7055e+28,1.9100e+26,6.7930e+27,3.5109e+28,4.4290e+27,2.4414e+28,1.2641e+28,1.2000e+26,7.1000e+25,3.4480e+27,3.3450e+27,47.3,44.3,0.2,8.1,8.3590e+28,8.1430e+28,1.7230e+27,4.3700e+26,0.0000e+00,0.0000e+00,97.4,2.1,0.5
334,8.4261e+28,3.9098e+28,3.8173e+28,1.9300e+26,6.7970e+27,3.4638e+28,4.4600e+27,2.5198e+28,1.2975e+28,1.2500e+26,6.8000e+25,3.4130e+27,3.3840e+27,46.4,45.3,0.2,8.1,8.4154e+28,8.2009e+28,1.7710e+27,3.7400e+26,0.0000e+00,0.0000e+00,97.5,2.1,0.4
335,8.6268e+28,3.8546e+28,4.0677e+28,2.1500e+26,6.8300e+27,3.4068e+28,4.4780e+27,2.5849e+28,1.4828e+28,1.3400e+26,8.1000e+25,3.3600e+27,3.4700e+27,44.7,47.2,0.2,7.9,8.6238e+28,8.4008e+28,1.8590e+27,3.7100e+26,0.0000e+00,0.0000e+00,97.4,2.2,0.4
336,8.7572e+28,3.8224e+28,4.2349e+28,2.0700e+26,6.7920e+27,3.3658e+28,4.5660e+27,2.8065e+28,1.4284e+28,1.2700e+26,8.0000e+25,3.3470e+27,3.4450e+27,43.6,48.4,0.2,7.8,8.7504e+28,8.5276e+28,1.9070e+27,3.2100e+26,0.0000e+00,0.0000e+00,97.5,2.2,0.4
337,8.8031e+28,3.7498e+28,4.3559e+28,2.1100e+26,6.7630e+27,3.2901e+28,4.5970e+27,2.8367e+28,1.5192e+28,1.2100e+26,9.0000e+25,3.3850e+27,3.3780e+27,42.6,49.5,0.2,7.7,8.7835e+28,8.5711e+28,1.8390e+27,2.8500e+26,0.0000e+00,0.0000e+00,97.6,2.1,0.3
338,9.1032e+28,3.7449e+28,4.6573e+28,1.8800e+26,6.8220e+27,3.2796e+28,4.6530e+27,3.0072e+28,1.6501e+28,1.1300e+26,7.5000e+25,3.5000e+27,3.3220e+27,41.1,51.2,0.2,7.5,9.1043e+28,8.8726e+28,2.0440e+27,2.7300e+26,0.0000e+00,0.0000e+00,97.5,2.2,0.3
339,9.1489e+28,3.6793e+28,4.7685e+28,2.2700e+26,6.7840e+27,3.2206e+28,4.5870e+27,3.0908e+28,1.6777e+28,1.4000e+26,8.7000e+25,3.3990e+27,3.3850e+27,40.2,52.1,0.2,7.4,9.1296e+28,8.8960e+28,2.0490e+27,2.8700e+26,0.0000e+00,0.0000e+00,97.4,2.2,0.3
340,9.4768e+28,3.6510e+28,5.1245e+28,2.0800e+26,6.8050e+27,3.1848e+28,4.6620e+27,3.3110e+28,1.8135e+28,1.3300e+26,7.5000e+25,3.4430e+27,3.3620e+27,38.5,54.1,0.2,7.2,9.4645e+28,9.2276e+28,2.1190e+27,2.5000e+26,0.0000e+00,0.0000e+00,97.5,2.2,0.3
341,9.5715e+28,3.5811e+28,5.2924e+28,2.1600e+26,6.7640e+27,3.1193e+28,4.6180e+27,3.5114e+28,1.7810e+28,1.3100e+26,8.5000e+25,3.3470e+27,3.4170e+27,37.4,55.3,0.2,7.1,9.5791e+28,9.3353e+28,2.1980e+27,2.4000e+26,0.0000e+00,0.0000e+00,97.5,2.3,0.3
342,9.7694e+28,3.5807e+28,5.4835e+28,2.3100e+26,6.8210e+27,3.1228e+28,4.5790e+27,3.6235e+28,1.8600e+28,1.3400e+26,9.7000e+25,3.3920e+27,3.4290e+27,36.7,56.1,0.2,7.0,9.7510e+28,9.5019e+28,2.2800e+27,2.1100e+26,0.0000e+00,0.0000e+00,97.4,2.3,0.2
343,9.9242e+28,3.5185e+28,5.7049e+28,2.1600e+26,6.7920e+27,3.0533e+28,4.6520e+27,3.7513e+28,1.9536e+28,1.3500e+26,8.1000e+25,3.3300e+27,3.4620e+27,35.5,57.5,0.2,6.8,9.9185e+28,9.6665e+28,2.3240e+27,1.9600e+26,0.0000e+00,0.0000e+00,97.5,2.3,0.2
344,1.0197e+29,3.4911e+28,6.0058e+28,2.0100e+26,6.7980e+27,3.0276e+28,4.6350e+27,4.0071e+28,1.9987e+28,1.2300e+26,7.8000e+25,3.2900e+27,3.5080e+27,34.2,58.9,0.2,6.7,1.0183e+29,9.9248e+28,2.4170e+27,1.6900e+26,0.0000e+00,0.0000e+00,97.5,2.4,0.2
345,1.0310e+29,3.4444e+28,6.1700e+28,1.9700e+26,6.7580e+27,2.9673e+28,4.7710e+27,4.1214e+28,2.0486e+28,1.1500e+26,8.2000e+25,3.3440e+27,3.4140e+27,33.4,59.8,0.2,6.6,1.0304e+29,1.0034e+29,2.5100e+27,1.9100e+26,0.0000e+00,0.0000e+00,97.4,2.4,0.2
346,1.0695e+29,3.4476e+28,6.5417e+28,2.3400e+26,6.8190e+27,2.9620e+28,4.8560e+27,4.3274e+28,2.2143e+28,1.5100e+26,8.3000e+25,3.4480e+27,3.3710e+27,32.2,61.2,0.2,6.4,1.0684e+29,1.0409e+29,2.5780e+27,1.7300e+26,0.0000e+00,0.0000e+00,97.4,2.4,0.2
347,1.0795e+29,3.3865e+28,6.7089e+28,2.2600e+26,6.7700e+27,2.8916e+28,4.9490e+27,4.3583e+28,2.3506e+28,1.5100e+26,7.5000e+25,3.4470e+27,3.3230e+27,31.4,62.1,0.2,6.3,1.0788e+29,1.0504e+29,2.6480e+27,1.8600e+26,0.0000e+00,0.0000e+00,97.4,2.5,0.2
348,1.0841e+29,3.3510e+28,6.7924e+28,1.9000e+26,6.7870e+27,2.8685e+28,4.8250e+27,4.4829e+28,2.3095e+28,1.0500e+26,8.5000e+25,3.3980e+27,3.3890e+27,30.9,62.7,0.2,6.3,1.0836e+29,1.0556e+29,2.6390e+27,1.5600e+26,0.0000e+00,0.0000e+00,97.4,2.4,0.1
349,1.1091e+29,3.3276e+28,7.0619e+28,2.1900e+26,6.7930e+27,2.8438e+28,4.8380e+27,4.6417e+28,2.4202e+28,1.2900e+26,9.0000e+25,3.3470e+27,3.4460e+27,30.0,63.7,0.2,6.1,1.1069e+29,1.0789e+29,2.6380e+27,1.5600e+26,0.0000e+00,0.0000e+00,97.5,2.4,0.1
350,1.1144e+29,3.2720e+28,7.1683e+28,2.2900e+26,6.8040e+27,2.7947e+28,4.7730e+27,4.7162e+28,2.4521e+28,1.3500e+26,9.4000e+25,3.3980e+27,3.4060e+27,29.4,64.3,0.2,6.1,1.1148e+29,1.0855e+29,2.7690e+27,1.6100e+26,0.0000e+00,0.0000e+00,97.4,2.5,0.1
351,1.1141e+29,3.2380e+28,7.2051e+28,2.2900e+26,6.7530e+27,2.7315e+28,5.0650e+27,4.7352e+28,2.4699e+28,1.3100e+26,9.8000e+25,3.4270e+27,3.3260e+27,29.1,64.7,0.2,6.1,1.1138e+29,1.0837e+29,2.8500e+27,1.5700e+26,0.0000e+00,0.0000e+00,97.3,2.6,0.1
352,1.1325e+29,3.2270e+28,7.3929e+28,2.3200e+26,6.8230e+27,2.7320e+28,4.9500e+27,4.8481e+28,2.5448e+28,1.4200e+26,9.0000e+25,3.4560e+27,3.3670e+27,28.5,65.3,0.2,6.0,1.1326e+29,1.1027e+29,2.8520e+27,1.3800e+26,0.0000e+00,0.0000e+00,97.4,2.5,0.1
353,1.1342e+29,3.1680e+28,7.4741e+28,2.4500e+26,6.7580e+27,2.6779e+28,4.9010e+27,4.9044e+28,2.5697e+28,1.4500e+26,1.0000e+26,3.3920e+27,3.3660e+27,27.9,65.9,0.2,6.0,1.1321e+29,1.1019e+29,2.8620e+27,1.5900e+26,0.0000e+00,0.0000e+00,97.3,2.5,0.1
354,1.1345e+29,3.1164e+28,7.5292e+28,2.2700e+26,6.7660e+27,2.6314e+28,4.8500e+27,4.9414e+28,2.5878e+28,1.3400e+26,9.3000e+25,3.4430e+27,3.3230e+27,27.5,66.4,0.2,6.0,1.1344e+29,1.1038e+29,2.9190e+27,1.4300e+26,0.0000e+00,0.0000e+00,97.3,2.6,0.1
355,1.1469e+29,3.1031e+28,7.6580e+28,2.6300e+26,6.8180e+27,2.6105e+28,4.9260e+27,4.9525e+28,2.7055e+28,1.4900e+26,1.1400e+26,3.4010e+27,3.4170e+27,27.1,66.8,0.2,5.9,1.1475e+29,1.1167e+29,2.9480e+27,1.3800e+26,0.0000e+00,0.0000e+00,97.3,2.6,0.1
356,1.1255e+29,3.0495e+28,7.5020e+28,2.5600e+26,6.7830e+27,2.5414e+28,5.0810e+27,4.8240e+28,2.6780e+28,1.4800e+26,1.0800e+26,3.3450e+27,3.4380e+27,27.1,66.7,0.2,6.0,1.1256e+29,1.0952e+29,2.8950e+27,1.5100e+26,0.0000e+00,0.0000e+00,97.3,2.6,0.1
357,1.1358e+29,3.0283e+28,7.6298e+28,2.1400e+26,6.7840e+27,2.5275e+28,5.0080e+27,4.9128e+28,2.7170e+28,1.2600e+26,8.8000e+25,3.3980e+27,3.3860e+27,26.7,67.2,0.2,6.0,1.1345e+29,1.1041e+29,2.8960e+27,1.4500e+26,0.0000e+00,0.0000e+00,97.3,2.6,0.1
358,1.1468e+29,3.0040e+28,7.7620e+28,2.4300e+26,6.7800e+27,2.4986e+28,5.0540e+27,4.9573e+28,2.8047e+28,1.4200e+26,1.0100e+26,3.3610e+27,3.4190e+27,26.2,67.7,0.2,5.9,1.1462e+29,1.1159e+29,2.8820e+27,1.4700e+26,0.0000e+00,0.0000e+00,97.4,2.5,0.1
359,1.1409e+29,2.9707e+28,7.7364e+28,2.3700e+26,6.7820e+27,2.4649e+28,5.0580e+27,5.0045e+28,2.7319e+28,1.3500e+26,1.0200e+26,3.3890e+27,3.3930e+27,26.0,67.8,0.2,5.9,1.1404e+29,1.1098e+29,2.9340e+27,1.3100e+26,0.0000e+00,0.0000e+00,97.3,2.6,0.1
