TAA_Bin,Gen_Total,Gen_PSD,Gen_TD,Gen_SWS,Gen_MMV,Gen_PSD_Dawn,Gen_PSD_Dusk,Gen_TD_Dawn,Gen_TD_Dusk,Gen_SWS_Dawn,Gen_SWS_Dusk,Gen_MMV_Dawn,Gen_MMV_Dusk,Pct_PSD,Pct_TD,Pct_SWS,Pct_MMV,Loss_Total,Loss_Stuck,Loss_Ionized,Loss_Escaped,Supply_Internal,Trans_Inward,Pct_Stuck,Pct_Ionized,Pct_Escaped,Hop_Count,Hop_Per_Particle
0,8.5255e+29,1.8469e+29,6.5821e+29,2.8750e+27,6.7780e+27,1.1743e+29,6.7264e+28,3.4441e+29,3.1380e+29,1.5280e+27,1.3470e+27,3.3550e+27,3.4230e+27,21.7,77.2,0.3,0.8,8.5267e+29,8.2573e+29,2.6347e+28,5.9500e+26,3.4613e+28,0.0000e+00,96.8,3.1,0.1,2.1020e+29,0.2465
1,8.6283e+29,1.8585e+29,6.6722e+29,2.9290e+27,6.8240e+27,1.1749e+29,6.8358e+28,3.4857e+29,3.1865e+29,1.5000e+27,1.4290e+27,3.4960e+27,3.3280e+27,21.5,77.3,0.3,0.8,8.6229e+29,8.3491e+29,2.6798e+28,5.8200e+26,3.4860e+28,0.0000e+00,96.8,3.1,0.1,2.1360e+29,0.2477
2,8.5770e+29,1.8419e+29,6.6376e+29,2.9620e+27,6.7800e+27,1.1614e+29,6.8053e+28,3.4746e+29,3.1630e+29,1.5580e+27,1.4040e+27,3.4340e+27,3.3460e+27,21.5,77.4,0.3,0.8,8.5787e+29,8.3109e+29,2.6183e+28,5.9400e+26,3.4592e+28,0.0000e+00,96.9,3.1,0.1,2.1279e+29,0.2480
3,8.5948e+29,1.8369e+29,6.6609e+29,2.9230e+27,6.7790e+27,1.1578e+29,6.7909e+28,3.4822e+29,3.1787e+29,1.5290e+27,1.3940e+27,3.4270e+27,3.3520e+27,21.4,77.5,0.3,0.8,8.5923e+29,8.3216e+29,2.6448e+28,6.2400e+26,3.4572e+28,0.0000e+00,96.8,3.1,0.1,2.1201e+29,0.2467
4,8.5704e+29,1.8296e+29,6.6419e+29,3.1170e+27,6.7760e+27,1.1439e+29,6.8577e+28,3.4563e+29,3.1855e+29,1.6600e+27,1.4570e+27,3.3300e+27,3.4460e+27,21.3,77.5,0.4,0.8,8.5704e+29,8.3004e+29,2.6382e+28,6.2300e+26,3.4545e+28,0.0000e+00,96.8,3.1,0.1,2.1199e+29,0.2474
5,8.6124e+29,1.8388e+29,6.6764e+29,2.8890e+27,6.8250e+27,1.1478e+29,6.9102e+28,3.4716e+29,3.2049e+29,1.4680e+27,1.4210e+27,3.4300e+27,3.3950e+27,21.4,77.5,0.3,0.8,8.6146e+29,8.3444e+29,2.6362e+28,6.5300e+26,3.4765e+28,0.0000e+00,96.9,3.1,0.1,2.1297e+29,0.2472
6,8.5448e+29,1.8240e+29,6.6237e+29,2.9470e+27,6.7640e+27,1.1347e+29,6.8922e+28,3.4437e+29,3.1801e+29,1.5460e+27,1.4010e+27,3.4180e+27,3.3460e+27,21.3,77.5,0.3,0.8,8.5438e+29,8.2738e+29,2.6360e+28,6.4700e+26,3.4470e+28,0.0000e+00,96.8,3.1,0.1,2.1111e+29,0.2471
7,8.6467e+29,1.8350e+29,6.7147e+29,2.9020e+27,6.8070e+27,1.1381e+29,6.9686e+28,3.4743e+29,3.2404e+29,1.4950e+27,1.4070e+27,3.3130e+27,3.4940e+27,21.2,77.7,0.3,0.8,8.6489e+29,8.3763e+29,2.6581e+28,6.8100e+26,3.4676e+28,0.0000e+00,96.8,3.1,0.1,2.1371e+29,0.2471
8,8.5444e+29,1.8131e+29,6.6351e+29,2.8610e+27,6.7600e+27,1.1204e+29,6.9270e+28,3.4337e+29,3.2014e+29,1.5050e+27,1.3560e+27,3.4050e+27,3.3550e+27,21.2,77.7,0.3,0.8,8.5456e+29,8.2789e+29,2.5963e+28,7.1500e+26,3.4369e+28,0.0000e+00,96.9,3.0,0.1,2.1032e+29,0.2461
9,8.5798e+29,1.8170e+29,6.6645e+29,3.0410e+27,6.7990e+27,1.1193e+29,6.9763e+28,3.4509e+29,3.2136e+29,1.5810e+27,1.4600e+27,3.3620e+27,3.4370e+27,21.2,77.7,0.4,0.8,8.5799e+29,8.3094e+29,2.6317e+28,7.2800e+26,3.4561e+28,0.0000e+00,96.8,3.1,0.1,2.1088e+29,0.2458
10,8.5567e+29,1.8155e+29,6.6430e+29,3.0250e+27,6.7960e+27,1.1183e+29,6.9720e+28,3.4443e+29,3.1987e+29,1.5740e+27,1.4510e+27,3.3940e+27,3.4020e+27,21.2,77.6,0.4,0.8,8.5639e+29,8.2938e+29,2.6255e+28,7.5600e+26,3.4493e+28,0.0000e+00,96.8,3.1,0.1,2.0939e+29,0.2445
11,8.5221e+29,1.8067e+29,6.6174e+29,3.0060e+27,6.7860e+27,1.1084e+29,6.9833e+28,3.4235e+29,3.1939e+29,1.5850e+27,1.4210e+27,3.4650e+27,3.3210e+27,21.2,77.7,0.4,0.8,8.5210e+29,8.2539e+29,2.5931e+28,7.8500e+26,3.4419e+28,0.0000e+00,96.9,3.0,0.1,2.0645e+29,0.2423
12,8.4897e+29,1.8065e+29,6.5854e+29,3.0030e+27,6.7820e+27,1.1028e+29,7.0370e+28,3.3907e+29,3.1948e+29,1.5960e+27,1.4070e+27,3.3800e+27,3.4020e+27,21.3,77.6,0.4,0.8,8.4941e+29,8.2276e+29,2.5854e+28,7.9700e+26,3.4338e+28,0.0000e+00,96.9,3.0,0.1,2.0386e+29,0.2400
13,8.5095e+29,1.8059e+29,6.6049e+29,3.0330e+27,6.8290e+27,1.0992e+29,7.0675e+28,3.4163e+29,3.1887e+29,1.6070e+27,1.4260e+27,3.4330e+27,3.3960e+27,21.2,77.6,0.4,0.8,8.5121e+29,8.2454e+29,2.5736e+28,9.3800e+26,3.4501e+28,0.0000e+00,96.9,3.0,0.1,2.0465e+29,0.2404
14,8.4124e+29,1.7856e+29,6.5297e+29,2.9440e+27,6.7580e+27,1.0847e+29,7.0096e+28,3.3747e+29,3.1550e+29,1.5480e+27,1.3960e+27,3.3660e+27,3.3920e+27,21.2,77.6,0.3,0.8,8.4145e+29,8.1530e+29,2.5197e+28,9.5500e+26,3.4157e+28,0.0000e+00,96.9,3.0,0.1,2.0082e+29,0.2387
15,8.4225e+29,1.7929e+29,6.5314e+29,3.0070e+27,6.8040e+27,1.0852e+29,7.0778e+28,3.3486e+29,3.1828e+29,1.5970e+27,1.4100e+27,3.4250e+27,3.3790e+27,21.3,77.5,0.4,0.8,8.4238e+29,8.1652e+29,2.4844e+28,1.0190e+27,3.4306e+28,0.0000e+00,96.9,2.9,0.1,2.0065e+29,0.2382
16,8.3722e+29,1.7825e+29,6.4923e+29,2.9560e+27,6.7880e+27,1.0800e+29,7.0244e+28,3.3428e+29,3.1495e+29,1.5620e+27,1.3940e+27,3.3370e+27,3.4510e+27,21.3,77.5,0.4,0.8,8.3800e+29,8.1203e+29,2.4834e+28,1.1340e+27,3.4199e+28,0.0000e+00,96.9,3.0,0.1,1.9693e+29,0.2350
17,8.2891e+29,1.7803e+29,6.4116e+29,2.9320e+27,6.7810e+27,1.0706e+29,7.0971e+28,3.2928e+29,3.1188e+29,1.5310e+27,1.4010e+27,3.4520e+27,3.3290e+27,21.5,77.4,0.4,0.8,8.2927e+29,8.0365e+29,2.4346e+28,1.2680e+27,3.4086e+28,0.0000e+00,96.9,2.9,0.2,1.9347e+29,0.2333
18,8.2320e+29,1.7761e+29,6.3576e+29,3.0160e+27,6.8120e+27,1.0637e+29,7.1243e+28,3.2541e+29,3.1035e+29,1.5920e+27,1.4240e+27,3.3810e+27,3.4310e+27,21.6,77.2,0.4,0.8,8.2388e+29,7.9833e+29,2.4207e+28,1.3410e+27,3.4212e+28,0.0000e+00,96.9,2.9,0.2,1.9012e+29,0.2308
19,8.1418e+29,1.7651e+29,6.2788e+29,2.9860e+27,6.8020e+27,1.0597e+29,7.0537e+28,3.2164e+29,3.0624e+29,1.5680e+27,1.4180e+27,3.4010e+27,3.4010e+27,21.7,77.1,0.4,0.8,8.1480e+29,7.8973e+29,2.3623e+28,1.4470e+27,3.4085e+28,0.0000e+00,96.9,2.9,0.2,1.8472e+29,0.2267
20,8.0407e+29,1.7588e+29,6.1849e+29,2.9150e+27,6.7830e+27,1.0527e+29,7.0608e+28,3.1603e+29,3.0245e+29,1.5530e+27,1.3620e+27,3.4200e+27,3.3630e+27,21.9,76.9,0.4,0.8,8.0445e+29,7.7983e+29,2.3104e+28,1.5150e+27,3.3953e+28,0.0000e+00,96.9,2.9,0.2,1.7884e+29,0.2223
21,7.9284e+29,1.7476e+29,6.0835e+29,2.9720e+27,6.7700e+27,1.0422e+29,7.0540e+28,3.1042e+29,2.9792e+29,1.5540e+27,1.4180e+27,3.3550e+27,3.4150e+27,22.0,76.7,0.4,0.9,7.9410e+29,7.6967e+29,2.2683e+28,1.7470e+27,3.3814e+28,0.0000e+00,96.9,2.9,0.2,1.7405e+29,0.2192
22,7.8763e+29,1.7541e+29,6.0247e+29,2.9490e+27,6.8100e+27,1.0470e+29,7.0706e+28,3.0852e+29,2.9395e+29,1.5630e+27,1.3860e+27,3.3410e+27,3.4690e+27,22.3,76.5,0.4,0.9,7.8805e+29,7.6405e+29,2.2067e+28,1.9340e+27,3.3912e+28,0.0000e+00,97.0,2.8,0.2,1.6909e+29,0.2146
23,7.7782e+29,1.7425e+29,5.9393e+29,2.8780e+27,6.7730e+27,1.0357e+29,7.0675e+28,3.0347e+29,2.9045e+29,1.4820e+27,1.3960e+27,3.3910e+27,3.3820e+27,22.4,76.4,0.4,0.9,7.7870e+29,7.5517e+29,2.1403e+28,2.1260e+27,3.3761e+28,0.0000e+00,97.0,2.7,0.3,1.6424e+29,0.2109
24,7.6799e+29,1.7336e+29,5.8491e+29,2.9070e+27,6.8180e+27,1.0265e+29,7.0705e+28,2.9902e+29,2.8588e+29,1.5540e+27,1.3530e+27,3.4660e+27,3.3520e+27,22.6,76.2,0.4,0.9,7.6886e+29,7.4549e+29,2.1089e+28,2.2830e+27,3.3843e+28,0.0000e+00,97.0,2.7,0.3,1.5949e+29,0.2074
25,7.5196e+29,1.7141e+29,5.7085e+29,2.9430e+27,6.7590e+27,1.0185e+29,6.9558e+28,2.9188e+29,2.7897e+29,1.5490e+27,1.3940e+27,3.3800e+27,3.3790e+27,22.8,75.9,0.4,0.9,7.5247e+29,7.2990e+29,2.0117e+28,2.4560e+27,3.3441e+28,0.0000e+00,97.0,2.7,0.3,1.5308e+29,0.2034
26,7.4422e+29,1.7141e+29,5.6325e+29,2.7670e+27,6.7900e+27,1.0179e+29,6.9625e+28,2.8796e+29,2.7529e+29,1.4160e+27,1.3510e+27,3.4440e+27,3.3460e+27,23.0,75.7,0.4,0.9,7.4542e+29,7.2278e+29,1.9903e+28,2.7380e+27,3.3511e+28,0.0000e+00,97.0,2.7,0.4,1.4800e+29,0.1986
27,7.3053e+29,1.7080e+29,5.5013e+29,2.7780e+27,6.8190e+27,1.0115e+29,6.9650e+28,2.8016e+29,2.6997e+29,1.4930e+27,1.2850e+27,3.4680e+27,3.3510e+27,23.4,75.3,0.4,0.9,7.3136e+29,7.0950e+29,1.9024e+28,2.8390e+27,3.3572e+28,0.0000e+00,97.0,2.6,0.4,1.4177e+29,0.1938
28,7.1626e+29,1.6877e+29,5.3788e+29,2.8170e+27,6.8040e+27,9.9507e+28,6.9258e+28,2.7366e+29,2.6422e+29,1.4240e+27,1.3930e+27,3.4370e+27,3.3670e+27,23.6,75.1,0.4,0.9,7.1707e+29,6.9556e+29,1.8413e+28,3.0930e+27,3.3390e+28,0.0000e+00,97.0,2.6,0.4,1.3481e+29,0.1880
29,7.0154e+29,1.6774e+29,5.2423e+29,2.7730e+27,6.7950e+27,9.9024e+28,6.8718e+28,2.6868e+29,2.5555e+29,1.5050e+27,1.2680e+27,3.3560e+27,3.4390e+27,23.9,74.7,0.4,1.0,7.0250e+29,6.8135e+29,1.7766e+28,3.3870e+27,3.3203e+28,0.0000e+00,97.0,2.5,0.5,1.2936e+29,0.1841
30,6.9191e+29,1.6714e+29,5.1525e+29,2.7050e+27,6.8140e+27,9.8516e+28,6.8624e+28,2.6182e+29,2.5343e+29,1.3630e+27,1.3420e+27,3.4350e+27,3.3790e+27,24.2,74.5,0.4,1.0,6.9275e+29,6.7208e+29,1.7244e+28,3.4200e+27,3.3244e+28,0.0000e+00,97.0,2.5,0.5,1.2392e+29,0.1789
31,6.7582e+29,1.6545e+29,5.0082e+29,2.7460e+27,6.7960e+27,9.7601e+28,6.7853e+28,2.5471e+29,2.4611e+29,1.4320e+27,1.3140e+27,3.4190e+27,3.3770e+27,24.5,74.1,0.4,1.0,6.7674e+29,6.5634e+29,1.6740e+28,3.6600e+27,3.3046e+28,0.0000e+00,97.0,2.5,0.5,1.1806e+29,0.1744
32,6.6716e+29,1.6537e+29,4.9225e+29,2.7250e+27,6.8190e+27,9.7192e+28,6.8179e+28,2.5080e+29,2.4145e+29,1.3910e+27,1.3340e+27,3.3690e+27,3.4500e+27,24.8,73.8,0.4,1.0,6.6795e+29,6.4792e+29,1.6275e+28,3.7630e+27,3.3072e+28,0.0000e+00,97.0,2.4,0.6,1.1367e+29,0.1702
33,6.5274e+29,1.6361e+29,4.7968e+29,2.6500e+27,6.7980e+27,9.6238e+28,6.7376e+28,2.4426e+29,2.3542e+29,1.3500e+27,1.3000e+27,3.3830e+27,3.4150e+27,25.1,73.5,0.4,1.0,6.5364e+29,6.3436e+29,1.5356e+28,3.9240e+27,3.2863e+28,0.0000e+00,97.1,2.3,0.6,1.0898e+29,0.1667
34,6.4127e+29,1.6311e+29,4.6874e+29,2.6010e+27,6.8220e+27,9.6256e+28,6.6849e+28,2.3906e+29,2.2968e+29,1.3390e+27,1.2620e+27,3.3510e+27,3.4710e+27,25.4,73.1,0.4,1.1,6.4172e+29,6.2232e+29,1.5171e+28,4.2330e+27,3.2875e+28,0.0000e+00,97.0,2.4,0.7,1.0399e+29,0.1620
35,6.2745e+29,1.6067e+29,4.5738e+29,2.6060e+27,6.7980e+27,9.4883e+28,6.5783e+28,2.3294e+29,2.2445e+29,1.3130e+27,1.2930e+27,3.3250e+27,3.4730e+27,25.6,72.9,0.4,1.1,6.2839e+29,6.0971e+29,1.4503e+28,4.1770e+27,3.2655e+28,0.0000e+00,97.0,2.3,0.7,9.9177e+28,0.1578
36,6.2039e+29,1.6018e+29,4.5086e+29,2.5280e+27,6.8200e+27,9.4755e+28,6.5429e+28,2.2901e+29,2.2185e+29,1.2910e+27,1.2370e+27,3.4480e+27,3.3720e+27,25.8,72.7,0.4,1.1,6.2096e+29,6.0237e+29,1.4122e+28,4.4690e+27,3.2654e+28,0.0000e+00,97.0,2.3,0.7,9.6998e+28,0.1562
37,6.0623e+29,1.5925e+29,4.3767e+29,2.5090e+27,6.8030e+27,9.3968e+28,6.5277e+28,2.2300e+29,2.1467e+29,1.2990e+27,1.2100e+27,3.4350e+27,3.3680e+27,26.3,72.2,0.4,1.1,6.0705e+29,5.8905e+29,1.3409e+28,4.5880e+27,3.2423e+28,0.0000e+00,97.0,2.2,0.8,9.2387e+28,0.1522
38,6.0255e+29,1.5924e+29,4.3394e+29,2.5620e+27,6.8090e+27,9.3892e+28,6.5348e+28,2.2059e+29,2.1335e+29,1.3280e+27,1.2340e+27,3.4300e+27,3.3790e+27,26.4,72.0,0.4,1.1,6.0310e+29,5.8510e+29,1.3269e+28,4.7260e+27,3.2408e+28,0.0000e+00,97.0,2.2,0.8,8.9581e+28,0.1485
39,5.8854e+29,1.5757e+29,4.2179e+29,2.3860e+27,6.7940e+27,9.3116e+28,6.4458e+28,2.1398e+29,2.0781e+29,1.2270e+27,1.1590e+27,3.3750e+27,3.4190e+27,26.8,71.7,0.4,1.2,5.8888e+29,5.7131e+29,1.2844e+28,4.7340e+27,3.2168e+28,0.0000e+00,97.0,2.2,0.8,8.6039e+28,0.1461
40,5.8146e+29,1.5728e+29,4.1491e+29,2.4620e+27,6.8160e+27,9.3718e+28,6.3563e+28,2.1187e+29,2.0303e+29,1.2840e+27,1.1780e+27,3.3170e+27,3.4990e+27,27.0,71.4,0.4,1.2,5.8217e+29,5.6469e+29,1.2557e+28,4.9200e+27,3.2141e+28,0.0000e+00,97.0,2.2,0.8,8.4109e+28,0.1445
41,5.7443e+29,1.5666e+29,4.0849e+29,2.4350e+27,6.8340e+27,9.3264e+28,6.3400e+28,2.0922e+29,1.9928e+29,1.2430e+27,1.1920e+27,3.3970e+27,3.4370e+27,27.3,71.1,0.4,1.2,5.7485e+29,5.5760e+29,1.2235e+28,5.0200e+27,3.2106e+28,0.0000e+00,97.0,2.1,0.9,8.2146e+28,0.1429
42,5.6578e+29,1.5469e+29,4.0189e+29,2.3960e+27,6.8030e+27,9.1733e+28,6.2952e+28,2.0512e+29,1.9678e+29,1.2030e+27,1.1930e+27,3.4520e+27,3.3510e+27,27.3,71.0,0.4,1.2,5.6632e+29,5.4940e+29,1.1942e+28,4.9740e+27,3.1851e+28,0.0000e+00,97.0,2.1,0.9,7.9449e+28,0.1403
43,5.6082e+29,1.5496e+29,3.9653e+29,2.4920e+27,6.8360e+27,9.2201e+28,6.2759e+28,2.0198e+29,1.9456e+29,1.2540e+27,1.2380e+27,3.3840e+27,3.4520e+27,27.6,70.7,0.4,1.2,5.6102e+29,5.4428e+29,1.1752e+28,4.9920e+27,3.1804e+28,0.0000e+00,97.0,2.1,0.9,7.8447e+28,0.1398
44,5.4795e+29,1.5304e+29,3.8585e+29,2.2570e+27,6.8010e+27,9.1454e+28,6.1588e+28,1.9786e+29,1.8799e+29,1.1690e+27,1.0880e+27,3.3390e+27,3.4620e+27,27.9,70.4,0.4,1.2,5.4857e+29,5.3234e+29,1.1203e+28,5.0310e+27,3.1540e+28,0.0000e+00,97.0,2.0,0.9,7.4968e+28,0.1367
45,5.4080e+29,1.5250e+29,3.7920e+29,2.2830e+27,6.8170e+27,9.1240e+28,6.1261e+28,1.9445e+29,1.8476e+29,1.1510e+27,1.1320e+27,3.3650e+27,3.4520e+27,28.2,70.1,0.4,1.3,5.4122e+29,5.2529e+29,1.0889e+28,5.0360e+27,3.1482e+28,0.0000e+00,97.1,2.0,0.9,7.3193e+28,0.1352
46,5.3656e+29,1.5236e+29,3.7510e+29,2.2670e+27,6.8370e+27,9.1632e+28,6.0725e+28,1.9366e+29,1.8144e+29,1.1640e+27,1.1030e+27,3.4110e+27,3.4260e+27,28.4,69.9,0.4,1.3,5.3706e+29,5.2126e+29,1.0633e+28,5.1680e+27,3.1416e+28,0.0000e+00,97.1,2.0,1.0,7.2159e+28,0.1344
47,5.3058e+29,1.5226e+29,3.6918e+29,2.2940e+27,6.8390e+27,9.1724e+28,6.0538e+28,1.9037e+29,1.7882e+29,1.1410e+27,1.1530e+27,3.4700e+27,3.3690e+27,28.7,69.6,0.4,1.3,5.3079e+29,5.1489e+29,1.0627e+28,5.2700e+27,3.1344e+28,0.0000e+00,97.0,2.0,1.0,6.9694e+28,0.1313
48,5.2636e+29,1.5113e+29,3.6613e+29,2.2790e+27,6.8190e+27,9.1383e+28,5.9749e+28,1.8878e+29,1.7735e+29,1.1920e+27,1.0870e+27,3.4080e+27,3.4110e+27,28.7,69.6,0.4,1.3,5.2675e+29,5.1113e+29,1.0352e+28,5.2620e+27,3.1062e+28,0.0000e+00,97.0,2.0,1.0,6.9381e+28,0.1317
49,5.2093e+29,1.5167e+29,3.6017e+29,2.2690e+27,6.8250e+27,9.1883e+28,5.9785e+28,1.8685e+29,1.7332e+29,1.1250e+27,1.1440e+27,3.4670e+27,3.3580e+27,29.1,69.1,0.4,1.3,5.2082e+29,5.0534e+29,1.0107e+28,5.3740e+27,3.0979e+28,0.0000e+00,97.0,1.9,1.0,6.6827e+28,0.1283
50,5.1848e+29,1.5120e+29,3.5821e+29,2.2230e+27,6.8450e+27,9.1966e+28,5.9235e+28,1.8558e+29,1.7263e+29,1.0990e+27,1.1240e+27,3.4090e+27,3.4360e+27,29.2,69.1,0.4,1.3,5.1894e+29,5.0371e+29,9.9130e+27,5.3110e+27,3.0889e+28,0.0000e+00,97.1,1.9,1.0,6.6140e+28,0.1275
51,5.1324e+29,1.4976e+29,3.5445e+29,2.2140e+27,6.8160e+27,9.1432e+28,5.8324e+28,1.8414e+29,1.7032e+29,1.1180e+27,1.0960e+27,3.3840e+27,3.4320e+27,29.2,69.1,0.4,1.3,5.1362e+29,4.9851e+29,9.7940e+27,5.3200e+27,3.0596e+28,0.0000e+00,97.1,1.9,1.0,6.5601e+28,0.1277
52,5.1235e+29,1.5097e+29,3.5233e+29,2.1880e+27,6.8660e+27,9.2586e+28,5.8385e+28,1.8366e+29,1.6867e+29,1.1600e+27,1.0280e+27,3.3930e+27,3.4730e+27,29.5,68.8,0.4,1.3,5.1271e+29,4.9766e+29,9.7460e+27,5.3060e+27,3.0692e+28,0.0000e+00,97.1,1.9,1.0,6.4296e+28,0.1254
53,5.0445e+29,1.4971e+29,3.4571e+29,2.2220e+27,6.8120e+27,9.2534e+28,5.7180e+28,1.8122e+29,1.6449e+29,1.1200e+27,1.1020e+27,3.4100e+27,3.4020e+27,29.7,68.5,0.4,1.4,5.0466e+29,4.8973e+29,9.5660e+27,5.3660e+27,3.0390e+28,0.0000e+00,97.0,1.9,1.1,6.2842e+28,0.1245
54,5.0232e+29,1.5012e+29,3.4320e+29,2.1680e+27,6.8350e+27,9.2801e+28,5.7316e+28,1.8139e+29,1.6181e+29,1.1240e+27,1.0440e+27,3.3840e+27,3.4510e+27,29.9,68.3,0.4,1.4,5.0232e+29,4.8751e+29,9.4920e+27,5.3140e+27,3.0279e+28,0.0000e+00,97.1,1.9,1.1,6.2187e+28,0.1238
55,4.9975e+29,1.4955e+29,3.4122e+29,2.1730e+27,6.8040e+27,9.2929e+28,5.6625e+28,1.7930e+29,1.6192e+29,1.0890e+27,1.0840e+27,3.3380e+27,3.4660e+27,29.9,68.3,0.4,1.4,5.0017e+29,4.8540e+29,9.2850e+27,5.4810e+27,2.9973e+28,0.0000e+00,97.0,1.9,1.1,6.1615e+28,0.1232
56,4.9891e+29,1.5040e+29,3.3951e+29,2.1390e+27,6.8610e+27,9.3746e+28,5.6652e+28,1.7886e+29,1.6065e+29,1.0910e+27,1.0480e+27,3.4580e+27,3.4030e+27,30.1,68.1,0.4,1.4,4.9910e+29,4.8454e+29,9.0820e+27,5.4740e+27,3.0040e+28,0.0000e+00,97.1,1.8,1.1,6.0366e+28,0.1209
57,4.9419e+29,1.5010e+29,3.3518e+29,2.1150e+27,6.8080e+27,9.3840e+28,5.6255e+28,1.7669e+29,1.5849e+29,1.0530e+27,1.0620e+27,3.4530e+27,3.3550e+27,30.4,67.8,0.4,1.4,4.9409e+29,4.7989e+29,8.8620e+27,5.3340e+27,2.9727e+28,0.0000e+00,97.1,1.8,1.1,5.9806e+28,0.1210
58,4.9594e+29,1.5054e+29,3.3631e+29,2.2240e+27,6.8760e+27,9.4569e+28,5.5967e+28,1.8008e+29,1.5623e+29,1.1010e+27,1.1230e+27,3.4020e+27,3.4740e+27,30.4,67.8,0.4,1.4,4.9644e+29,4.8213e+29,8.8150e+27,5.4980e+27,2.9779e+28,0.0000e+00,97.1,1.8,1.1,5.9035e+28,0.1189
59,4.8816e+29,1.5014e+29,3.2907e+29,2.1230e+27,6.8340e+27,9.4984e+28,5.5155e+28,1.7590e+29,1.5317e+29,1.0610e+27,1.0620e+27,3.4840e+27,3.3500e+27,30.8,67.4,0.4,1.4,4.8804e+29,4.7392e+29,8.7250e+27,5.4000e+27,2.9458e+28,0.0000e+00,97.1,1.8,1.1,5.7441e+28,0.1177
60,4.8625e+29,1.5011e+29,3.2709e+29,2.1990e+27,6.8410e+27,9.5095e+28,5.5018e+28,1.7652e+29,1.5057e+29,1.0730e+27,1.1260e+27,3.4600e+27,3.3810e+27,30.9,67.3,0.5,1.4,4.8655e+29,4.7241e+29,8.7710e+27,5.3650e+27,2.9317e+28,0.0000e+00,97.1,1.8,1.1,5.6557e+28,0.1162
61,4.8420e+29,1.5071e+29,3.2456e+29,2.0730e+27,6.8530e+27,9.6312e+28,5.4401e+28,1.7517e+29,1.4939e+29,1.0660e+27,1.0070e+27,3.4160e+27,3.4370e+27,31.1,67.0,0.4,1.4,4.8445e+29,4.7054e+29,8.4650e+27,5.4380e+27,2.9172e+28,0.0000e+00,97.1,1.7,1.1,5.6058e+28,0.1157
62,4.8455e+29,1.5069e+29,3.2484e+29,2.1660e+27,6.8470e+27,9.7017e+28,5.3676e+28,1.7702e+29,1.4782e+29,1.1070e+27,1.0590e+27,3.3680e+27,3.4790e+27,31.1,67.0,0.4,1.4,4.8474e+29,4.7084e+29,8.4880e+27,5.4100e+27,2.9021e+28,0.0000e+00,97.1,1.8,1.1,5.5726e+28,0.1150
63,4.8215e+29,1.5043e+29,3.2279e+29,2.0650e+27,6.8560e+27,9.7232e+28,5.3201e+28,1.7602e+29,1.4677e+29,1.0670e+27,9.9800e+26,3.4480e+27,3.4080e+27,31.2,66.9,0.4,1.4,4.8252e+29,4.6891e+29,8.2430e+27,5.3590e+27,2.8866e+28,0.0000e+00,97.2,1.7,1.1,5.4509e+28,0.1130
64,4.7740e+29,1.5060e+29,3.1783e+29,2.1220e+27,6.8510e+27,9.7559e+28,5.3039e+28,1.7249e+29,1.4534e+29,1.0690e+27,1.0530e+27,3.4800e+27,3.3710e+27,31.5,66.6,0.4,1.4,4.7740e+29,4.6368e+29,8.3150e+27,5.4070e+27,2.8706e+28,0.0000e+00,97.1,1.7,1.1,5.3479e+28,0.1120
65,4.7883e+29,1.5235e+29,3.1738e+29,2.2400e+27,6.8570e+27,9.7852e+28,5.4499e+28,1.6056e+29,1.5683e+29,1.2050e+27,1.0350e+27,3.4030e+27,3.4540e+27,31.8,66.3,0.5,1.4,4.7903e+29,4.6538e+29,8.2630e+27,5.3860e+27,2.8542e+28,0.0000e+00,97.2,1.7,1.1,5.3527e+28,0.1117
66,4.8086e+29,1.5500e+29,3.1680e+29,2.2070e+27,6.8560e+27,1.0085e+29,5.4157e+28,1.6131e+29,1.5549e+29,1.1940e+27,1.0130e+27,3.3570e+27,3.4990e+27,32.2,65.9,0.5,1.4,4.8076e+29,4.6716e+29,8.0820e+27,5.5200e+27,2.8374e+28,0.0000e+00,97.2,1.7,1.1,5.3375e+28,0.1110
67,4.8123e+29,1.5763e+29,3.1456e+29,2.1830e+27,6.8590e+27,1.0383e+29,5.3798e+28,1.6245e+29,1.5211e+29,1.1990e+27,9.8400e+26,3.4010e+27,3.4580e+27,32.8,65.4,0.5,1.4,4.8145e+29,4.6773e+29,8.1930e+27,5.5300e+27,2.8202e+28,0.0000e+00,97.1,1.7,1.1,5.2490e+28,0.1090
68,4.8312e+29,1.6013e+29,3.1393e+29,2.1990e+27,6.8610e+27,1.0635e+29,5.3775e+28,1.6211e+29,1.5183e+29,1.2120e+27,9.8700e+26,3.4160e+27,3.4450e+27,33.1,65.0,0.5,1.4,4.8280e+29,4.6915e+29,8.1140e+27,5.5350e+27,2.8027e+28,0.0000e+00,97.2,1.7,1.1,5.2146e+28,0.1080
69,4.8600e+29,1.6422e+29,3.1265e+29,2.2380e+27,6.8940e+27,1.1020e+29,5.4018e+28,1.6203e+29,1.5062e+29,1.1750e+27,1.0630e+27,3.4560e+27,3.4380e+27,33.8,64.3,0.5,1.4,4.8614e+29,4.7229e+29,7.9190e+27,5.9260e+27,2.8009e+28,0.0000e+00,97.2,1.6,1.2,5.0855e+28,0.1046
70,4.8554e+29,1.6582e+29,3.1063e+29,2.2290e+27,6.8630e+27,1.1238e+29,5.3434e+28,1.6167e+29,1.4896e+29,1.1870e+27,1.0420e+27,3.4330e+27,3.4300e+27,34.2,64.0,0.5,1.4,4.8567e+29,4.7181e+29,7.9700e+27,5.8870e+27,2.7664e+28,0.0000e+00,97.1,1.6,1.2,5.0299e+28,0.1036
71,4.8537e+29,1.6857e+29,3.0774e+29,2.2030e+27,6.8540e+27,1.1559e+29,5.2982e+28,1.6119e+29,1.4655e+29,1.1500e+27,1.0530e+27,3.4180e+27,3.4360e+27,34.7,63.4,0.5,1.4,4.8557e+29,4.7180e+29,7.8790e+27,5.8860e+27,2.7479e+28,0.0000e+00,97.2,1.6,1.2,4.8977e+28,0.1009
72,4.8995e+29,1.7288e+29,3.0795e+29,2.2220e+27,6.8950e+27,1.1976e+29,5.3114e+28,1.6346e+29,1.4449e+29,1.1820e+27,1.0400e+27,3.4430e+27,3.4520e+27,35.3,62.9,0.5,1.4,4.8994e+29,4.7580e+29,8.1320e+27,6.0070e+27,2.7445e+28,0.0000e+00,97.1,1.7,1.2,4.8778e+28,0.0996
73,4.8867e+29,1.7550e+29,3.0407e+29,2.2460e+27,6.8480e+27,1.2260e+29,5.2905e+28,1.6191e+29,1.4216e+29,1.1690e+27,1.0770e+27,3.4010e+27,3.4470e+27,35.9,62.2,0.5,1.4,4.8868e+29,4.7466e+29,7.9230e+27,6.1030e+27,2.7098e+28,0.0000e+00,97.1,1.6,1.2,4.7983e+28,0.0982
74,4.9357e+29,1.7920e+29,3.0525e+29,2.2330e+27,6.8870e+27,1.2634e+29,5.2867e+28,1.6264e+29,1.4261e+29,1.1730e+27,1.0600e+27,3.3950e+27,3.4920e+27,36.3,61.8,0.5,1.4,4.9374e+29,4.7986e+29,7.8540e+27,6.0270e+27,2.7055e+28,0.0000e+00,97.2,1.6,1.2,4.7418e+28,0.0960
75,4.9531e+29,1.8236e+29,3.0379e+29,2.2940e+27,6.8750e+27,1.3005e+29,5.2309e+28,1.6391e+29,1.3988e+29,1.1810e+27,1.1130e+27,3.4200e+27,3.4550e+27,36.8,61.3,0.5,1.4,4.9514e+29,4.8130e+29,7.7440e+27,6.0990e+27,2.6856e+28,0.0000e+00,97.2,1.6,1.2,4.6734e+28,0.0944
76,4.9767e+29,1.8511e+29,3.0340e+29,2.2800e+27,6.8800e+27,1.3304e+29,5.2063e+28,1.6509e+29,1.3832e+29,1.1590e+27,1.1210e+27,3.4670e+27,3.4130e+27,37.2,61.0,0.5,1.4,4.9772e+29,4.8373e+29,7.8310e+27,6.1580e+27,2.6654e+28,0.0000e+00,97.2,1.6,1.2,4.6511e+28,0.0934
77,5.0308e+29,1.8893e+29,3.0503e+29,2.2150e+27,6.9080e+27,1.3684e+29,5.2094e+28,1.6752e+29,1.3751e+29,1.1360e+27,1.0790e+27,3.5060e+27,3.4020e+27,37.6,60.6,0.4,1.4,5.0310e+29,4.8915e+29,7.7750e+27,6.1800e+27,2.6596e+28,0.0000e+00,97.2,1.5,1.2,4.6478e+28,0.0924
78,5.0111e+29,1.9143e+29,3.0056e+29,2.2590e+27,6.8620e+27,1.4000e+29,5.1436e+28,1.6642e+29,1.3414e+29,1.1880e+27,1.0710e+27,3.4520e+27,3.4100e+27,38.2,60.0,0.5,1.4,5.0124e+29,4.8739e+29,7.7080e+27,6.1440e+27,2.6243e+28,0.0000e+00,97.2,1.5,1.2,4.4847e+28,0.0895
79,5.0553e+29,1.9561e+29,3.0071e+29,2.3210e+27,6.8910e+27,1.4417e+29,5.1438e+28,1.6861e+29,1.3210e+29,1.1870e+27,1.1340e+27,3.4840e+27,3.4070e+27,38.7,59.5,0.5,1.4,5.0552e+29,4.9138e+29,7.8150e+27,6.3240e+27,2.6178e+28,0.0000e+00,97.2,1.5,1.3,4.4508e+28,0.0880
80,5.0726e+29,1.9844e+29,2.9967e+29,2.2710e+27,6.8790e+27,1.4757e+29,5.0869e+28,1.7013e+29,1.2954e+29,1.2160e+27,1.0550e+27,3.4220e+27,3.4570e+27,39.1,59.1,0.4,1.4,5.0746e+29,4.9355e+29,7.5840e+27,6.3230e+27,2.5966e+28,0.0000e+00,97.3,1.5,1.2,4.4305e+28,0.0873
81,5.1421e+29,2.0267e+29,3.0234e+29,2.2880e+27,6.9160e+27,1.5164e+29,5.1027e+28,1.7163e+29,1.3071e+29,1.1280e+27,1.1600e+27,3.4820e+27,3.4340e+27,39.4,58.8,0.4,1.3,5.1412e+29,5.0001e+29,7.8370e+27,6.2810e+27,2.5890e+28,0.0000e+00,97.3,1.5,1.2,4.3384e+28,0.0844
82,5.1253e+29,2.0462e+29,2.9863e+29,2.4020e+27,6.8680e+27,1.5432e+29,5.0302e+28,1.7122e+29,1.2742e+29,1.2120e+27,1.1900e+27,3.4400e+27,3.4280e+27,39.9,58.3,0.5,1.3,5.1262e+29,4.9863e+29,7.7830e+27,6.2080e+27,2.5537e+28,0.0000e+00,97.3,1.5,1.2,4.2240e+28,0.0824
83,5.1987e+29,2.0802e+29,3.0260e+29,2.3560e+27,6.8980e+27,1.5793e+29,5.0087e+28,1.7461e+29,1.2798e+29,1.2320e+27,1.1240e+27,3.5130e+27,3.3850e+27,40.0,58.2,0.5,1.3,5.1964e+29,5.0554e+29,7.8920e+27,6.2070e+27,2.5456e+28,0.0000e+00,97.3,1.5,1.2,4.2564e+28,0.0819
84,5.2441e+29,2.1361e+29,3.0139e+29,2.4820e+27,6.9250e+27,1.6174e+29,5.1866e+28,1.6603e+29,1.3536e+29,1.3410e+27,1.1410e+27,3.4980e+27,3.4270e+27,40.7,57.5,0.5,1.3,5.2453e+29,5.1030e+29,7.8060e+27,6.4280e+27,2.5368e+28,0.0000e+00,97.3,1.5,1.2,4.1254e+28,0.0786
85,5.2697e+29,2.1833e+29,2.9934e+29,2.4170e+27,6.8840e+27,1.6681e+29,5.1522e+28,1.6616e+29,1.3318e+29,1.3420e+27,1.0750e+27,3.4040e+27,3.4800e+27,41.4,56.8,0.5,1.3,5.2685e+29,5.1266e+29,7.6870e+27,6.5020e+27,2.5015e+28,0.0000e+00,97.3,1.5,1.2,4.0857e+28,0.0775
86,5.3497e+29,2.2516e+29,3.0054e+29,2.3630e+27,6.9030e+27,1.7337e+29,5.1794e+28,1.6888e+29,1.3166e+29,1.2650e+27,1.0980e+27,3.3950e+27,3.5080e+27,42.1,56.2,0.4,1.3,5.3493e+29,5.2064e+29,7.7400e+27,6.5570e+27,2.4924e+28,0.0000e+00,97.3,1.4,1.2,3.9989e+28,0.0748
87,5.4235e+29,2.3154e+29,3.0144e+29,2.4410e+27,6.9330e+27,1.7946e+29,5.2079e+28,1.6936e+29,1.3208e+29,1.2980e+27,1.1430e+27,3.3990e+27,3.5340e+27,42.7,55.6,0.5,1.3,5.4235e+29,5.2783e+29,7.8190e+27,6.7010e+27,2.4826e+28,0.0000e+00,97.3,1.4,1.2,3.9845e+28,0.0735
88,5.4146e+29,2.3512e+29,2.9706e+29,2.3990e+27,6.8860e+27,1.8406e+29,5.1058e+28,1.6899e+29,1.2807e+29,1.3040e+27,1.0950e+27,3.4900e+27,3.3960e+27,43.4,54.9,0.4,1.3,5.4145e+29,5.2717e+29,7.7020e+27,6.5750e+27,2.4475e+28,0.0000e+00,97.4,1.4,1.2,3.9388e+28,0.0727
89,5.5354e+29,2.4358e+29,3.0051e+29,2.5170e+27,6.9350e+27,1.9228e+29,5.1292e+28,1.7285e+29,1.2767e+29,1.3410e+27,1.1760e+27,3.5040e+27,3.4310e+27,44.0,54.3,0.5,1.3,5.5332e+29,5.3851e+29,8.0290e+27,6.7850e+27,2.4497e+28,0.0000e+00,97.3,1.5,1.2,3.8785e+28,0.0701
90,5.5419e+29,2.4662e+29,2.9818e+29,2.4870e+27,6.9050e+27,1.9600e+29,5.0617e+28,1.7412e+29,1.2407e+29,1.2840e+27,1.2030e+27,3.4460e+27,3.4590e+27,44.5,53.8,0.4,1.2,5.5427e+29,5.3962e+29,7.8670e+27,6.7790e+27,2.4147e+28,0.0000e+00,97.4,1.4,1.2,3.7684e+28,0.0680
91,5.6590e+29,2.5361e+29,3.0289e+29,2.4840e+27,6.9080e+27,2.0273e+29,5.0882e+28,1.7970e+29,1.2319e+29,1.3200e+27,1.1640e+27,3.4640e+27,3.4440e+27,44.8,53.5,0.4,1.2,5.6559e+29,5.5099e+29,7.9550e+27,6.6470e+27,2.4041e+28,0.0000e+00,97.4,1.4,1.2,3.7764e+28,0.0668
92,5.7234e+29,2.5946e+29,3.0336e+29,2.5850e+27,6.9310e+27,2.0902e+29,5.0439e+28,1.8245e+29,1.2090e+29,1.3710e+27,1.2140e+27,3.5220e+27,3.4090e+27,45.3,53.0,0.5,1.2,5.7252e+29,5.5743e+29,8.0740e+27,7.0140e+27,2.3930e+28,0.0000e+00,97.4,1.4,1.2,3.6865e+28,0.0644
93,5.8143e+29,2.6467e+29,3.0721e+29,2.6190e+27,6.9250e+27,2.1412e+29,5.0550e+28,1.8712e+29,1.2009e+29,1.3610e+27,1.2580e+27,3.4300e+27,3.4950e+27,45.5,52.8,0.5,1.2,5.8122e+29,5.6631e+29,8.1480e+27,6.7650e+27,2.3700e+28,0.0000e+00,97.4,1.4,1.2,3.6613e+28,0.0630
94,5.8579e+29,2.6891e+29,3.0749e+29,2.4780e+27,6.9040e+27,2.1885e+29,5.0064e+28,1.8904e+29,1.1845e+29,1.2830e+27,1.1950e+27,3.5160e+27,3.3880e+27,45.9,52.5,0.4,1.2,5.8578e+29,5.7085e+29,8.1280e+27,6.8060e+27,2.3470e+28,0.0000e+00,97.5,1.4,1.2,3.5843e+28,0.0612
95,5.9354e+29,2.7435e+29,3.0968e+29,2.5780e+27,6.9350e+27,2.2489e+29,4.9455e+28,1.9289e+29,1.1679e+29,1.3340e+27,1.2440e+27,3.4710e+27,3.4640e+27,46.2,52.2,0.4,1.2,5.9357e+29,5.7840e+29,8.3730e+27,6.8010e+27,2.3355e+28,0.0000e+00,97.4,1.4,1.1,3.5169e+28,0.0592
96,5.9769e+29,2.7893e+29,3.0914e+29,2.6990e+27,6.9210e+27,2.2818e+29,5.0750e+28,1.8669e+29,1.2245e+29,1.5500e+27,1.1490e+27,3.4450e+27,3.4760e+27,46.7,51.7,0.5,1.2,5.9738e+29,5.8242e+29,8.2610e+27,6.6940e+27,2.3125e+28,0.0000e+00,97.5,1.4,1.1,3.4562e+28,0.0579
97,6.1061e+29,2.8804e+29,3.1289e+29,2.7400e+27,6.9350e+27,2.3621e+29,5.1829e+28,1.8845e+29,1.2445e+29,1.5360e+27,1.2040e+27,3.5080e+27,3.4270e+27,47.2,51.2,0.4,1.1,6.1069e+29,5.9549e+29,8.4220e+27,6.7770e+27,2.3006e+28,0.0000e+00,97.5,1.4,1.1,3.4127e+28,0.0559
98,6.2031e+29,2.9593e+29,3.1475e+29,2.6680e+27,6.9550e+27,2.4411e+29,5.1819e+28,1.9222e+29,1.2253e+29,1.4890e+27,1.1790e+27,3.4960e+27,3.4590e+27,47.7,50.7,0.4,1.1,6.2001e+29,6.0499e+29,8.2900e+27,6.7290e+27,2.2883e+28,0.0000e+00,97.6,1.3,1.1,3.4138e+28,0.0551
99,6.2714e+29,3.0296e+29,3.1452e+29,2.7310e+27,6.9290e+27,2.5134e+29,5.1621e+28,1.9404e+29,1.2048e+29,1.5560e+27,1.1750e+27,3.5280e+27,3.4010e+27,48.3,50.2,0.4,1.1,6.2729e+29,6.1180e+29,8.5070e+27,6.9790e+27,2.2652e+28,0.0000e+00,97.5,1.4,1.1,3.4075e+28,0.0543
100,6.3352e+29,3.0990e+29,3.1404e+29,2.6560e+27,6.9260e+27,2.5843e+29,5.1476e+28,1.9581e+29,1.1823e+29,1.5270e+27,1.1290e+27,3.4270e+27,3.4990e+27,48.9,49.6,0.4,1.1,6.3342e+29,6.1819e+29,8.4980e+27,6.7410e+27,2.2423e+28,0.0000e+00,97.6,1.3,1.1,3.4109e+28,0.0538
101,6.4191e+29,3.1772e+29,3.1452e+29,2.7120e+27,6.9590e+27,2.6668e+29,5.1032e+28,1.9814e+29,1.1638e+29,1.4940e+27,1.2180e+27,3.4850e+27,3.4740e+27,49.5,49.0,0.4,1.1,6.4160e+29,6.2630e+29,8.4690e+27,6.8320e+27,2.2299e+28,0.0000e+00,97.6,1.3,1.1,3.3932e+28,0.0529
102,6.5343e+29,3.2623e+29,3.1746e+29,2.7900e+27,6.9500e+27,2.7491e+29,5.1324e+28,2.0393e+29,1.1352e+29,1.5430e+27,1.2470e+27,3.5180e+27,3.4320e+27,49.9,48.6,0.4,1.1,6.5352e+29,6.3826e+29,8.5160e+27,6.7450e+27,2.2173e+28,0.0000e+00,97.7,1.3,1.0,3.3877e+28,0.0518
103,6.6438e+29,3.3296e+29,3.2162e+29,2.8370e+27,6.9530e+27,2.8197e+29,5.0988e+28,2.0962e+29,1.1201e+29,1.5220e+27,1.3150e+27,3.4450e+27,3.5080e+27,50.1,48.4,0.4,1.0,6.6432e+29,6.4855e+29,8.9490e+27,6.8240e+27,2.2045e+28,0.0000e+00,97.6,1.3,1.0,3.3369e+28,0.0502
104,6.7342e+29,3.3753e+29,3.2613e+29,2.8430e+27,6.9150e+27,2.8713e+29,5.0400e+28,2.1514e+29,1.1099e+29,1.5470e+27,1.2960e+27,3.4270e+27,3.4880e+27,50.1,48.4,0.4,1.0,6.7335e+29,6.5775e+29,8.8160e+27,6.7920e+27,2.1718e+28,0.0000e+00,97.7,1.3,1.0,3.3304e+28,0.0495
105,6.8609e+29,3.4603e+29,3.3016e+29,2.9250e+27,6.9680e+27,2.9513e+29,5.0905e+28,2.1912e+29,1.1105e+29,1.5980e+27,1.3270e+27,3.4760e+27,3.4920e+27,50.4,48.1,0.4,1.0,6.8579e+29,6.6987e+29,9.0100e+27,6.9170e+27,2.1688e+28,0.0000e+00,97.7,1.3,1.0,3.3382e+28,0.0487
106,6.9921e+29,3.5338e+29,3.3588e+29,2.9960e+27,6.9550e+27,3.0090e+29,5.2479e+28,2.1828e+29,1.1760e+29,1.7490e+27,1.2470e+27,3.5220e+27,3.4330e+27,50.5,48.0,0.4,1.0,6.9899e+29,6.8302e+29,9.2050e+27,6.7640e+27,2.1462e+28,0.0000e+00,97.7,1.3,1.0,3.3125e+28,0.0474
107,7.1301e+29,3.6355e+29,3.3953e+29,2.9640e+27,6.9660e+27,3.1049e+29,5.3057e+28,2.2374e+29,1.1579e+29,1.7090e+27,1.2550e+27,3.4710e+27,3.4950e+27,51.0,47.6,0.4,1.0,7.1271e+29,6.9651e+29,9.2590e+27,6.9440e+27,2.1333e+28,0.0000e+00,97.7,1.3,1.0,3.3211e+28,0.0466
108,7.2098e+29,3.7094e+29,3.4006e+29,3.0360e+27,6.9470e+27,3.1831e+29,5.2630e+28,2.2743e+29,1.1263e+29,1.7810e+27,1.2550e+27,3.5220e+27,3.4250e+27,51.4,47.2,0.4,1.0,7.2109e+29,7.0508e+29,9.1470e+27,6.8600e+27,2.1110e+28,0.0000e+00,97.8,1.3,1.0,3.2961e+28,0.0457
109,7.3343e+29,3.8176e+29,3.4157e+29,3.0930e+27,7.0010e+27,3.2891e+29,5.2858e+28,2.3131e+29,1.1026e+29,1.7460e+27,1.3470e+27,3.5810e+27,3.4200e+27,52.1,46.6,0.4,1.0,7.3336e+29,7.1734e+29,9.3860e+27,6.6370e+27,2.1073e+28,0.0000e+00,97.8,1.3,0.9,3.2766e+28,0.0447
110,7.3888e+29,3.8773e+29,3.4115e+29,3.0610e+27,6.9370e+27,3.3540e+29,5.2332e+28,2.3366e+29,1.0749e+29,1.8170e+27,1.2440e+27,3.4830e+27,3.4540e+27,52.5,46.2,0.4,0.9,7.3857e+29,7.2237e+29,9.6190e+27,6.5820e+27,2.0761e+28,0.0000e+00,97.8,1.3,0.9,3.2713e+28,0.0443
111,7.5294e+29,3.9792e+29,3.4490e+29,3.1360e+27,6.9840e+27,3.4633e+29,5.1590e+28,2.3985e+29,1.0505e+29,1.8060e+27,1.3300e+27,3.4550e+27,3.5290e+27,52.8,45.8,0.4,0.9,7.5289e+29,7.3684e+29,9.3780e+27,6.6760e+27,2.0723e+28,0.0000e+00,97.9,1.2,0.9,3.2787e+28,0.0435
112,7.6476e+29,4.0462e+29,3.5000e+29,3.1710e+27,6.9690e+27,3.5293e+29,5.1688e+28,2.4524e+29,1.0477e+29,1.8430e+27,1.3280e+27,3.4950e+27,3.4740e+27,52.9,45.8,0.4,0.9,7.6463e+29,7.4836e+29,9.8130e+27,6.4570e+27,2.0505e+28,0.0000e+00,97.9,1.3,0.8,3.2863e+28,0.0430
113,7.8152e+29,4.1389e+29,3.5741e+29,3.2410e+27,6.9790e+27,3.6177e+29,5.2118e+28,2.5199e+29,1.0543e+29,1.8420e+27,1.3990e+27,3.4540e+27,3.5250e+27,53.0,45.7,0.4,0.9,7.8120e+29,7.6485e+29,9.9360e+27,6.4100e+27,2.0377e+28,0.0000e+00,97.9,1.3,0.8,3.3258e+28,0.0426
114,7.9573e+29,4.2188e+29,3.6342e+29,3.4820e+27,6.9520e+27,3.6774e+29,5.4135e+28,2.5292e+29,1.1049e+29,2.1500e+27,1.3320e+27,3.5060e+27,3.4460e+27,53.0,45.7,0.4,0.9,7.9579e+29,7.7923e+29,1.0128e+28,6.4320e+27,2.0164e+28,0.0000e+00,97.9,1.3,0.8,3.3073e+28,0.0416
115,8.1558e+29,4.3292e+29,3.7227e+29,3.4040e+27,6.9820e+27,3.7809e+29,5.4835e+28,2.6252e+29,1.0975e+29,2.0560e+27,1.3480e+27,3.4610e+27,3.5210e+27,53.1,45.6,0.4,0.9,8.1510e+29,7.9861e+29,1.0068e+28,6.4270e+27,2.0038e+28,0.0000e+00,98.0,1.2,0.8,3.3237e+28,0.0408
116,8.3174e+29,4.4270e+29,3.7846e+29,3.5950e+27,6.9810e+27,3.8856e+29,5.4145e+28,2.7198e+29,1.0649e+29,2.1670e+27,1.4280e+27,3.5340e+27,3.4470e+27,53.2,45.5,0.4,0.8,8.3177e+29,8.1484e+29,1.0457e+28,6.4660e+27,1.9912e+28,0.0000e+00,98.0,1.3,0.8,3.2953e+28,0.0396
117,8.4407e+29,4.5155e+29,3.8206e+29,3.4570e+27,6.9960e+27,3.9804e+29,5.3511e+28,2.7710e+29,1.0496e+29,2.0930e+27,1.3640e+27,3.4290e+27,3.5670e+27,53.5,45.3,0.4,0.8,8.4383e+29,8.2701e+29,1.0558e+28,6.2620e+27,1.9786e+28,0.0000e+00,98.0,1.3,0.7,3.3098e+28,0.0392
118,8.5440e+29,4.6132e+29,3.8256e+29,3.5530e+27,6.9670e+27,4.0754e+29,5.3784e+28,2.8035e+29,1.0221e+29,2.0930e+27,1.4600e+27,3.4760e+27,3.4910e+27,54.0,44.8,0.4,0.8,8.5425e+29,8.3748e+29,1.0530e+28,6.2420e+27,1.9581e+28,0.0000e+00,98.0,1.2,0.7,3.3322e+28,0.0390
119,8.6920e+29,4.7021e+29,3.8838e+29,3.6190e+27,6.9880e+27,4.1700e+29,5.3215e+28,2.8751e+29,1.0087e+29,2.1690e+27,1.4500e+27,3.4930e+27,3.4950e+27,54.1,44.7,0.4,0.8,8.6921e+29,8.5216e+29,1.0848e+28,6.2070e+27,1.9459e+28,0.0000e+00,98.0,1.2,0.7,3.3351e+28,0.0384
120,8.8300e+29,4.7891e+29,3.9334e+29,3.7530e+27,6.9950e+27,4.2557e+29,5.3346e+28,2.9212e+29,1.0122e+29,2.2680e+27,1.4850e+27,3.4920e+27,3.5030e+27,54.2,44.5,0.4,0.8,8.8258e+29,8.6567e+29,1.0928e+28,5.9800e+27,1.9337e+28,0.0000e+00,98.1,1.2,0.7,3.3315e+28,0.0377
121,8.9915e+29,4.8768e+29,4.0046e+29,4.0410e+27,6.9740e+27,4.3177e+29,5.5903e+28,2.9395e+29,1.0650e+29,2.5730e+27,1.4680e+27,3.5020e+27,3.4720e+27,54.2,44.5,0.4,0.8,8.9890e+29,8.8166e+29,1.1165e+28,6.0670e+27,1.9139e+28,0.0000e+00,98.1,1.2,0.7,3.3471e+28,0.0372
122,9.2378e+29,5.0043e+29,4.1225e+29,4.1030e+27,6.9960e+27,4.4429e+29,5.6134e+28,3.0720e+29,1.0506e+29,2.6760e+27,1.4270e+27,3.5180e+27,3.4780e+27,54.2,44.6,0.4,0.8,9.2350e+29,9.0619e+29,1.1161e+28,6.1440e+27,1.9021e+28,0.0000e+00,98.1,1.2,0.7,3.3704e+28,0.0365
123,9.4376e+29,5.1156e+29,4.2113e+29,4.0490e+27,7.0110e+27,4.5584e+29,5.5722e+28,3.1920e+29,1.0194e+29,2.5670e+27,1.4820e+27,3.5840e+27,3.4270e+27,54.2,44.6,0.4,0.7,9.4353e+29,9.2618e+29,1.1314e+28,6.0380e+27,1.8904e+28,0.0000e+00,98.2,1.2,0.6,3.4051e+28,0.0361
124,9.6350e+29,5.2245e+29,4.2991e+29,4.1330e+27,7.0160e+27,4.6664e+29,5.5806e+28,3.2822e+29,1.0169e+29,2.5760e+27,1.5570e+27,3.4710e+27,3.5450e+27,54.2,44.6,0.4,0.7,9.6323e+29,9.4557e+29,1.1632e+28,6.0270e+27,1.8788e+28,0.0000e+00,98.2,1.2,0.6,3.4364e+28,0.0357
125,9.7442e+29,5.3156e+29,4.3154e+29,4.3230e+27,6.9970e+27,4.7621e+29,5.5350e+28,3.3274e+29,9.8806e+28,2.7140e+27,1.6090e+27,3.4460e+27,3.5510e+27,54.6,44.3,0.4,0.7,9.7406e+29,9.5653e+29,1.1641e+28,5.8920e+27,1.8601e+28,0.0000e+00,98.2,1.2,0.6,3.4676e+28,0.0356
126,9.9183e+29,5.4199e+29,4.3867e+29,4.1650e+27,7.0070e+27,4.8662e+29,5.5362e+28,3.4214e+29,9.6533e+28,2.6020e+27,1.5630e+27,3.4730e+27,3.5340e+27,54.6,44.2,0.4,0.7,9.9174e+29,9.7417e+29,1.1966e+28,5.6020e+27,1.8490e+28,0.0000e+00,98.2,1.2,0.6,3.5106e+28,0.0354
127,1.0088e+30,5.5042e+29,4.4642e+29,4.9270e+27,6.9890e+27,4.9178e+29,5.8646e+28,3.3950e+29,1.0691e+29,3.2800e+27,1.6470e+27,3.4770e+27,3.5120e+27,54.6,44.3,0.5,0.7,1.0086e+30,9.9057e+29,1.2204e+28,5.8580e+27,1.8309e+28,0.0000e+00,98.2,1.2,0.6,3.5009e+28,0.0347
128,1.0338e+30,5.6319e+29,4.5859e+29,5.0000e+27,7.0090e+27,5.0449e+29,5.8709e+28,3.5288e+29,1.0571e+29,3.3810e+27,1.6190e+27,3.5360e+27,3.4730e+27,54.5,44.4,0.5,0.7,1.0332e+30,1.0153e+30,1.2176e+28,5.7740e+27,1.8203e+28,0.0000e+00,98.3,1.2,0.6,3.5394e+28,0.0343
129,1.0600e+30,5.7577e+29,4.7222e+29,5.0090e+27,7.0150e+27,5.1691e+29,5.8859e+28,3.6954e+29,1.0268e+29,3.3630e+27,1.6460e+27,3.5610e+27,3.4540e+27,54.3,44.5,0.5,0.7,1.0599e+30,1.0415e+30,1.2628e+28,5.7290e+27,1.8098e+28,0.0000e+00,98.3,1.2,0.5,3.6581e+28,0.0345
130,1.0825e+30,5.8759e+29,4.8276e+29,5.1350e+27,7.0210e+27,5.2874e+29,5.8845e+28,3.8230e+29,1.0046e+29,3.4660e+27,1.6690e+27,3.5420e+27,3.4790e+27,54.3,44.6,0.5,0.6,1.0822e+30,1.0638e+30,1.2770e+28,5.5500e+27,1.7995e+28,0.0000e+00,98.3,1.2,0.5,3.6281e+28,0.0335
131,1.0995e+30,5.9701e+29,4.9022e+29,5.2540e+27,6.9990e+27,5.3889e+29,5.8125e+28,3.9168e+29,9.8542e+28,3.4930e+27,1.7610e+27,3.5690e+27,3.4300e+27,54.3,44.6,0.5,0.6,1.0992e+30,1.0809e+30,1.2958e+28,5.3440e+27,1.7827e+28,0.0000e+00,98.3,1.2,0.5,3.7251e+28,0.0339
132,1.1171e+30,6.0771e+29,4.9709e+29,5.2940e+27,7.0160e+27,5.4913e+29,5.8588e+28,3.9838e+29,9.8708e+28,3.6020e+27,1.6920e+27,3.5450e+27,3.4710e+27,54.4,44.5,0.5,0.6,1.1167e+30,1.0982e+30,1.3132e+28,5.3480e+27,1.7729e+28,0.0000e+00,98.3,1.2,0.5,3.7848e+28,0.0339
133,1.1442e+30,6.2116e+29,5.0982e+29,6.2210e+27,7.0210e+27,5.5866e+29,6.2506e+28,4.0145e+29,1.0838e+29,4.4160e+27,1.8050e+27,3.5780e+27,3.4430e+27,54.3,44.6,0.5,0.6,1.1440e+30,1.1252e+30,1.3299e+28,5.4350e+27,1.7633e+28,0.0000e+00,98.4,1.2,0.5,3.8980e+28,0.0341
134,1.1666e+30,6.3141e+29,5.2197e+29,6.1910e+27,7.0130e+27,5.6969e+29,6.1726e+28,4.1647e+29,1.0550e+29,4.3990e+27,1.7920e+27,3.5190e+27,3.4940e+27,54.1,44.7,0.5,0.6,1.1663e+30,1.1474e+30,1.3584e+28,5.3900e+27,1.7475e+28,0.0000e+00,98.4,1.2,0.5,3.9107e+28,0.0335
135,1.1926e+30,6.4253e+29,5.3683e+29,6.2850e+27,6.9930e+27,5.8046e+29,6.2073e+28,4.3204e+29,1.0478e+29,4.4050e+27,1.8800e+27,3.4540e+27,3.5390e+27,53.9,45.0,0.5,0.6,1.1920e+30,1.1728e+30,1.3853e+28,5.3400e+27,1.7322e+28,0.0000e+00,98.4,1.2,0.4,4.0169e+28,0.0337
136,1.2250e+30,6.5753e+29,5.5411e+29,6.2770e+27,7.0510e+27,5.9530e+29,6.2223e+28,4.5070e+29,1.0341e+29,4.4040e+27,1.8730e+27,3.4950e+27,3.5560e+27,53.7,45.2,0.5,0.6,1.2247e+30,1.2051e+30,1.4318e+28,5.2370e+27,1.7299e+28,0.0000e+00,98.4,1.2,0.4,4.1184e+28,0.0336
137,1.2452e+30,6.6821e+29,5.6349e+29,6.4850e+27,7.0180e+27,6.0601e+29,6.2202e+28,4.6337e+29,1.0012e+29,4.5070e+27,1.9780e+27,3.4950e+27,3.5230e+27,53.7,45.3,0.5,0.6,1.2451e+30,1.2255e+30,1.4575e+28,5.0220e+27,1.7151e+28,0.0000e+00,98.4,1.2,0.4,4.1769e+28,0.0335
138,1.2672e+30,6.7854e+29,5.7405e+29,7.5680e+27,7.0190e+27,6.1206e+29,6.6481e+28,4.6431e+29,1.0974e+29,5.5610e+27,2.0070e+27,3.4880e+27,3.5310e+27,53.5,45.3,0.6,0.6,1.2667e+30,1.2468e+30,1.4838e+28,5.0100e+27,1.7009e+28,0.0000e+00,98.4,1.2,0.4,4.2991e+28,0.0339
139,1.2978e+30,6.9196e+29,5.9094e+29,7.8380e+27,7.0300e+27,6.2524e+29,6.6722e+28,4.7942e+29,1.1152e+29,5.8110e+27,2.0270e+27,3.5630e+27,3.4670e+27,53.3,45.5,0.6,0.5,1.2974e+30,1.2771e+30,1.5095e+28,5.1400e+27,1.6931e+28,0.0000e+00,98.4,1.2,0.4,4.4162e+28,0.0340
140,1.3321e+30,7.0785e+29,6.0944e+29,7.7310e+27,7.0410e+27,6.3981e+29,6.8039e+28,4.9851e+29,1.1093e+29,5.6590e+27,2.0720e+27,3.5290e+27,3.5120e+27,53.1,45.8,0.6,0.5,1.3313e+30,1.3108e+30,1.5387e+28,5.0860e+27,1.6856e+28,0.0000e+00,98.5,1.2,0.4,4.6005e+28,0.0346
141,1.3611e+30,7.1927e+29,6.2663e+29,8.1270e+27,7.0330e+27,6.5150e+29,6.7770e+28,5.1733e+29,1.0930e+29,5.8760e+27,2.2510e+27,3.5850e+27,3.4480e+27,52.8,46.0,0.6,0.5,1.3608e+30,1.3401e+30,1.5834e+28,4.8910e+27,1.6724e+28,0.0000e+00,98.5,1.2,0.4,4.6708e+28,0.0343
142,1.3894e+30,7.3157e+29,6.4283e+29,8.0020e+27,7.0270e+27,6.6386e+29,6.7713e+28,5.3462e+29,1.0822e+29,5.7570e+27,2.2450e+27,3.5110e+27,3.5160e+27,52.7,46.3,0.6,0.5,1.3887e+30,1.3679e+30,1.6060e+28,4.8170e+27,1.6597e+28,0.0000e+00,98.5,1.2,0.3,4.8278e+28,0.0348
143,1.4221e+30,7.4521e+29,6.6028e+29,9.5320e+27,7.0400e+27,6.7199e+29,7.3216e+28,5.4118e+29,1.1910e+29,7.0960e+27,2.4360e+27,3.6000e+27,3.4400e+27,52.4,46.4,0.7,0.5,1.4216e+30,1.4001e+30,1.6509e+28,4.9280e+27,1.6532e+28,0.0000e+00,98.5,1.2,0.3,4.9844e+28,0.0351
144,1.4601e+30,7.6207e+29,6.8094e+29,1.0048e+28,7.0520e+27,6.8666e+29,7.5411e+28,5.5768e+29,1.2326e+29,7.5280e+27,2.5200e+27,3.5110e+27,3.5410e+27,52.2,46.6,0.7,0.5,1.4596e+30,1.4378e+30,1.6877e+28,4.9250e+27,1.6470e+28,0.0000e+00,98.5,1.2,0.3,5.1510e+28,0.0353
145,1.4929e+30,7.7544e+29,7.0051e+29,9.9480e+27,7.0370e+27,6.9982e+29,7.5623e+28,5.7871e+29,1.2180e+29,7.3910e+27,2.5570e+27,3.4930e+27,3.5440e+27,51.9,46.9,0.7,0.5,1.4920e+30,1.4698e+30,1.7329e+28,4.8490e+27,1.6354e+28,0.0000e+00,98.5,1.2,0.3,5.3610e+28,0.0359
146,1.5289e+30,7.8743e+29,7.2435e+29,1.0045e+28,7.0300e+27,7.1211e+29,7.5327e+28,6.0388e+29,1.2047e+29,7.5320e+27,2.5130e+27,3.5030e+27,3.5270e+27,51.5,47.4,0.7,0.5,1.5287e+30,1.5065e+30,1.7654e+28,4.5540e+27,1.6243e+28,0.0000e+00,98.5,1.2,0.3,5.5756e+28,0.0365
147,1.5664e+30,8.0296e+29,7.4620e+29,1.0201e+28,7.0660e+27,7.2715e+29,7.5807e+28,6.2699e+29,1.1921e+29,7.5290e+27,2.6720e+27,3.5460e+27,3.5200e+27,51.3,47.6,0.7,0.5,1.5657e+30,1.5432e+30,1.8030e+28,4.4600e+27,1.6192e+28,0.0000e+00,98.6,1.2,0.3,5.8141e+28,0.0371
148,1.6038e+30,8.1736e+29,7.6670e+29,1.2711e+28,7.0480e+27,7.3272e+29,8.4646e+28,6.2810e+29,1.3861e+29,9.7960e+27,2.9150e+27,3.4890e+27,3.5590e+27,51.0,47.8,0.8,0.4,1.6030e+30,1.5796e+30,1.8678e+28,4.7030e+27,1.6089e+28,0.0000e+00,98.5,1.2,0.3,5.9796e+28,0.0373
149,1.6371e+30,8.3132e+29,7.8626e+29,1.2495e+28,7.0490e+27,7.4563e+29,8.5688e+28,6.4771e+29,1.3855e+29,9.6090e+27,2.8860e+27,3.4800e+27,3.5690e+27,50.8,48.0,0.8,0.4,1.6367e+30,1.6127e+30,1.9155e+28,4.7710e+27,1.5990e+28,0.0000e+00,98.5,1.2,0.3,6.2374e+28,0.0381
150,1.6800e+30,8.4661e+29,8.1377e+29,1.2545e+28,7.0380e+27,7.6006e+29,8.6556e+28,6.7560e+29,1.3817e+29,9.5470e+27,2.9980e+27,3.4730e+27,3.5650e+27,50.4,48.4,0.7,0.4,1.6790e+30,1.6548e+30,1.9630e+28,4.5640e+27,1.5896e+28,0.0000e+00,98.6,1.2,0.3,6.5202e+28,0.0388
151,1.7232e+30,8.6363e+29,8.3977e+29,1.2746e+28,7.0590e+27,7.7625e+29,8.7387e+28,7.0221e+29,1.3756e+29,9.6500e+27,3.0960e+27,3.4770e+27,3.5820e+27,50.1,48.7,0.7,0.4,1.7226e+30,1.6983e+30,1.9993e+28,4.2950e+27,1.5860e+28,0.0000e+00,98.6,1.2,0.2,6.6980e+28,0.0389
152,1.7645e+30,8.7727e+29,8.6630e+29,1.3849e+28,7.0580e+27,7.8646e+29,9.0807e+28,7.2230e+29,1.4401e+29,1.0483e+28,3.3660e+27,3.5370e+27,3.5210e+27,49.7,49.1,0.8,0.4,1.7638e+30,1.7390e+30,2.0667e+28,4.1940e+27,1.5774e+28,0.0000e+00,98.6,1.2,0.2,6.9377e+28,0.0393
153,1.8049e+30,8.9225e+29,8.8994e+29,1.5622e+28,7.0520e+27,7.9305e+29,9.9202e+28,7.2721e+29,1.6273e+29,1.2055e+28,3.5670e+27,3.5680e+27,3.4840e+27,49.4,49.3,0.9,0.4,1.8043e+30,1.7787e+30,2.0900e+28,4.7030e+27,1.5693e+28,0.0000e+00,98.6,1.2,0.3,7.2105e+28,0.0400
154,1.8507e+30,9.1038e+29,9.1769e+29,1.5584e+28,7.0840e+27,8.1006e+29,1.0032e+29,7.5614e+29,1.6155e+29,1.1906e+28,3.6780e+27,3.6930e+27,3.3910e+27,49.2,49.6,0.8,0.4,1.8502e+30,1.8242e+30,2.1634e+28,4.3560e+27,1.5669e+28,0.0000e+00,98.6,1.2,0.2,7.5573e+28,0.0408
155,1.8875e+30,9.2261e+29,9.4217e+29,1.5694e+28,7.0460e+27,8.2120e+29,1.0140e+29,7.7926e+29,1.6291e+29,1.1954e+28,3.7400e+27,3.5080e+27,3.5380e+27,48.9,49.9,0.8,0.4,1.8866e+30,1.8604e+30,2.2019e+28,4.1650e+27,1.5544e+28,0.0000e+00,98.6,1.2,0.2,7.7343e+28,0.0410
156,1.9377e+30,9.4045e+29,9.7452e+29,1.5680e+28,7.0770e+27,8.3818e+29,1.0227e+29,8.1168e+29,1.6283e+29,1.1806e+28,3.8740e+27,3.5400e+27,3.5370e+27,48.5,50.3,0.8,0.4,1.9370e+30,1.9101e+30,2.2759e+28,4.1080e+27,1.5528e+28,0.0000e+00,98.6,1.2,0.2,8.0460e+28,0.0415
157,1.9760e+30,9.5228e+29,9.9817e+29,1.8544e+28,7.0510e+27,8.3707e+29,1.1521e+29,8.0818e+29,1.8999e+29,1.4355e+28,4.1890e+27,3.5260e+27,3.5250e+27,48.2,50.5,0.9,0.4,1.9748e+30,1.9473e+30,2.3340e+28,4.2390e+27,1.5413e+28,0.0000e+00,98.6,1.2,0.2,8.2752e+28,0.0419
158,2.0262e+30,9.7145e+29,1.0288e+30,1.8943e+28,7.0670e+27,8.5253e+29,1.1892e+29,8.3421e+29,1.9457e+29,1.4499e+28,4.4440e+27,3.4770e+27,3.5900e+27,47.9,50.8,0.9,0.3,2.0257e+30,1.9976e+30,2.3829e+28,4.2990e+27,1.5405e+28,0.0000e+00,98.6,1.2,0.2,8.6604e+28,0.0428
159,2.0700e+30,9.8693e+29,1.0571e+30,1.8833e+28,7.0720e+27,8.6720e+29,1.1973e+29,8.6301e+29,1.9414e+29,1.4292e+28,4.5410e+27,3.4970e+27,3.5750e+27,47.7,51.1,0.9,0.3,2.0693e+30,2.0409e+30,2.4139e+28,4.1740e+27,1.5351e+28,0.0000e+00,98.6,1.2,0.2,8.8598e+28,0.0428
160,2.1061e+30,9.9914e+29,1.0810e+30,1.8923e+28,7.0440e+27,8.7831e+29,1.2083e+29,8.8890e+29,1.9214e+29,1.4254e+28,4.6690e+27,3.5080e+27,3.5360e+27,47.4,51.3,0.9,0.3,2.1057e+30,2.0769e+30,2.4899e+28,3.9750e+27,1.5251e+28,0.0000e+00,98.6,1.2,0.2,9.0704e+28,0.0431
161,2.1502e+30,1.0127e+30,1.1095e+30,2.0920e+28,7.0480e+27,8.8220e+29,1.3049e+29,8.9816e+29,2.1136e+29,1.5891e+28,5.0290e+27,3.5470e+27,3.5010e+27,47.1,51.6,1.0,0.3,2.1489e+30,2.1194e+30,2.5345e+28,4.1440e+27,1.5206e+28,0.0000e+00,98.6,1.2,0.2,9.4176e+28,0.0438
162,2.1983e+30,1.0313e+30,1.1377e+30,2.2242e+28,7.0880e+27,8.9053e+29,1.4074e+29,9.0852e+29,2.2922e+29,1.6980e+28,5.2620e+27,3.5110e+27,3.5770e+27,46.9,51.8,1.0,0.3,2.1978e+30,2.1676e+30,2.5788e+28,4.4270e+27,1.5215e+28,0.0000e+00,98.6,1.2,0.2,9.7048e+28,0.0442
163,2.2343e+30,1.0429e+30,1.1618e+30,2.2433e+28,7.0660e+27,9.0150e+29,1.4144e+29,9.3323e+29,2.2861e+29,1.6921e+28,5.5120e+27,3.4730e+27,3.5930e+27,46.7,52.0,1.0,0.3,2.2338e+30,2.2033e+30,2.6206e+28,4.2620e+27,1.5130e+28,0.0000e+00,98.6,1.2,0.2,9.8548e+28,0.0441
164,2.2696e+30,1.0542e+30,1.1866e+30,2.1819e+28,7.0510e+27,9.1193e+29,1.4223e+29,9.6030e+29,2.2632e+29,1.6407e+28,5.4120e+27,3.5870e+27,3.4640e+27,46.4,52.3,1.0,0.3,2.2690e+30,2.2384e+30,2.6522e+28,4.0540e+27,1.5050e+28,0.0000e+00,98.7,1.2,0.2,1.0119e+29,0.0446
165,2.3192e+30,1.0714e+30,1.2174e+30,2.3324e+28,7.0840e+27,9.2133e+29,1.5008e+29,9.7791e+29,2.3947e+29,1.7498e+28,5.8260e+27,3.5580e+27,3.5260e+27,46.2,52.5,1.0,0.3,2.3184e+30,2.2871e+30,2.7195e+28,4.0630e+27,1.5072e+28,0.0000e+00,98.7,1.2,0.2,1.0426e+29,0.0450
166,2.3506e+30,1.0808e+30,1.2373e+30,2.5470e+28,7.0740e+27,9.1618e+29,1.6463e+29,9.6806e+29,2.6923e+29,1.9167e+28,6.3030e+27,3.5310e+27,3.5430e+27,46.0,52.6,1.1,0.3,2.3504e+30,2.3186e+30,2.7443e+28,4.3950e+27,1.5002e+28,0.0000e+00,98.6,1.2,0.2,1.0619e+29,0.0452
167,2.3905e+30,1.0959e+30,1.2622e+30,2.5258e+28,7.0770e+27,9.2959e+29,1.6629e+29,9.9676e+29,2.6548e+29,1.8989e+28,6.2690e+27,3.5240e+27,3.5530e+27,45.8,52.8,1.1,0.3,2.3896e+30,2.3574e+30,2.7859e+28,4.3220e+27,1.4985e+28,0.0000e+00,98.7,1.2,0.2,1.0884e+29,0.0455
168,2.4201e+30,1.1058e+30,1.2824e+30,2.4911e+28,7.0690e+27,9.3944e+29,1.6635e+29,1.0202e+30,2.6222e+29,1.8517e+28,6.3940e+27,3.5680e+27,3.5010e+27,45.7,53.0,1.0,0.3,2.4197e+30,2.3873e+30,2.8129e+28,4.2710e+27,1.4925e+28,0.0000e+00,98.7,1.2,0.2,1.1191e+29,0.0463
169,2.4585e+30,1.1173e+30,1.3088e+30,2.5336e+28,7.0810e+27,9.4645e+29,1.7081e+29,1.0404e+30,2.6841e+29,1.8598e+28,6.7380e+27,3.5220e+27,3.5590e+27,45.4,53.2,1.0,0.3,2.4578e+30,2.4253e+30,2.8400e+28,4.1480e+27,1.4918e+28,0.0000e+00,98.7,1.2,0.2,1.1476e+29,0.0467
170,2.4889e+30,1.1265e+30,1.3273e+30,2.8150e+28,7.0440e+27,9.3477e+29,1.9173e+29,1.0170e+30,3.1028e+29,2.0985e+28,7.1650e+27,3.5920e+27,3.4520e+27,45.3,53.3,1.1,0.3,2.4885e+30,2.4548e+30,2.9056e+28,4.5900e+27,1.4868e+28,0.0000e+00,98.6,1.2,0.2,1.1686e+29,0.0470
171,2.5252e+30,1.1390e+30,1.3509e+30,2.8204e+28,7.0790e+27,9.4560e+29,1.9342e+29,1.0434e+30,3.0758e+29,2.0806e+28,7.3980e+27,3.4950e+27,3.5840e+27,45.1,53.5,1.1,0.3,2.5246e+30,2.4909e+30,2.9195e+28,4.4680e+27,1.4870e+28,0.0000e+00,98.7,1.2,0.2,1.1895e+29,0.0471
172,2.5493e+30,1.1477e+30,1.3668e+30,2.7711e+28,7.0720e+27,9.5425e+29,1.9347e+29,1.0646e+30,3.0215e+29,2.0249e+28,7.4620e+27,3.5300e+27,3.5420e+27,45.0,53.6,1.1,0.3,2.5488e+30,2.5148e+30,2.9636e+28,4.3610e+27,1.4830e+28,0.0000e+00,98.7,1.2,0.2,1.2241e+29,0.0480
173,2.5838e+30,1.1586e+30,1.3906e+30,2.7468e+28,7.0800e+27,9.6456e+29,1.9407e+29,1.0907e+30,2.9992e+29,1.9979e+28,7.4890e+27,3.5320e+27,3.5480e+27,44.8,53.8,1.1,0.3,2.5830e+30,2.5482e+30,3.0420e+28,4.4160e+27,1.4842e+28,0.0000e+00,98.7,1.2,0.2,1.2361e+29,0.0479
174,2.6122e+30,1.1668e+30,1.4073e+30,3.1063e+28,7.0770e+27,9.4621e+29,2.2059e+29,1.0543e+30,3.5296e+29,2.2823e+28,8.2400e+27,3.6140e+27,3.4630e+27,44.7,53.9,1.2,0.3,2.6122e+30,2.5769e+30,3.0493e+28,4.7720e+27,1.4812e+28,0.0000e+00,98.6,1.2,0.2,1.2591e+29,0.0482
175,2.6344e+30,1.1738e+30,1.4231e+30,3.0422e+28,7.0840e+27,9.5333e+29,2.2047e+29,1.0767e+30,3.4640e+29,2.2058e+28,8.3640e+27,3.5320e+27,3.5520e+27,44.6,54.0,1.2,0.3,2.6339e+30,2.5986e+30,3.0556e+28,4.7460e+27,1.4787e+28,0.0000e+00,98.7,1.2,0.2,1.2832e+29,0.0487
176,2.6543e+30,1.1799e+30,1.4376e+30,2.9788e+28,7.0580e+27,9.6007e+29,2.1978e+29,1.0973e+30,3.4027e+29,2.1350e+28,8.4380e+27,3.6020e+27,3.4560e+27,44.5,54.2,1.1,0.3,2.6539e+30,2.6184e+30,3.0853e+28,4.5630e+27,1.4767e+28,0.0000e+00,98.7,1.2,0.2,1.2952e+29,0.0488
177,2.6844e+30,1.1887e+30,1.4591e+30,2.9581e+28,7.0910e+27,9.6969e+29,2.1901e+29,1.1262e+30,3.3285e+29,2.1132e+28,8.4490e+27,3.5550e+27,3.5360e+27,44.3,54.4,1.1,0.3,2.6844e+30,2.6485e+30,3.1427e+28,4.4640e+27,1.4799e+28,0.0000e+00,98.7,1.2,0.2,1.3249e+29,0.0494
178,2.7022e+30,1.1905e+30,1.4714e+30,3.3263e+28,7.0650e+27,9.4393e+29,2.4654e+29,1.0813e+30,3.9011e+29,2.4022e+28,9.2410e+27,3.5050e+27,3.5600e+27,44.1,54.5,1.2,0.3,2.7013e+30,2.6650e+30,3.1422e+28,4.8540e+27,1.4742e+28,0.0000e+00,98.7,1.2,0.2,1.3363e+29,0.0495
179,2.7294e+30,1.2018e+30,1.4879e+30,3.2675e+28,7.0760e+27,9.5347e+29,2.4834e+29,1.1024e+30,3.8553e+29,2.3143e+28,9.5320e+27,3.6310e+27,3.4450e+27,44.0,54.5,1.2,0.3,2.7292e+30,2.6924e+30,3.1853e+28,5.0040e+27,1.4784e+28,0.0000e+00,98.6,1.2,0.2,1.3584e+29,0.0498
180,2.7382e+30,1.2016e+30,1.4980e+30,3.1608e+28,7.0670e+27,9.5595e+29,2.4560e+29,1.1206e+30,3.7737e+29,2.2265e+28,9.3430e+27,3.4170e+27,3.6500e+27,43.9,54.7,1.2,0.3,2.7378e+30,2.7008e+30,3.2126e+28,4.8510e+27,1.4737e+28,0.0000e+00,98.6,1.2,0.2,1.3723e+29,0.0501
181,2.7630e+30,1.2100e+30,1.5146e+30,3.1296e+28,7.0740e+27,9.6506e+29,2.4492e+29,1.1443e+30,3.7029e+29,2.1844e+28,9.4520e+27,3.5420e+27,3.5320e+27,43.8,54.8,1.1,0.3,2.7629e+30,2.7259e+30,3.2210e+28,4.7860e+27,1.4789e+28,0.0000e+00,98.7,1.2,0.2,1.3864e+29,0.0502
182,2.7722e+30,1.2097e+30,1.5210e+30,3.4418e+28,7.0620e+27,9.3844e+29,2.7125e+29,1.1008e+30,4.2022e+29,2.4365e+28,1.0053e+28,3.5020e+27,3.5600e+27,43.6,54.9,1.2,0.3,2.7714e+30,2.7340e+30,3.2464e+28,5.0010e+27,1.4752e+28,0.0000e+00,98.6,1.2,0.2,1.3952e+29,0.0503
183,2.7987e+30,1.2183e+30,1.5390e+30,3.4328e+28,7.0870e+27,9.4402e+29,2.7433e+29,1.1143e+30,4.2467e+29,2.4173e+28,1.0155e+28,3.5220e+27,3.5650e+27,43.5,55.0,1.2,0.3,2.7987e+30,2.7609e+30,3.2728e+28,5.0740e+27,1.4814e+28,0.0000e+00,98.6,1.2,0.2,1.4111e+29,0.0504
184,2.7981e+30,1.2164e+30,1.5415e+30,3.3152e+28,7.0800e+27,9.4623e+29,2.7016e+29,1.1305e+30,4.1091e+29,2.3113e+28,1.0039e+28,3.5170e+27,3.5630e+27,43.5,55.1,1.2,0.3,2.7980e+30,2.7609e+30,3.2243e+28,4.9030e+27,1.4787e+28,0.0000e+00,98.7,1.2,0.2,1.4236e+29,0.0509
185,2.8111e+30,1.2192e+30,1.5521e+30,3.2700e+28,7.0820e+27,9.5242e+29,2.6682e+29,1.1517e+30,4.0034e+29,2.2523e+28,1.0177e+28,3.5800e+27,3.5020e+27,43.4,55.2,1.2,0.3,2.8109e+30,2.7733e+30,3.2769e+28,4.7430e+27,1.4812e+28,0.0000e+00,98.7,1.2,0.2,1.4257e+29,0.0507
186,2.8165e+30,1.2183e+30,1.5561e+30,3.5069e+28,7.0680e+27,9.2663e+29,2.9168e+29,1.1100e+30,4.4612e+29,2.4402e+28,1.0667e+28,3.5170e+27,3.5510e+27,43.3,55.2,1.2,0.3,2.8164e+30,2.7786e+30,3.2916e+28,4.8930e+27,1.4795e+28,0.0000e+00,98.7,1.2,0.2,1.4298e+29,0.0508
187,2.8271e+30,1.2209e+30,1.5643e+30,3.4848e+28,7.0640e+27,9.2545e+29,2.9547e+29,1.1129e+30,4.5136e+29,2.3944e+28,1.0904e+28,3.5260e+27,3.5380e+27,43.2,55.3,1.2,0.2,2.8268e+30,2.7887e+30,3.2988e+28,5.0200e+27,1.4830e+28,0.0000e+00,98.7,1.2,0.2,1.4496e+29,0.0513
188,2.8337e+30,1.2221e+30,1.5704e+30,3.4157e+28,7.0860e+27,9.3076e+29,2.9130e+29,1.1302e+30,4.4020e+29,2.3377e+28,1.0780e+28,3.5080e+27,3.5780e+27,43.1,55.4,1.2,0.3,2.8337e+30,2.7955e+30,3.3298e+28,4.9460e+27,1.4870e+28,0.0000e+00,98.7,1.2,0.2,1.4413e+29,0.0509
189,2.8433e+30,1.2229e+30,1.5798e+30,3.3595e+28,7.0690e+27,9.3550e+29,2.8735e+29,1.1519e+30,4.2788e+29,2.2821e+28,1.0774e+28,3.5600e+27,3.5090e+27,43.0,55.6,1.2,0.2,2.8433e+30,2.8056e+30,3.2795e+28,4.8820e+27,1.4916e+28,0.0000e+00,98.7,1.2,0.2,1.4494e+29,0.0510
190,2.8331e+30,1.2157e+30,1.5751e+30,3.5204e+28,7.0570e+27,9.0891e+29,3.0680e+29,1.1101e+30,4.6496e+29,2.3882e+28,1.1322e+28,3.4780e+27,3.5790e+27,42.9,55.6,1.2,0.2,2.8328e+30,2.7949e+30,3.2907e+28,5.0200e+27,1.4870e+28,0.0000e+00,98.7,1.2,0.2,1.4477e+29,0.0511
191,2.8479e+30,1.2208e+30,1.5844e+30,3.5638e+28,7.0710e+27,9.0567e+29,3.1510e+29,1.1068e+30,4.7762e+29,2.4269e+28,1.1369e+28,3.4950e+27,3.5760e+27,42.9,55.6,1.3,0.2,2.8479e+30,2.8095e+30,3.3299e+28,5.1140e+27,1.4973e+28,0.0000e+00,98.7,1.2,0.2,1.4569e+29,0.0512
192,2.8413e+30,1.2165e+30,1.5828e+30,3.4945e+28,7.0790e+27,9.0782e+29,3.0870e+29,1.1189e+30,4.6384e+29,2.3527e+28,1.1418e+28,3.5110e+27,3.5680e+27,42.8,55.7,1.2,0.2,2.8413e+30,2.8035e+30,3.2748e+28,5.0460e+27,1.4985e+28,0.0000e+00,98.7,1.2,0.2,1.4569e+29,0.0513
193,2.8342e+30,1.2121e+30,1.5810e+30,3.4082e+28,7.0670e+27,9.0825e+29,3.0383e+29,1.1342e+30,4.4681e+29,2.2658e+28,1.1424e+28,3.5570e+27,3.5100e+27,42.8,55.8,1.2,0.2,2.8344e+30,2.7964e+30,3.3055e+28,4.9130e+27,1.5002e+28,0.0000e+00,98.7,1.2,0.2,1.4427e+29,0.0509
194,2.8255e+30,1.2067e+30,1.5767e+30,3.5032e+28,7.0640e+27,8.9033e+29,3.1636e+29,1.1047e+30,4.7204e+29,2.3094e+28,1.1938e+28,3.5180e+27,3.5460e+27,42.7,55.8,1.2,0.3,2.8255e+30,2.7878e+30,3.2740e+28,5.0100e+27,1.5024e+28,0.0000e+00,98.7,1.2,0.2,1.4388e+29,0.0509
195,2.8290e+30,1.2069e+30,1.5791e+30,3.5929e+28,7.0740e+27,8.7844e+29,3.2845e+29,1.0855e+30,4.9360e+29,2.4060e+28,1.1869e+28,3.4650e+27,3.6090e+27,42.7,55.8,1.3,0.3,2.8293e+30,2.7912e+30,3.2950e+28,5.1570e+27,1.5099e+28,0.0000e+00,98.7,1.2,0.2,1.4511e+29,0.0513
196,2.8131e+30,1.2025e+30,1.5687e+30,3.4880e+28,7.0640e+27,8.8019e+29,3.2227e+29,1.0932e+30,4.7553e+29,2.3026e+28,1.1854e+28,3.4650e+27,3.5990e+27,42.7,55.8,1.2,0.3,2.8131e+30,2.7756e+30,3.2406e+28,5.1250e+27,1.5130e+28,0.0000e+00,98.7,1.2,0.2,1.4485e+29,0.0515
197,2.7975e+30,1.1947e+30,1.5615e+30,3.4252e+28,7.0560e+27,8.8022e+29,3.1447e+29,1.1035e+30,4.5806e+29,2.2551e+28,1.1701e+28,3.5690e+27,3.4870e+27,42.7,55.8,1.2,0.3,2.7979e+30,2.7604e+30,3.2347e+28,5.1560e+27,1.5165e+28,0.0000e+00,98.7,1.2,0.2,1.4330e+29,0.0512
198,2.7927e+30,1.1915e+30,1.5598e+30,3.4314e+28,7.0890e+27,8.7363e+29,3.1791e+29,1.0956e+30,4.6418e+29,2.2285e+28,1.2029e+28,3.5620e+27,3.5270e+27,42.7,55.9,1.2,0.3,2.7927e+30,2.7558e+30,3.1903e+28,4.9800e+27,1.5256e+28,0.0000e+00,98.7,1.1,0.2,1.4319e+29,0.0513
199,2.7683e+30,1.1816e+30,1.5440e+30,3.5751e+28,7.0450e+27,8.4615e+29,3.3543e+29,1.0478e+30,4.9616e+29,2.3623e+28,1.2128e+28,3.5270e+27,3.5180e+27,42.7,55.8,1.3,0.3,2.7689e+30,2.7322e+30,3.1421e+28,5.2360e+27,1.5251e+28,0.0000e+00,98.7,1.1,0.2,1.4196e+29,0.0513
200,2.7537e+30,1.1775e+30,1.5342e+30,3.4835e+28,7.0710e+27,8.4971e+29,3.2781e+29,1.0569e+30,4.7739e+29,2.2778e+28,1.2057e+28,3.5200e+27,3.5510e+27,42.8,55.7,1.3,0.3,2.7542e+30,2.7174e+30,3.1289e+28,5.5100e+27,1.5351e+28,0.0000e+00,98.7,1.1,0.2,1.4185e+29,0.0515
201,2.7249e+30,1.1661e+30,1.5183e+30,3.3475e+28,7.0400e+27,8.4684e+29,3.1924e+29,1.0617e+30,4.5665e+29,2.1696e+28,1.1779e+28,3.5540e+27,3.4860e+27,42.8,55.7,1.2,0.3,2.7255e+30,2.6892e+30,3.1150e+28,5.1560e+27,1.5354e+28,0.0000e+00,98.7,1.1,0.2,1.3943e+29,0.0512
202,2.7076e+30,1.1601e+30,1.5075e+30,3.2966e+28,7.0670e+27,8.4884e+29,3.1125e+29,1.0671e+30,4.4038e+29,2.1168e+28,1.1798e+28,3.5730e+27,3.4940e+27,42.8,55.7,1.2,0.3,2.7081e+30,2.6720e+30,3.0805e+28,5.3420e+27,1.5464e+28,0.0000e+00,98.7,1.1,0.2,1.3887e+29,0.0513
203,2.6705e+30,1.1471e+30,1.4816e+30,3.4667e+28,7.0520e+27,8.1342e+29,3.3372e+29,9.9951e+29,4.8211e+29,2.2784e+28,1.1883e+28,3.4910e+27,3.5610e+27,43.0,55.5,1.3,0.3,2.6707e+30,2.6347e+30,3.0428e+28,5.5760e+27,1.5476e+28,0.0000e+00,98.7,1.1,0.2,1.3627e+29,0.0510
204,2.6509e+30,1.1430e+30,1.4669e+30,3.4027e+28,7.0760e+27,8.1553e+29,3.2746e+29,1.0006e+30,4.6625e+29,2.2210e+28,1.1817e+28,3.5020e+27,3.5740e+27,43.1,55.3,1.3,0.3,2.6517e+30,2.6154e+30,3.0639e+28,5.6450e+27,1.5596e+28,0.0000e+00,98.6,1.2,0.2,1.3483e+29,0.0508
205,2.6121e+30,1.1280e+30,1.4440e+30,3.3100e+28,7.0460e+27,8.1110e+29,3.1689e+29,1.0013e+30,4.4263e+29,2.1532e+28,1.1568e+28,3.5200e+27,3.5260e+27,43.2,55.3,1.3,0.3,2.6126e+30,2.5774e+30,2.9619e+28,5.6660e+27,1.5616e+28,0.0000e+00,98.6,1.1,0.2,1.3149e+29,0.0503
206,2.5806e+30,1.1168e+30,1.4248e+30,3.1878e+28,7.0660e+27,8.0887e+29,3.0795e+29,1.0033e+30,4.2144e+29,2.0422e+28,1.1456e+28,3.5460e+27,3.5200e+27,43.3,55.2,1.2,0.3,2.5810e+30,2.5459e+30,2.9488e+28,5.6130e+27,1.5693e+28,0.0000e+00,98.6,1.1,0.2,1.2990e+29,0.0503
207,2.5485e+30,1.1057e+30,1.4033e+30,3.2403e+28,7.0400e+27,7.9303e+29,3.1270e+29,9.7105e+29,4.3229e+29,2.0812e+28,1.1591e+28,3.5160e+27,3.5240e+27,43.4,55.1,1.3,0.3,2.5490e+30,2.5143e+30,2.9062e+28,5.6540e+27,1.5774e+28,0.0000e+00,98.6,1.1,0.2,1.2782e+29,0.0501
208,2.5137e+30,1.0942e+30,1.3796e+30,3.2813e+28,7.0580e+27,7.7606e+29,3.1817e+29,9.3766e+29,4.4198e+29,2.1313e+28,1.1500e+28,3.5520e+27,3.5060e+27,43.5,54.9,1.3,0.3,2.5147e+30,2.4802e+30,2.8395e+28,6.0260e+27,1.5860e+28,0.0000e+00,98.6,1.1,0.2,1.2544e+29,0.0499
209,2.4807e+30,1.0836e+30,1.3584e+30,3.1609e+28,7.0610e+27,7.7455e+29,3.0905e+29,9.3649e+29,4.2190e+29,2.0351e+28,1.1258e+28,3.5000e+27,3.5610e+27,43.7,54.8,1.3,0.3,2.4813e+30,2.4475e+30,2.7958e+28,5.8610e+27,1.5950e+28,0.0000e+00,98.6,1.1,0.2,1.2233e+29,0.0493
210,2.4341e+30,1.0670e+30,1.3291e+30,3.0856e+28,7.0550e+27,7.6913e+29,2.9791e+29,9.3008e+29,3.9905e+29,1.9730e+28,1.1126e+28,3.5190e+27,3.5360e+27,43.8,54.6,1.3,0.3,2.4349e+30,2.4015e+30,2.7274e+28,6.1120e+27,1.5990e+28,0.0000e+00,98.6,1.1,0.3,1.1931e+29,0.0490
211,2.3954e+30,1.0532e+30,1.3053e+30,2.9813e+28,7.0490e+27,7.6592e+29,2.8728e+29,9.2612e+29,3.7921e+29,1.8802e+28,1.1011e+28,3.5840e+27,3.4650e+27,44.0,54.5,1.2,0.3,2.3961e+30,2.3631e+30,2.6939e+28,6.0580e+27,1.6089e+28,0.0000e+00,98.6,1.1,0.3,1.1668e+29,0.0487
212,2.3633e+30,1.0423e+30,1.2832e+30,3.0754e+28,7.0470e+27,7.4069e+29,3.0158e+29,8.7858e+29,4.0464e+29,1.9908e+28,1.0846e+28,3.4930e+27,3.5540e+27,44.1,54.3,1.3,0.3,2.3639e+30,2.3309e+30,2.6609e+28,6.4090e+27,1.6192e+28,0.0000e+00,98.6,1.1,0.3,1.1450e+29,0.0484
213,2.3157e+30,1.0256e+30,1.2531e+30,2.9951e+28,7.0300e+27,7.3216e+29,2.9341e+29,8.6286e+29,3.9027e+29,1.9364e+28,1.0587e+28,3.5300e+27,3.5000e+27,44.3,54.1,1.3,0.3,2.3159e+30,2.2836e+30,2.5982e+28,6.3030e+27,1.6243e+28,0.0000e+00,98.6,1.1,0.3,1.1127e+29,0.0480
214,2.2793e+30,1.0128e+30,1.2306e+30,2.8945e+28,7.0400e+27,7.2978e+29,2.8299e+29,8.6010e+29,3.7047e+29,1.8621e+28,1.0324e+28,3.5220e+27,3.5180e+27,44.4,54.0,1.3,0.3,2.2806e+30,2.2487e+30,2.5452e+28,6.4090e+27,1.6354e+28,0.0000e+00,98.6,1.1,0.3,1.0811e+29,0.0474
215,2.2349e+30,9.9622e+29,1.2037e+30,2.7935e+28,7.0380e+27,7.2395e+29,2.7227e+29,8.5503e+29,3.4863e+29,1.7780e+28,1.0155e+28,3.4980e+27,3.5400e+27,44.6,53.9,1.2,0.3,2.2354e+30,2.2039e+30,2.5043e+28,6.4520e+27,1.6412e+28,0.0000e+00,98.6,1.1,0.3,1.0622e+29,0.0475
216,2.1951e+30,9.8377e+29,1.1773e+30,2.7034e+28,7.0330e+27,7.1951e+29,2.6426e+29,8.4332e+29,3.3399e+29,1.7257e+28,9.7770e+27,3.5250e+27,3.5080e+27,44.8,53.6,1.2,0.3,2.1953e+30,2.1644e+30,2.4501e+28,6.4430e+27,1.6532e+28,0.0000e+00,98.6,1.1,0.3,1.0324e+29,0.0470
217,2.1654e+30,9.7152e+29,1.1582e+30,2.8639e+28,7.0380e+27,6.9561e+29,2.7591e+29,7.9765e+29,3.6052e+29,1.8661e+28,9.9780e+27,3.4520e+27,3.5860e+27,44.9,53.5,1.3,0.3,2.1658e+30,2.1345e+30,2.4314e+28,7.0170e+27,1.6656e+28,0.0000e+00,98.6,1.1,0.3,1.0171e+29,0.0470
218,2.1215e+30,9.5485e+29,1.1322e+30,2.7447e+28,7.0330e+27,6.8997e+29,2.6488e+29,7.9201e+29,3.4017e+29,1.7826e+28,9.6210e+27,3.4640e+27,3.5690e+27,45.0,53.4,1.3,0.3,2.1222e+30,2.0914e+30,2.3963e+28,6.8670e+27,1.6724e+28,0.0000e+00,98.5,1.1,0.3,9.9346e+28,0.0468
219,2.0808e+30,9.3941e+29,1.1078e+30,2.6490e+28,7.0290e+27,6.8570e+29,2.5371e+29,7.8636e+29,3.2146e+29,1.7143e+28,9.3470e+27,3.4740e+27,3.5550e+27,45.1,53.2,1.3,0.3,2.0816e+30,2.0509e+30,2.3776e+28,6.8310e+27,1.6795e+28,0.0000e+00,98.5,1.1,0.3,9.7722e+28,0.0469
220,2.0474e+30,9.2642e+29,1.0887e+30,2.5217e+28,7.0290e+27,6.8167e+29,2.4476e+29,7.8345e+29,3.0526e+29,1.6170e+28,9.0470e+27,3.5350e+27,3.4940e+27,45.2,53.2,1.2,0.3,2.0478e+30,2.0171e+30,2.3560e+28,7.0980e+27,1.6930e+28,0.0000e+00,98.5,1.2,0.3,9.4917e+28,0.0464
221,2.0121e+30,9.1509e+29,1.0655e+30,2.4457e+28,7.0360e+27,6.7878e+29,2.3631e+29,7.7507e+29,2.9045e+29,1.5372e+28,9.0850e+27,3.4990e+27,3.5370e+27,45.5,53.0,1.2,0.3,2.0128e+30,1.9829e+30,2.2911e+28,7.0440e+27,1.7070e+28,0.0000e+00,98.5,1.1,0.3,9.3166e+28,0.0463
222,1.9739e+30,8.9845e+29,1.0428e+30,2.5624e+28,7.0400e+27,6.5385e+29,2.4460e+29,7.3088e+29,3.1190e+29,1.6801e+28,8.8230e+27,3.4600e+27,3.5800e+27,45.5,52.8,1.3,0.4,1.9744e+30,1.9447e+30,2.2365e+28,7.3570e+27,1.7152e+28,0.0000e+00,98.5,1.1,0.4,9.1449e+28,0.0463
223,1.9405e+30,8.8514e+29,1.0236e+30,2.4770e+28,7.0150e+27,6.4944e+29,2.3570e+29,7.2664e+29,2.9697e+29,1.6046e+28,8.7240e+27,3.5060e+27,3.5090e+27,45.6,52.7,1.3,0.4,1.9406e+30,1.9109e+30,2.2147e+28,7.5800e+27,1.7235e+28,0.0000e+00,98.5,1.1,0.4,9.0317e+28,0.0465
224,1.9133e+30,8.7436e+29,1.0078e+30,2.4181e+28,7.0380e+27,6.4691e+29,2.2745e+29,7.2404e+29,2.8371e+29,1.5567e+28,8.6140e+27,3.5640e+27,3.4740e+27,45.7,52.7,1.3,0.4,1.9137e+30,1.8842e+30,2.1959e+28,7.6020e+27,1.7386e+28,0.0000e+00,98.5,1.1,0.4,8.9469e+28,0.0468
225,1.8754e+30,8.5962e+29,9.8615e+29,2.2604e+28,7.0170e+27,6.4166e+29,2.1796e+29,7.1695e+29,2.6919e+29,1.4515e+28,8.0890e+27,3.5720e+27,3.4450e+27,45.8,52.6,1.2,0.4,1.8761e+30,1.8466e+30,2.1840e+28,7.6500e+27,1.7476e+28,0.0000e+00,98.4,1.2,0.4,8.6653e+28,0.0462
226,1.8449e+30,8.4786e+29,9.6821e+29,2.1818e+28,7.0270e+27,6.3817e+29,2.0968e+29,7.1193e+29,2.5627e+29,1.3956e+28,7.8620e+27,3.4590e+27,3.5680e+27,46.0,52.5,1.2,0.4,1.8451e+30,1.8162e+30,2.1429e+28,7.5020e+27,1.7634e+28,0.0000e+00,98.4,1.2,0.4,8.5025e+28,0.0461
227,1.8008e+30,8.3026e+29,9.4126e+29,2.2253e+28,6.9840e+27,6.2074e+29,2.0952e+29,6.8007e+29,2.6119e+29,1.4442e+28,7.8110e+27,3.5130e+27,3.4710e+27,46.1,52.3,1.2,0.4,1.8010e+30,1.7724e+30,2.0903e+28,7.6880e+27,1.7663e+28,0.0000e+00,98.4,1.2,0.4,8.2653e+28,0.0459
228,1.7847e+30,8.2251e+29,9.3300e+29,2.2159e+28,7.0370e+27,6.1297e+29,2.0953e+29,6.6920e+29,2.6380e+29,1.4477e+28,7.6820e+27,3.4980e+27,3.5390e+27,46.1,52.3,1.2,0.4,1.7849e+30,1.7558e+30,2.0845e+28,8.2800e+27,1.7894e+28,0.0000e+00,98.4,1.2,0.5,8.2146e+28,0.0460
229,1.7466e+30,8.0834e+29,9.1014e+29,2.1159e+28,6.9940e+27,6.0742e+29,2.0093e+29,6.5919e+29,2.5095e+29,1.3807e+28,7.3520e+27,3.4560e+27,3.5380e+27,46.3,52.1,1.2,0.4,1.7472e+30,1.7187e+30,2.0381e+28,8.1080e+27,1.7926e+28,0.0000e+00,98.4,1.2,0.5,8.0300e+28,0.0460
230,1.7240e+30,7.9790e+29,8.9852e+29,2.0557e+28,7.0170e+27,6.0437e+29,1.9353e+29,6.5829e+29,2.4023e+29,1.3371e+28,7.1860e+27,3.5080e+27,3.5090e+27,46.3,52.1,1.2,0.4,1.7244e+30,1.6959e+30,2.0447e+28,8.0930e+27,1.8097e+28,0.0000e+00,98.3,1.2,0.5,7.8732e+28,0.0457
231,1.6901e+30,7.8507e+29,8.7870e+29,1.9361e+28,7.0020e+27,5.9866e+29,1.8642e+29,6.5035e+29,2.2835e+29,1.2382e+28,6.9790e+27,3.5750e+27,3.4270e+27,46.5,52.0,1.1,0.4,1.6905e+30,1.6625e+30,1.9797e+28,8.1200e+27,1.8202e+28,0.0000e+00,98.3,1.2,0.5,7.7353e+28,0.0458
232,1.6646e+30,7.7511e+29,8.6340e+29,1.9056e+28,7.0170e+27,5.9554e+29,1.7957e+29,6.4432e+29,2.1909e+29,1.2156e+28,6.9000e+27,3.5220e+27,3.4950e+27,46.6,51.9,1.1,0.4,1.6649e+30,1.6373e+30,1.9485e+28,8.1280e+27,1.8380e+28,0.0000e+00,98.3,1.2,0.5,7.5976e+28,0.0456
233,1.6333e+30,7.6121e+29,8.4551e+29,1.9595e+28,7.0140e+27,5.7920e+29,1.8200e+29,6.1556e+29,2.2994e+29,1.2944e+28,6.6510e+27,3.5140e+27,3.5000e+27,46.6,51.8,1.2,0.4,1.6336e+30,1.6058e+30,1.9365e+28,8.4470e+27,1.8490e+28,0.0000e+00,98.3,1.2,0.5,7.4540e+28,0.0456
234,1.6046e+30,7.5052e+29,8.2781e+29,1.9241e+28,7.0060e+27,5.7259e+29,1.7793e+29,6.0457e+29,2.2324e+29,1.2841e+28,6.4000e+27,3.4470e+27,3.5590e+27,46.8,51.6,1.2,0.4,1.6052e+30,1.5774e+30,1.9258e+28,8.5710e+27,1.8601e+28,0.0000e+00,98.3,1.2,0.5,7.2628e+28,0.0452
235,1.5782e+30,7.3850e+29,8.1446e+29,1.8293e+28,6.9920e+27,5.6684e+29,1.7167e+29,6.0039e+29,2.1407e+29,1.2017e+28,6.2760e+27,3.5750e+27,3.4170e+27,46.8,51.6,1.2,0.4,1.5783e+30,1.5510e+30,1.8872e+28,8.4500e+27,1.8714e+28,0.0000e+00,98.3,1.2,0.5,7.1337e+28,0.0452
236,1.5586e+30,7.2942e+29,8.0469e+29,1.7462e+28,7.0040e+27,5.6435e+29,1.6507e+29,5.9859e+29,2.0611e+29,1.1377e+28,6.0850e+27,3.5010e+27,3.5030e+27,46.8,51.6,1.1,0.4,1.5591e+30,1.5320e+30,1.8560e+28,8.6120e+27,1.8903e+28,0.0000e+00,98.3,1.2,0.6,7.0416e+28,0.0452
237,1.5292e+30,7.1774e+29,7.8767e+29,1.6755e+28,6.9940e+27,5.5903e+29,1.5871e+29,5.8831e+29,1.9936e+29,1.0860e+28,5.8950e+27,3.5090e+27,3.4850e+27,46.9,51.5,1.1,0.5,1.5296e+30,1.5025e+30,1.8714e+28,8.3800e+27,1.9020e+28,0.0000e+00,98.2,1.2,0.5,6.9304e+28,0.0453
238,1.5049e+30,7.0893e+29,7.7279e+29,1.6123e+28,7.0060e+27,5.5541e+29,1.5352e+29,5.8261e+29,1.9018e+29,1.0358e+28,5.7650e+27,3.4970e+27,3.5090e+27,47.1,51.4,1.1,0.5,1.5049e+30,1.4782e+30,1.8282e+28,8.4690e+27,1.9216e+28,0.0000e+00,98.2,1.2,0.6,6.8371e+28,0.0454
239,1.4764e+30,6.9425e+29,7.5891e+29,1.6305e+28,6.9620e+27,5.4266e+29,1.5158e+29,5.6528e+29,1.9363e+29,1.0677e+28,5.6280e+27,3.4790e+27,3.4830e+27,47.0,51.4,1.1,0.5,1.4765e+30,1.4499e+30,1.7997e+28,8.5940e+27,1.9258e+28,0.0000e+00,98.2,1.2,0.6,6.7145e+28,0.0455
240,1.4568e+30,6.8617e+29,7.4715e+29,1.6456e+28,6.9890e+27,5.3433e+29,1.5184e+29,5.4880e+29,1.9836e+29,1.1129e+28,5.3270e+27,3.4860e+27,3.5030e+27,47.1,51.3,1.1,0.5,1.4570e+30,1.4303e+30,1.7823e+28,8.8540e+27,1.9458e+28,0.0000e+00,98.2,1.2,0.6,6.5537e+28,0.0450
241,1.4389e+30,6.7885e+29,7.3688e+29,1.6148e+28,7.0030e+27,5.3200e+29,1.4685e+29,5.4575e+29,1.9112e+29,1.0657e+28,5.4910e+27,3.4700e+27,3.5330e+27,47.2,51.2,1.1,0.5,1.4392e+30,1.4125e+30,1.7744e+28,8.8860e+27,1.9661e+28,0.0000e+00,98.1,1.2,0.6,6.4812e+28,0.0450
242,1.4134e+30,6.6615e+29,7.2512e+29,1.5119e+28,6.9650e+27,5.2472e+29,1.4143e+29,5.3962e+29,1.8550e+29,1.0041e+28,5.0780e+27,3.4940e+27,3.4710e+27,47.1,51.3,1.1,0.5,1.4138e+30,1.3874e+30,1.7519e+28,8.8540e+27,1.9704e+28,0.0000e+00,98.1,1.2,0.6,6.4333e+28,0.0455
243,1.3911e+30,6.5756e+29,7.1215e+29,1.4382e+28,6.9950e+27,5.2120e+29,1.3636e+29,5.3364e+29,1.7851e+29,9.4010e+27,4.9810e+27,3.5860e+27,3.4090e+27,47.3,51.2,1.0,0.5,1.3914e+30,1.3654e+30,1.7164e+28,8.9000e+27,1.9911e+28,0.0000e+00,98.1,1.2,0.6,6.3470e+28,0.0456
244,1.3681e+30,6.4817e+29,6.9893e+29,1.3990e+28,6.9760e+27,5.1596e+29,1.3220e+29,5.2602e+29,1.7291e+29,9.0240e+27,4.9660e+27,3.4360e+27,3.5400e+27,47.4,51.1,1.0,0.5,1.3683e+30,1.3424e+30,1.7173e+28,8.7160e+27,2.0037e+28,0.0000e+00,98.1,1.3,0.6,6.2402e+28,0.0456
245,1.3489e+30,6.4029e+29,6.8840e+29,1.3226e+28,6.9850e+27,5.1220e+29,1.2809e+29,5.2135e+29,1.6705e+29,8.5270e+27,4.6990e+27,3.4470e+27,3.5380e+27,47.5,51.0,1.0,0.5,1.3492e+30,1.3235e+30,1.6950e+28,8.7030e+27,2.0249e+28,0.0000e+00,98.1,1.3,0.6,6.0588e+28,0.0449
246,1.3275e+30,6.2874e+29,6.7817e+29,1.3647e+28,6.9890e+27,5.0201e+29,1.2673e+29,5.0681e+29,1.7135e+29,8.9400e+27,4.7070e+27,3.5650e+27,3.4240e+27,47.4,51.1,1.0,0.5,1.3277e+30,1.3020e+30,1.6915e+28,8.8120e+27,2.0377e+28,0.0000e+00,98.1,1.3,0.7,6.0346e+28,0.0455
247,1.3055e+30,6.1869e+29,6.6587e+29,1.3971e+28,6.9700e+27,4.9215e+29,1.2654e+29,4.9081e+29,1.7507e+29,9.4420e+27,4.5290e+27,3.4640e+27,3.5060e+27,47.4,51.0,1.1,0.5,1.3055e+30,1.2796e+30,1.6681e+28,9.2030e+27,2.0505e+28,0.0000e+00,98.0,1.3,0.7,5.9628e+28,0.0457
248,1.2894e+30,6.1068e+29,6.5863e+29,1.3116e+28,6.9540e+27,4.8781e+29,1.2287e+29,4.8851e+29,1.7013e+29,8.8000e+27,4.3160e+27,3.5270e+27,3.4270e+27,47.4,51.1,1.0,0.5,1.2896e+30,1.2639e+30,1.6516e+28,9.1790e+27,2.0633e+28,0.0000e+00,98.0,1.3,0.7,5.8482e+28,0.0453
249,1.2729e+30,6.0348e+29,6.4987e+29,1.2549e+28,7.0010e+27,4.8475e+29,1.1873e+29,4.8399e+29,1.6588e+29,8.2810e+27,4.2680e+27,3.5510e+27,3.4500e+27,47.4,51.1,1.0,0.6,1.2732e+30,1.2478e+30,1.6340e+28,9.0600e+27,2.0852e+28,0.0000e+00,98.0,1.3,0.7,5.8234e+28,0.0457
250,1.2512e+30,5.9404e+29,6.3820e+29,1.2009e+28,6.9670e+27,4.7840e+29,1.1564e+29,4.7504e+29,1.6316e+29,7.9010e+27,4.1080e+27,3.4420e+27,3.5250e+27,47.5,51.0,1.0,0.6,1.2515e+30,1.2260e+30,1.6285e+28,9.1660e+27,2.0981e+28,0.0000e+00,98.0,1.3,0.7,5.7048e+28,0.0456
251,1.2341e+30,5.8641e+29,6.2912e+29,1.1540e+28,6.9850e+27,4.7441e+29,1.1200e+29,4.7029e+29,1.5882e+29,7.5800e+27,3.9600e+27,3.4930e+27,3.4920e+27,47.5,51.0,0.9,0.6,1.2343e+30,1.2095e+30,1.5850e+28,9.0140e+27,2.1204e+28,0.0000e+00,98.0,1.3,0.7,5.6209e+28,0.0455
252,1.2109e+30,5.7628e+29,6.1677e+29,1.0950e+28,6.9320e+27,4.6775e+29,1.0853e+29,4.6105e+29,1.5572e+29,7.0550e+27,3.8950e+27,3.4570e+27,3.4750e+27,47.6,50.9,0.9,0.6,1.2108e+30,1.1861e+30,1.5546e+28,9.1900e+27,2.1238e+28,0.0000e+00,98.0,1.3,0.8,5.5871e+28,0.0461
253,1.2017e+30,5.7092e+29,6.1314e+29,1.0651e+28,6.9840e+27,4.6535e+29,1.0557e+29,4.5923e+29,1.5392e+29,6.8030e+27,3.8480e+27,3.5000e+27,3.4840e+27,47.5,51.0,0.9,0.6,1.2019e+30,1.1773e+30,1.5492e+28,9.1830e+27,2.1558e+28,0.0000e+00,97.9,1.3,0.8,5.5356e+28,0.0461
254,1.1770e+30,5.5838e+29,6.0101e+29,1.0689e+28,6.9450e+27,4.5451e+29,1.0387e+29,4.4745e+29,1.5356e+29,6.9200e+27,3.7690e+27,3.4280e+27,3.5170e+27,47.4,51.1,0.9,0.6,1.1772e+30,1.1526e+30,1.5512e+28,9.0690e+27,2.1590e+28,0.0000e+00,97.9,1.3,0.8,5.4706e+28,0.0465
255,1.1656e+30,5.5221e+29,5.9538e+29,1.1084e+28,6.9470e+27,4.4629e+29,1.0592e+29,4.3357e+29,1.6181e+29,7.5260e+27,3.5580e+27,3.5940e+27,3.3530e+27,47.4,51.1,1.0,0.6,1.1658e+30,1.1408e+30,1.5429e+28,9.5610e+27,2.1816e+28,0.0000e+00,97.9,1.3,0.8,5.4260e+28,0.0465
256,1.1504e+30,5.4414e+29,5.8871e+29,1.0587e+28,6.9340e+27,4.4130e+29,1.0284e+29,4.2961e+29,1.5910e+29,7.0670e+27,3.5200e+27,3.4650e+27,3.4690e+27,47.3,51.2,0.9,0.6,1.1506e+30,1.1264e+30,1.4881e+28,9.3380e+27,2.1944e+28,0.0000e+00,97.9,1.3,0.8,5.3137e+28,0.0462
257,1.1369e+30,5.3867e+29,5.8119e+29,1.0085e+28,6.9480e+27,4.3842e+29,1.0025e+29,4.2409e+29,1.5710e+29,6.6440e+27,3.4410e+27,3.4600e+27,3.4880e+27,47.4,51.1,0.9,0.6,1.1370e+30,1.1125e+30,1.5037e+28,9.4940e+27,2.2172e+28,0.0000e+00,97.8,1.3,0.8,5.2871e+28,0.0465
258,1.1163e+30,5.2979e+29,5.7011e+29,9.4920e+27,6.9400e+27,4.3299e+29,9.6804e+28,4.1636e+29,1.5376e+29,6.3140e+27,3.1780e+27,3.5240e+27,3.4160e+27,47.5,51.1,0.9,0.6,1.1166e+30,1.0919e+30,1.5195e+28,9.5380e+27,2.2298e+28,0.0000e+00,97.8,1.4,0.9,5.2271e+28,0.0468
259,1.1024e+30,5.2357e+29,5.6284e+29,9.0460e+27,6.9570e+27,4.2920e+29,9.4370e+28,4.1255e+29,1.5029e+29,5.9150e+27,3.1310e+27,3.4630e+27,3.4940e+27,47.5,51.1,0.8,0.6,1.1029e+30,1.0784e+30,1.5046e+28,9.4770e+27,2.2528e+28,0.0000e+00,97.8,1.4,0.9,5.1944e+28,0.0471
260,1.0852e+30,5.1527e+29,5.5407e+29,8.9240e+27,6.9370e+27,4.2314e+29,9.2128e+28,4.0545e+29,1.4862e+29,5.7630e+27,3.1610e+27,3.4380e+27,3.4990e+27,47.5,51.1,0.8,0.6,1.0848e+30,1.0606e+30,1.4776e+28,9.3990e+27,2.2653e+28,0.0000e+00,97.8,1.4,0.9,5.1415e+28,0.0474
261,1.0717e+30,5.0696e+29,5.4942e+29,8.4110e+27,6.9090e+27,4.1714e+29,8.9821e+28,4.0202e+29,1.4739e+29,5.4460e+27,2.9650e+27,3.5030e+27,3.4060e+27,47.3,51.3,0.8,0.6,1.0721e+30,1.0480e+30,1.4575e+28,9.4660e+27,2.2774e+28,0.0000e+00,97.8,1.4,0.9,5.0875e+28,0.0475
262,1.0596e+30,5.0015e+29,5.4428e+29,8.2130e+27,6.9420e+27,4.1236e+29,8.7790e+28,3.9966e+29,1.4462e+29,5.2360e+27,2.9770e+27,3.4800e+27,3.4620e+27,47.2,51.4,0.8,0.7,1.0597e+30,1.0356e+30,1.4639e+28,9.4760e+27,2.3004e+28,0.0000e+00,97.7,1.4,0.9,5.0990e+28,0.0481
263,1.0505e+30,4.9446e+29,5.4120e+29,7.9230e+27,6.9560e+27,4.0886e+29,8.5606e+28,3.9686e+29,1.4434e+29,4.9410e+27,2.9820e+27,3.5450e+27,3.4110e+27,47.1,51.5,0.8,0.7,1.0507e+30,1.0267e+30,1.4477e+28,9.5210e+27,2.3236e+28,0.0000e+00,97.7,1.4,0.9,5.1445e+28,0.0490
264,1.0347e+30,4.8570e+29,5.3368e+29,8.3560e+27,6.9320e+27,3.9846e+29,8.7240e+28,3.8251e+29,1.5117e+29,5.4000e+27,2.9560e+27,3.5010e+27,3.4310e+27,46.9,51.6,0.8,0.7,1.0347e+30,1.0106e+30,1.4395e+28,9.6730e+27,2.3355e+28,0.0000e+00,97.7,1.4,0.9,5.0727e+28,0.0490
265,1.0196e+30,4.7854e+29,5.2591e+29,8.2410e+27,6.9100e+27,3.9233e+29,8.6213e+28,3.7247e+29,1.5344e+29,5.4910e+27,2.7500e+27,3.4900e+27,3.4200e+27,46.9,51.6,0.8,0.7,1.0199e+30,9.9598e+29,1.4189e+28,9.7130e+27,2.3471e+28,0.0000e+00,97.7,1.4,1.0,5.0481e+28,0.0495
266,1.0105e+30,4.7395e+29,5.2161e+29,7.9960e+27,6.9250e+27,3.8853e+29,8.5415e+28,3.6976e+29,1.5185e+29,5.2970e+27,2.6990e+27,3.4750e+27,3.4500e+27,46.9,51.6,0.8,0.7,1.0106e+30,9.8689e+29,1.4046e+28,9.6450e+27,2.3700e+28,0.0000e+00,97.7,1.4,1.0,5.0683e+28,0.0502
267,9.9843e+29,4.6916e+29,5.1473e+29,7.5970e+27,6.9440e+27,3.8585e+29,8.3313e+28,3.6426e+29,1.5046e+29,4.9730e+27,2.6240e+27,3.5120e+27,3.4320e+27,47.0,51.6,0.8,0.7,9.9849e+29,9.7458e+29,1.4154e+28,9.7550e+27,2.3930e+28,0.0000e+00,97.6,1.4,1.0,5.0648e+28,0.0507
268,9.8108e+29,4.6092e+29,5.0601e+29,7.2300e+27,6.9200e+27,3.7961e+29,8.1307e+28,3.5602e+29,1.5000e+29,4.7300e+27,2.5000e+27,3.4910e+27,3.4290e+27,47.0,51.6,0.7,0.7,9.8105e+29,9.5758e+29,1.3668e+28,9.7990e+27,2.4041e+28,0.0000e+00,97.6,1.4,1.0,5.0566e+28,0.0515
269,9.6641e+29,4.5312e+29,4.9956e+29,6.8340e+27,6.8940e+27,3.7367e+29,7.9451e+28,3.5153e+29,1.4803e+29,4.3850e+27,2.4490e+27,3.4600e+27,3.4340e+27,46.9,51.7,0.7,0.7,9.6660e+29,9.4308e+29,1.3883e+28,9.6450e+27,2.4147e+28,0.0000e+00,97.6,1.4,1.0,5.0710e+28,0.0525
270,9.5195e+29,4.4760e+29,4.9080e+29,6.6440e+27,6.9050e+27,3.6989e+29,7.7710e+28,3.4619e+29,1.4461e+29,4.2480e+27,2.3960e+27,3.4060e+27,3.4990e+27,47.0,51.6,0.7,0.7,9.5217e+29,9.2887e+29,1.3751e+28,9.5550e+27,2.4373e+28,0.0000e+00,97.6,1.4,1.0,5.0227e+28,0.0527
271,9.4576e+29,4.4310e+29,4.8927e+29,6.4780e+27,6.9170e+27,3.6642e+29,7.6674e+28,3.4400e+29,1.4527e+29,4.1600e+27,2.3180e+27,3.4660e+27,3.4510e+27,46.9,51.7,0.7,0.7,9.4568e+29,9.2237e+29,1.3525e+28,9.7820e+27,2.4600e+28,0.0000e+00,97.5,1.4,1.0,5.0619e+28,0.0535
272,9.3256e+29,4.3479e+29,4.8469e+29,6.1930e+27,6.8890e+27,3.5994e+29,7.4846e+28,3.4160e+29,1.4309e+29,3.8850e+27,2.3080e+27,3.3860e+27,3.5030e+27,46.6,52.0,0.7,0.7,9.3278e+29,9.0948e+29,1.3550e+28,9.7510e+27,2.4699e+28,0.0000e+00,97.5,1.5,1.0,5.0896e+28,0.0546
273,9.2571e+29,4.2935e+29,4.8343e+29,6.0250e+27,6.9070e+27,3.5599e+29,7.3361e+28,3.4026e+29,1.4316e+29,3.7890e+27,2.2360e+27,3.4410e+27,3.4660e+27,46.4,52.2,0.7,0.7,9.2575e+29,9.0266e+29,1.3491e+28,9.6050e+27,2.4922e+28,0.0000e+00,97.5,1.5,1.0,5.1206e+28,0.0553
274,9.1505e+29,4.2293e+29,4.7952e+29,5.6900e+27,6.9100e+27,3.5106e+29,7.1874e+28,3.3682e+29,1.4270e+29,3.5780e+27,2.1120e+27,3.4260e+27,3.4840e+27,46.2,52.4,0.6,0.8,9.1504e+29,8.9222e+29,1.3177e+28,9.6430e+27,2.5146e+28,0.0000e+00,97.5,1.4,1.1,5.1503e+28,0.0563
275,9.0009e+29,4.1532e+29,4.7225e+29,5.6260e+27,6.8860e+27,3.4469e+29,7.0632e+28,3.3194e+29,1.4031e+29,3.4250e+27,2.2010e+27,3.4470e+27,3.4390e+27,46.1,52.5,0.6,0.8,9.0045e+29,8.7740e+29,1.3498e+28,9.5540e+27,2.5235e+28,0.0000e+00,97.4,1.5,1.1,5.1333e+28,0.0570
276,8.9093e+29,4.1006e+29,4.6846e+29,5.5070e+27,6.9020e+27,3.3970e+29,7.0355e+28,3.2457e+29,1.4389e+29,3.4160e+27,2.0910e+27,3.4460e+27,3.4560e+27,46.0,52.6,0.6,0.8,8.9090e+29,8.6791e+29,1.3395e+28,9.5880e+27,2.5454e+28,0.0000e+00,97.4,1.5,1.1,5.1307e+28,0.0576
277,8.8152e+29,4.0412e+29,4.6444e+29,6.0330e+27,6.9190e+27,3.3228e+29,7.1835e+28,3.1030e+29,1.5415e+29,4.0530e+27,1.9800e+27,3.4840e+27,3.4350e+27,45.8,52.7,0.7,0.8,8.8149e+29,8.5838e+29,1.3319e+28,9.7960e+27,2.5673e+28,0.0000e+00,97.4,1.5,1.1,5.2013e+28,0.0590
278,8.7075e+29,3.9724e+29,4.6098e+29,5.6520e+27,6.8780e+27,3.2668e+29,7.0555e+28,3.0727e+29,1.5372e+29,3.6750e+27,1.9770e+27,3.4280e+27,3.4500e+27,45.6,52.9,0.6,0.8,8.7093e+29,8.4812e+29,1.3113e+28,9.6900e+27,2.5751e+28,0.0000e+00,97.4,1.5,1.1,5.1837e+28,0.0595
279,8.6471e+29,3.9467e+29,4.5766e+29,5.4920e+27,6.8850e+27,3.2477e+29,6.9902e+28,3.0428e+29,1.5338e+29,3.5470e+27,1.9450e+27,3.4420e+27,3.4430e+27,45.6,52.9,0.6,0.8,8.6470e+29,8.4174e+29,1.3226e+28,9.7340e+27,2.5964e+28,0.0000e+00,97.3,1.5,1.1,5.2519e+28,0.0607
280,8.5454e+29,3.9008e+29,4.5222e+29,5.3530e+27,6.8920e+27,3.2092e+29,6.9158e+28,2.9906e+29,1.5316e+29,3.4600e+27,1.8930e+27,3.4280e+27,3.4640e+27,45.6,52.9,0.6,0.8,8.5468e+29,8.3199e+29,1.2977e+28,9.7100e+27,2.6176e+28,0.0000e+00,97.3,1.5,1.1,5.2528e+28,0.0615
281,8.4514e+29,3.8538e+29,4.4783e+29,5.0350e+27,6.8990e+27,3.1744e+29,6.7939e+28,2.9531e+29,1.5252e+29,3.1830e+27,1.8520e+27,3.4220e+27,3.4770e+27,45.6,53.0,0.6,0.8,8.4545e+29,8.2283e+29,1.3042e+28,9.5740e+27,2.6387e+28,0.0000e+00,97.3,1.5,1.1,5.2571e+28,0.0622
282,8.3367e+29,3.7849e+29,4.4349e+29,4.8180e+27,6.8710e+27,3.1169e+29,6.6808e+28,2.9261e+29,1.5088e+29,3.0260e+27,1.7920e+27,3.5100e+27,3.3610e+27,45.4,53.2,0.6,0.8,8.3351e+29,8.1136e+29,1.2706e+28,9.4470e+27,2.6449e+28,0.0000e+00,97.3,1.5,1.1,5.2898e+28,0.0635
283,8.2800e+29,3.7386e+29,4.4247e+29,4.7970e+27,6.8720e+27,3.0794e+29,6.5919e+28,2.9141e+29,1.5106e+29,3.0630e+27,1.7340e+27,3.4190e+27,3.4530e+27,45.2,53.4,0.6,0.8,8.2764e+29,8.0538e+29,1.2806e+28,9.4600e+27,2.6652e+28,0.0000e+00,97.3,1.5,1.1,5.3340e+28,0.0644
284,8.2235e+29,3.6980e+29,4.4107e+29,4.6070e+27,6.8750e+27,3.0463e+29,6.5167e+28,2.9027e+29,1.5080e+29,2.9530e+27,1.6540e+27,3.4800e+27,3.3950e+27,45.0,53.6,0.6,0.8,8.2255e+29,8.0010e+29,1.2765e+28,9.6920e+27,2.6854e+28,0.0000e+00,97.3,1.6,1.2,5.3629e+28,0.0652
285,8.1519e+29,3.6477e+29,4.3905e+29,4.4850e+27,6.8840e+27,3.0027e+29,6.4503e+28,2.8827e+29,1.5078e+29,2.7300e+27,1.7550e+27,3.4460e+27,3.4380e+27,44.7,53.9,0.6,0.8,8.1549e+29,7.9334e+29,1.2556e+28,9.5970e+27,2.7054e+28,0.0000e+00,97.3,1.5,1.2,5.3147e+28,0.0652
286,8.0940e+29,3.6097e+29,4.3716e+29,4.3720e+27,6.8950e+27,2.9672e+29,6.4248e+28,2.8576e+29,1.5140e+29,2.6660e+27,1.7060e+27,3.5500e+27,3.3450e+27,44.6,54.0,0.5,0.9,8.0945e+29,7.8747e+29,1.2557e+28,9.4220e+27,2.7251e+28,0.0000e+00,97.3,1.6,1.2,5.4270e+28,0.0670
287,7.9691e+29,3.5356e+29,4.3234e+29,4.1500e+27,6.8590e+27,2.9095e+29,6.2609e+28,2.8204e+29,1.5030e+29,2.5750e+27,1.5750e+27,3.4490e+27,3.4100e+27,44.4,54.3,0.5,0.9,7.9681e+29,7.7493e+29,1.2673e+28,9.2150e+27,2.7289e+28,0.0000e+00,97.3,1.6,1.2,5.4143e+28,0.0679
288,7.9063e+29,3.5044e+29,4.2913e+29,4.1690e+27,6.9000e+27,2.8796e+29,6.2480e+28,2.7998e+29,1.4915e+29,2.5200e+27,1.6490e+27,3.3900e+27,3.5100e+27,44.3,54.3,0.5,0.9,7.9077e+29,7.6889e+29,1.2504e+28,9.3740e+27,2.7636e+28,0.0000e+00,97.2,1.6,1.2,5.3968e+28,0.0682
289,7.8104e+29,3.4405e+29,4.2615e+29,3.9800e+27,6.8640e+27,2.8295e+29,6.1097e+28,2.7556e+29,1.5059e+29,2.3760e+27,1.6040e+27,3.4000e+27,3.4640e+27,44.0,54.6,0.5,0.9,7.8120e+29,7.5961e+29,1.2361e+28,9.2330e+27,2.7664e+28,0.0000e+00,97.2,1.6,1.2,5.4805e+28,0.0702
290,7.7239e+29,3.3893e+29,4.2274e+29,3.8610e+27,6.8620e+27,2.7828e+29,6.0647e+28,2.7327e+29,1.4947e+29,2.2890e+27,1.5720e+27,3.4430e+27,3.4190e+27,43.9,54.7,0.5,0.9,7.7262e+29,7.5104e+29,1.2681e+28,8.8980e+27,2.7846e+28,0.0000e+00,97.2,1.6,1.2,5.4880e+28,0.0710
291,7.6246e+29,3.3396e+29,4.1799e+29,3.6510e+27,6.8590e+27,2.7394e+29,6.0019e+28,2.6971e+29,1.4827e+29,2.1710e+27,1.4800e+27,3.4610e+27,3.3980e+27,43.8,54.8,0.5,0.9,7.6251e+29,7.4091e+29,1.2473e+28,9.1310e+27,2.8025e+28,0.0000e+00,97.2,1.6,1.2,5.4699e+28,0.0717
292,7.5779e+29,3.2881e+29,4.1836e+29,3.7610e+27,6.8590e+27,2.6954e+29,5.9272e+28,2.6809e+29,1.5027e+29,2.2190e+27,1.5420e+27,3.4040e+27,3.4550e+27,43.4,55.2,0.5,0.9,7.5779e+29,7.3663e+29,1.2386e+28,8.7750e+27,2.8201e+28,0.0000e+00,97.2,1.6,1.2,5.6031e+28,0.0739
293,7.4928e+29,3.2410e+29,4.1467e+29,3.6670e+27,6.8530e+27,2.6546e+29,5.8637e+28,2.6582e+29,1.4885e+29,2.1490e+27,1.5180e+27,3.4520e+27,3.4010e+27,43.3,55.3,0.5,0.9,7.4906e+29,7.2798e+29,1.2274e+28,8.8000e+27,2.8372e+28,0.0000e+00,97.2,1.6,1.2,5.6098e+28,0.0749
294,7.4105e+29,3.1896e+29,4.1178e+29,3.4520e+27,6.8530e+27,2.6092e+29,5.8046e+28,2.6402e+29,1.4776e+29,2.0440e+27,1.4080e+27,3.4130e+27,3.4400e+27,43.0,55.6,0.5,0.9,7.4143e+29,7.2029e+29,1.2381e+28,8.7580e+27,2.8540e+28,0.0000e+00,97.1,1.7,1.2,5.6282e+28,0.0759
295,7.3291e+29,3.1324e+29,4.0939e+29,3.4230e+27,6.8550e+27,2.5626e+29,5.6987e+28,2.6093e+29,1.4846e+29,1.9440e+27,1.4790e+27,3.5030e+27,3.3520e+27,42.7,55.9,0.5,0.9,7.3294e+29,7.1223e+29,1.2153e+28,8.5580e+27,2.8704e+28,0.0000e+00,97.2,1.7,1.2,5.6525e+28,0.0771
296,7.2968e+29,3.0946e+29,4.0986e+29,3.5050e+27,6.8500e+27,2.5024e+29,5.9219e+28,2.4962e+29,1.6025e+29,2.1220e+27,1.3830e+27,3.4370e+27,3.4130e+27,42.4,56.2,0.5,0.9,7.2975e+29,7.0910e+29,1.2216e+28,8.4320e+27,2.8864e+28,0.0000e+00,97.2,1.7,1.2,5.7121e+28,0.0783
297,7.2432e+29,3.0537e+29,4.0846e+29,3.6570e+27,6.8420e+27,2.4688e+29,5.8481e+28,2.4578e+29,1.6268e+29,2.2450e+27,1.4120e+27,3.4460e+27,3.3960e+27,42.2,56.4,0.5,0.9,7.2419e+29,7.0349e+29,1.2211e+28,8.4890e+27,2.9019e+28,0.0000e+00,97.1,1.7,1.2,5.7818e+28,0.0798
298,7.2380e+29,3.0372e+29,4.0968e+29,3.5130e+27,6.8800e+27,2.4513e+29,5.8592e+28,2.4490e+29,1.6478e+29,2.1890e+27,1.3240e+27,3.3430e+27,3.5370e+27,42.0,56.6,0.5,1.0,7.2392e+29,7.0321e+29,1.2421e+28,8.2880e+27,2.9349e+28,0.0000e+00,97.1,1.7,1.1,5.8332e+28,0.0806
299,7.1505e+29,2.9823e+29,4.0649e+29,3.4870e+27,6.8430e+27,2.4039e+29,5.7842e+28,2.4184e+29,1.6465e+29,2.1420e+27,1.3450e+27,3.4620e+27,3.3810e+27,41.7,56.8,0.5,1.0,7.1488e+29,6.9450e+29,1.2235e+28,8.1540e+27,2.9318e+28,0.0000e+00,97.1,1.7,1.1,5.8379e+28,0.0817
300,7.1390e+29,2.9525e+29,4.0845e+29,3.3570e+27,6.8380e+27,2.3733e+29,5.7923e+28,2.4113e+29,1.6732e+29,2.0190e+27,1.3380e+27,3.4700e+27,3.3680e+27,41.4,57.2,0.5,1.0,7.1395e+29,6.9358e+29,1.2321e+28,8.0520e+27,2.9459e+28,0.0000e+00,97.1,1.7,1.1,5.9712e+28,0.0836
301,7.0768e+29,2.9118e+29,4.0645e+29,3.2280e+27,6.8180e+27,2.3413e+29,5.7045e+28,2.3807e+29,1.6838e+29,1.9410e+27,1.2870e+27,3.4080e+27,3.4100e+27,41.1,57.4,0.5,1.0,7.0775e+29,6.8784e+29,1.2108e+28,7.7990e+27,2.9594e+28,0.0000e+00,97.2,1.7,1.1,5.9837e+28,0.0845
302,7.0810e+29,2.8991e+29,4.0802e+29,3.3010e+27,6.8690e+27,2.3252e+29,5.7386e+28,2.3935e+29,1.6867e+29,1.9850e+27,1.3160e+27,3.4050e+27,3.4640e+27,40.9,57.6,0.5,1.0,7.0764e+29,6.8784e+29,1.2084e+28,7.7140e+27,2.9912e+28,0.0000e+00,97.2,1.7,1.1,6.1113e+28,0.0864
303,6.9462e+29,2.8443e+29,4.0025e+29,3.1260e+27,6.8130e+27,2.2778e+29,5.6647e+28,2.3472e+29,1.6552e+29,1.8890e+27,1.2370e+27,3.4290e+27,3.3840e+27,40.9,57.6,0.5,1.0,6.9509e+29,6.7497e+29,1.2308e+28,7.8140e+27,2.9852e+28,0.0000e+00,97.1,1.8,1.1,6.0076e+28,0.0864
304,6.9343e+29,2.8201e+29,4.0154e+29,3.0430e+27,6.8440e+27,2.2557e+29,5.6434e+28,2.3613e+29,1.6540e+29,1.8360e+27,1.2070e+27,3.4030e+27,3.4410e+27,40.7,57.9,0.4,1.0,6.9352e+29,6.7400e+29,1.2226e+28,7.2980e+27,3.0162e+28,0.0000e+00,97.2,1.8,1.1,6.0864e+28,0.0878
305,6.8796e+29,2.7803e+29,4.0005e+29,3.0330e+27,6.8440e+27,2.2199e+29,5.6041e+28,2.3508e+29,1.6497e+29,1.7900e+27,1.2430e+27,3.4810e+27,3.3630e+27,40.4,58.2,0.4,1.0,6.8809e+29,6.6875e+29,1.2118e+28,7.2160e+27,3.0279e+28,0.0000e+00,97.2,1.8,1.0,6.0901e+28,0.0885
306,6.8585e+29,2.7529e+29,4.0074e+29,2.9890e+27,6.8300e+27,2.1925e+29,5.6040e+28,2.3442e+29,1.6632e+29,1.7830e+27,1.2060e+27,3.4360e+27,3.3940e+27,40.1,58.4,0.4,1.0,6.8563e+29,6.6653e+29,1.2085e+28,7.0150e+27,3.0390e+28,0.0000e+00,97.2,1.8,1.0,6.1924e+28,0.0903
307,6.8353e+29,2.7143e+29,4.0232e+29,2.9600e+27,6.8230e+27,2.1577e+29,5.5661e+28,2.3539e+29,1.6693e+29,1.7550e+27,1.2050e+27,3.4000e+27,3.4230e+27,39.7,58.9,0.4,1.0,6.8376e+29,6.6454e+29,1.2384e+28,6.8320e+27,3.0496e+28,0.0000e+00,97.2,1.8,1.0,6.2334e+28,0.0912
308,6.7917e+29,2.6903e+29,4.0036e+29,2.9150e+27,6.8530e+27,2.1392e+29,5.5112e+28,2.3199e+29,1.6837e+29,1.7200e+27,1.1950e+27,3.4370e+27,3.4160e+27,39.6,58.9,0.4,1.0,6.7885e+29,6.5982e+29,1.2267e+28,6.7570e+27,3.0793e+28,0.0000e+00,97.2,1.8,1.0,6.3527e+28,0.0936
309,6.7423e+29,2.6542e+29,3.9922e+29,2.7520e+27,6.8360e+27,2.1075e+29,5.4671e+28,2.3111e+29,1.6811e+29,1.5980e+27,1.1540e+27,3.5200e+27,3.3160e+27,39.4,59.2,0.4,1.0,6.7441e+29,6.5571e+29,1.2231e+28,6.4730e+27,3.0889e+28,0.0000e+00,97.2,1.8,1.0,6.3931e+28,0.0948
310,6.6882e+29,2.6195e+29,3.9725e+29,2.7930e+27,6.8280e+27,2.0742e+29,5.4526e+28,2.2849e+29,1.6876e+29,1.6470e+27,1.1460e+27,3.4030e+27,3.4250e+27,39.2,59.4,0.4,1.0,6.6885e+29,6.5049e+29,1.2084e+28,6.2840e+27,3.0979e+28,0.0000e+00,97.3,1.8,0.9,6.4206e+28,0.0960
311,6.6504e+29,2.5900e+29,3.9652e+29,2.6940e+27,6.8180e+27,2.0461e+29,5.4391e+28,2.2772e+29,1.6880e+29,1.5300e+27,1.1640e+27,3.4120e+27,3.4060e+27,38.9,59.6,0.4,1.0,6.6530e+29,6.4721e+29,1.2121e+28,5.9740e+27,3.1062e+28,0.0000e+00,97.3,1.8,0.9,6.4602e+28,0.0971
312,6.6332e+29,2.5543e+29,3.9840e+29,2.6900e+27,6.7990e+27,2.0105e+29,5.4379e+28,2.2732e+29,1.7108e+29,1.5520e+27,1.1380e+27,3.3550e+27,3.4440e+27,38.5,60.1,0.4,1.0,6.6325e+29,6.4532e+29,1.2307e+28,5.6260e+27,3.1138e+28,0.0000e+00,97.3,1.9,0.8,6.5289e+28,0.0984
313,6.6181e+29,2.5431e+29,3.9805e+29,2.6260e+27,6.8300e+27,1.9962e+29,5.4683e+28,2.2725e+29,1.7080e+29,1.4870e+27,1.1390e+27,3.4560e+27,3.3740e+27,38.4,60.1,0.4,1.0,6.6152e+29,6.4360e+29,1.2534e+28,5.3840e+27,3.1415e+28,0.0000e+00,97.3,1.9,0.8,6.6067e+28,0.0999
314,6.5735e+29,2.4984e+29,3.9815e+29,2.5460e+27,6.8090e+27,1.9575e+29,5.4092e+28,2.2485e+29,1.7330e+29,1.4110e+27,1.1350e+27,3.4490e+27,3.3600e+27,38.0,60.6,0.4,1.0,6.5760e+29,6.4017e+29,1.2369e+28,5.0570e+27,3.1480e+28,0.0000e+00,97.4,1.9,0.8,6.7082e+28,0.1020
315,6.5538e+29,2.4807e+29,3.9781e+29,2.6420e+27,6.8520e+27,1.9379e+29,5.4286e+28,2.2478e+29,1.7303e+29,1.5190e+27,1.1230e+27,3.4190e+27,3.4330e+27,37.9,60.7,0.4,1.0,6.5556e+29,6.3836e+29,1.2386e+28,4.8080e+27,3.1749e+28,0.0000e+00,97.4,1.9,0.7,6.7337e+28,0.1027
316,6.5433e+29,2.4561e+29,3.9933e+29,2.5490e+27,6.8310e+27,1.9171e+29,5.3899e+28,2.2615e+29,1.7318e+29,1.4550e+27,1.0940e+27,3.3500e+27,3.4810e+27,37.5,61.0,0.4,1.0,6.5411e+29,6.3723e+29,1.2345e+28,4.5380e+27,3.1804e+28,0.0000e+00,97.4,1.9,0.7,6.8804e+28,0.1052
317,6.5130e+29,2.4248e+29,3.9953e+29,2.4820e+27,6.8040e+27,1.8865e+29,5.3828e+28,2.2473e+29,1.7480e+29,1.3790e+27,1.1030e+27,3.3500e+27,3.4540e+27,37.2,61.3,0.4,1.0,6.5134e+29,6.3448e+29,1.2552e+28,4.3040e+27,3.1851e+28,0.0000e+00,97.4,1.9,0.7,6.9060e+28,0.1060
318,6.4796e+29,2.4062e+29,3.9799e+29,2.5100e+27,6.8380e+27,1.8653e+29,5.4096e+28,2.2297e+29,1.7502e+29,1.4130e+27,1.0970e+27,3.3660e+27,3.4720e+27,37.1,61.4,0.4,1.1,6.4792e+29,6.3148e+29,1.2497e+28,3.9340e+27,3.2106e+28,0.0000e+00,97.5,1.9,0.6,6.9588e+28,0.1074
319,6.4074e+29,2.3531e+29,3.9632e+29,2.3480e+27,6.7610e+27,1.8222e+29,5.3089e+28,2.2293e+29,1.7339e+29,1.3260e+27,1.0220e+27,3.4240e+27,3.3370e+27,36.7,61.9,0.4,1.1,6.4088e+29,6.2495e+29,1.2343e+28,3.5830e+27,3.1923e+28,0.0000e+00,97.5,1.9,0.6,7.0203e+28,0.1095
320,6.4791e+29,2.3600e+29,4.0270e+29,2.3710e+27,6.8410e+27,1.8204e+29,5.3968e+28,2.2624e+29,1.7645e+29,1.3280e+27,1.0430e+27,3.3950e+27,3.4460e+27,36.4,62.2,0.4,1.1,6.4767e+29,6.3166e+29,1.2843e+28,3.1750e+27,3.2386e+28,0.0000e+00,97.5,2.0,0.5,7.2085e+28,0.1113
321,6.4174e+29,2.3189e+29,4.0066e+29,2.3620e+27,6.8250e+27,1.7842e+29,5.3475e+28,2.2349e+29,1.7716e+29,1.3020e+27,1.0600e+27,3.4140e+27,3.4110e+27,36.1,62.4,0.4,1.1,6.4200e+29,6.2601e+29,1.2956e+28,3.0340e+27,3.2408e+28,0.0000e+00,97.5,2.0,0.5,7.2240e+28,0.1125
322,6.4030e+29,2.2944e+29,4.0167e+29,2.3790e+27,6.8040e+27,1.7596e+29,5.3480e+28,2.2236e+29,1.7932e+29,1.2760e+27,1.1030e+27,3.4820e+27,3.3220e+27,35.8,62.7,0.4,1.1,6.4000e+29,6.2419e+29,1.3016e+28,2.7920e+27,3.2423e+28,0.0000e+00,97.5,2.0,0.4,7.3126e+28,0.1143
323,6.4418e+29,2.2801e+29,4.0700e+29,2.3470e+27,6.8220e+27,1.7432e+29,5.3688e+28,2.2511e+29,1.8189e+29,1.2560e+27,1.0910e+27,3.3640e+27,3.4580e+27,35.4,63.2,0.4,1.1,6.4392e+29,6.2801e+29,1.3259e+28,2.6570e+27,3.2653e+28,0.0000e+00,97.5,2.1,0.4,7.5914e+28,0.1179
324,6.4063e+29,2.2517e+29,4.0631e+29,2.3530e+27,6.7950e+27,1.7138e+29,5.3795e+28,2.2474e+29,1.8157e+29,1.2700e+27,1.0830e+27,3.3600e+27,3.4350e+27,35.1,63.4,0.4,1.1,6.4078e+29,6.2515e+29,1.3205e+28,2.4250e+27,3.2654e+28,0.0000e+00,97.6,2.1,0.4,7.6703e+28,0.1197
325,6.4363e+29,2.2401e+29,4.1046e+29,2.3370e+27,6.8220e+27,1.6972e+29,5.4289e+28,2.2626e+29,1.8420e+29,1.3040e+27,1.0330e+27,3.4780e+27,3.3440e+27,34.8,63.8,0.4,1.1,6.4348e+29,6.2788e+29,1.3424e+28,2.1760e+27,3.2875e+28,0.0000e+00,97.6,2.1,0.3,7.7956e+28,0.1211
326,6.4297e+29,2.2098e+29,4.1297e+29,2.2310e+27,6.7930e+27,1.6713e+29,5.3852e+28,2.2784e+29,1.8512e+29,1.1840e+27,1.0470e+27,3.4310e+27,3.3620e+27,34.4,64.2,0.3,1.1,6.4273e+29,6.2740e+29,1.3519e+28,1.8120e+27,3.2863e+28,0.0000e+00,97.6,2.1,0.3,7.9624e+28,0.1239
327,6.4257e+29,2.1880e+29,4.1460e+29,2.3850e+27,6.7800e+27,1.6452e+29,5.4284e+28,2.2712e+29,1.8748e+29,1.3140e+27,1.0710e+27,3.3770e+27,3.4030e+27,34.1,64.5,0.4,1.1,6.4228e+29,6.2680e+29,1.3767e+28,1.7110e+27,3.2842e+28,0.0000e+00,97.6,2.1,0.3,8.2086e+28,0.1278
328,6.4607e+29,2.1895e+29,4.1785e+29,2.4160e+27,6.8510e+27,1.6398e+29,5.4976e+28,2.2946e+29,1.8839e+29,1.2810e+27,1.1350e+27,3.4840e+27,3.3670e+27,33.9,64.7,0.4,1.1,6.4593e+29,6.3004e+29,1.4207e+28,1.6820e+27,3.3276e+28,0.0000e+00,97.5,2.2,0.3,8.4226e+28,0.1304
329,6.4316e+29,2.1536e+29,4.1869e+29,2.3500e+27,6.7630e+27,1.6066e+29,5.4699e+28,2.2842e+29,1.9027e+29,1.2560e+27,1.0940e+27,3.3690e+27,3.3940e+27,33.5,65.1,0.4,1.1,6.4271e+29,6.2696e+29,1.4288e+28,1.4620e+27,3.3011e+28,0.0000e+00,97.5,2.2,0.2,8.6480e+28,0.1346
330,6.5210e+29,2.1522e+29,4.2779e+29,2.2550e+27,6.8330e+27,1.6041e+29,5.4812e+28,2.3346e+29,1.9433e+29,1.1890e+27,1.0660e+27,3.4780e+27,3.3550e+27,33.0,65.6,0.3,1.0,6.5177e+29,6.3583e+29,1.4566e+28,1.3750e+27,3.3436e+28,0.0000e+00,97.6,2.2,0.2,8.9108e+28,0.1367
331,6.5441e+29,2.1390e+29,4.3135e+29,2.3520e+27,6.7990e+27,1.5849e+29,5.5418e+28,2.3548e+29,1.9587e+29,1.2310e+27,1.1210e+27,3.4490e+27,3.3500e+27,32.7,65.9,0.4,1.0,6.5381e+29,6.3785e+29,1.4773e+28,1.1830e+27,3.3390e+28,0.0000e+00,97.6,2.3,0.2,9.1723e+28,0.1403
332,6.5801e+29,2.1224e+29,4.3666e+29,2.3390e+27,6.7710e+27,1.5683e+29,5.5409e+28,2.3737e+29,1.9929e+29,1.2530e+27,1.0860e+27,3.3790e+27,3.3920e+27,32.3,66.4,0.4,1.0,6.5745e+29,6.4115e+29,1.5182e+28,1.1210e+27,3.3335e+28,0.0000e+00,97.5,2.3,0.2,9.5768e+28,0.1457
333,6.6762e+29,2.1149e+29,4.4701e+29,2.3240e+27,6.7930e+27,1.5549e+29,5.6005e+28,2.4362e+29,2.0339e+29,1.2460e+27,1.0780e+27,3.4480e+27,3.3450e+27,31.7,67.0,0.3,1.0,6.6722e+29,6.5045e+29,1.5680e+28,1.0880e+27,3.3509e+28,0.0000e+00,97.5,2.4,0.2,9.9344e+28,0.1489
334,6.7657e+29,2.1163e+29,4.5571e+29,2.4360e+27,6.7970e+27,1.5486e+29,5.6774e+28,2.4779e+29,2.0792e+29,1.2990e+27,1.1370e+27,3.4130e+27,3.3840e+27,31.3,67.4,0.4,1.0,6.7591e+29,6.5899e+29,1.5975e+28,9.4600e+26,3.3679e+28,0.0000e+00,97.5,2.4,0.1,1.0380e+29,0.1536
335,6.8598e+29,2.1130e+29,4.6540e+29,2.4540e+27,6.8300e+27,1.5371e+29,5.7586e+28,2.5283e+29,2.1257e+29,1.2740e+27,1.1800e+27,3.3600e+27,3.4700e+27,30.8,67.8,0.4,1.0,6.8526e+29,6.6769e+29,1.6599e+28,9.7600e+26,3.3843e+28,0.0000e+00,97.4,2.4,0.1,1.0811e+29,0.1578
336,6.9105e+29,2.0935e+29,4.7243e+29,2.4900e+27,6.7920e+27,1.5172e+29,5.7630e+28,2.5607e+29,2.1636e+29,1.3520e+27,1.1380e+27,3.3470e+27,3.4450e+27,30.3,68.4,0.4,1.0,6.9041e+29,6.7241e+29,1.7155e+28,8.4500e+26,3.3760e+28,0.0000e+00,97.4,2.5,0.1,1.1145e+29,0.1614
337,6.9801e+29,2.0850e+29,4.8038e+29,2.3640e+27,6.7630e+27,1.5047e+29,5.8026e+28,2.6069e+29,2.1969e+29,1.2490e+27,1.1150e+27,3.3850e+27,3.3780e+27,29.9,68.8,0.3,1.0,6.9723e+29,6.7891e+29,1.7493e+28,8.3500e+26,3.3669e+28,0.0000e+00,97.4,2.5,0.1,1.1700e+29,0.1678
338,7.1599e+29,2.1033e+29,4.9632e+29,2.5230e+27,6.8220e+27,1.5134e+29,5.8990e+28,2.6846e+29,2.2786e+29,1.3290e+27,1.1940e+27,3.5000e+27,3.3220e+27,29.4,69.3,0.4,1.0,7.1504e+29,6.9612e+29,1.8172e+28,7.4600e+26,3.4057e+28,0.0000e+00,97.4,2.5,0.1,1.2355e+29,0.1728
339,7.2017e+29,2.0869e+29,5.0211e+29,2.5850e+27,6.7840e+27,1.4971e+29,5.8976e+28,2.7129e+29,2.3082e+29,1.3940e+27,1.1910e+27,3.3990e+27,3.3850e+27,29.0,69.7,0.4,0.9,7.1967e+29,7.0014e+29,1.8782e+28,7.5400e+26,3.3952e+28,0.0000e+00,97.3,2.6,0.1,1.2804e+29,0.1779
340,7.3088e+29,2.0885e+29,5.1265e+29,2.5720e+27,6.8050e+27,1.4893e+29,5.9921e+28,2.7679e+29,2.3587e+29,1.3600e+27,1.2120e+27,3.4430e+27,3.3620e+27,28.6,70.1,0.4,0.9,7.2996e+29,7.1012e+29,1.9129e+28,7.1000e+26,3.4085e+28,0.0000e+00,97.3,2.6,0.1,1.3329e+29,0.1826
341,7.3681e+29,2.0737e+29,5.2008e+29,2.5990e+27,6.7640e+27,1.4709e+29,6.0280e+28,2.8102e+29,2.3906e+29,1.3870e+27,1.2120e+27,3.3470e+27,3.4170e+27,28.1,70.6,0.4,0.9,7.3585e+29,7.1540e+29,1.9776e+28,6.8000e+26,3.3965e+28,0.0000e+00,97.2,2.7,0.1,1.3866e+29,0.1884
342,7.5847e+29,2.0940e+29,5.3954e+29,2.7070e+27,6.8210e+27,1.4809e+29,6.1309e+28,2.9037e+29,2.4917e+29,1.4710e+27,1.2360e+27,3.3920e+27,3.4290e+27,27.6,71.1,0.4,0.9,7.5753e+29,7.3633e+29,2.0567e+28,6.2800e+26,3.4332e+28,0.0000e+00,97.2,2.7,0.1,1.4605e+29,0.1928
343,7.6516e+29,2.0859e+29,5.4704e+29,2.7360e+27,6.7920e+27,1.4676e+29,6.1827e+28,2.9529e+29,2.5176e+29,1.4860e+27,1.2500e+27,3.3300e+27,3.4620e+27,27.3,71.5,0.4,0.9,7.6424e+29,7.4278e+29,2.0800e+28,6.5300e+26,3.4198e+28,0.0000e+00,97.2,2.7,0.1,1.5038e+29,0.1968
344,7.7698e+29,2.0909e+29,5.5844e+29,2.6520e+27,6.7980e+27,1.4623e+29,6.2865e+28,3.0040e+29,2.5804e+29,1.3630e+27,1.2890e+27,3.2900e+27,3.5080e+27,26.9,71.9,0.3,0.9,7.7629e+29,7.5435e+29,2.1353e+28,5.8000e+26,3.4306e+28,0.0000e+00,97.2,2.8,0.1,1.5654e+29,0.2017
345,7.8303e+29,2.0704e+29,5.6653e+29,2.7030e+27,6.7580e+27,1.4448e+29,6.2563e+28,3.0445e+29,2.6207e+29,1.4540e+27,1.2490e+27,3.3440e+27,3.4140e+27,26.4,72.4,0.3,0.9,7.8221e+29,7.5953e+29,2.2072e+28,6.0400e+26,3.4157e+28,0.0000e+00,97.1,2.8,0.1,1.5950e+29,0.2039
346,8.0117e+29,2.0880e+29,5.8274e+29,2.8130e+27,6.8190e+27,1.4534e+29,6.3462e+28,3.1373e+29,2.6902e+29,1.4900e+27,1.3230e+27,3.4480e+27,3.3710e+27,26.1,72.7,0.4,0.9,8.0050e+29,7.7699e+29,2.2860e+28,6.5100e+26,3.4500e+28,0.0000e+00,97.1,2.9,0.1,1.6713e+29,0.2088
347,8.1045e+29,2.0798e+29,5.9283e+29,2.8710e+27,6.7700e+27,1.4395e+29,6.4032e+28,3.2112e+29,2.7171e+29,1.5570e+27,1.3140e+27,3.4470e+27,3.3230e+27,25.7,73.1,0.4,0.8,8.0937e+29,7.8569e+29,2.3069e+28,6.1300e+26,3.4338e+28,0.0000e+00,97.1,2.9,0.1,1.7283e+29,0.2135
348,8.1944e+29,2.0745e+29,6.0227e+29,2.9400e+27,6.7870e+27,1.4310e+29,6.4344e+28,3.2604e+29,2.7623e+29,1.5000e+27,1.4400e+27,3.3980e+27,3.3890e+27,25.3,73.5,0.4,0.8,8.1874e+29,7.9451e+29,2.3668e+28,5.6500e+26,3.4418e+28,0.0000e+00,97.0,2.9,0.1,1.7653e+29,0.2156
349,8.3329e+29,2.0881e+29,6.1471e+29,2.9800e+27,6.7930e+27,1.4359e+29,6.5220e+28,3.3219e+29,2.8252e+29,1.6000e+27,1.3800e+27,3.3470e+27,3.4460e+27,25.1,73.8,0.4,0.8,8.3257e+29,8.0770e+29,2.4301e+28,5.6200e+26,3.4493e+28,0.0000e+00,97.0,2.9,0.1,1.8201e+29,0.2186
350,8.4118e+29,2.0855e+29,6.2293e+29,2.8980e+27,6.8040e+27,1.4266e+29,6.5895e+28,3.3474e+29,2.8819e+29,1.4830e+27,1.4150e+27,3.3980e+27,3.4060e+27,24.8,74.1,0.3,0.8,8.4087e+29,8.1564e+29,2.4648e+28,5.8500e+26,3.4560e+28,0.0000e+00,97.0,2.9,0.1,1.8668e+29,0.2220
351,8.4417e+29,2.0768e+29,6.2684e+29,2.9000e+27,6.7530e+27,1.4162e+29,6.6055e+28,3.3575e+29,2.9110e+29,1.5530e+27,1.3470e+27,3.4270e+27,3.3260e+27,24.6,74.3,0.3,0.8,8.4354e+29,8.1799e+29,2.4987e+28,5.5600e+26,3.4369e+28,0.0000e+00,97.0,3.0,0.1,1.8936e+29,0.2245
352,8.5755e+29,2.0856e+29,6.3916e+29,3.0170e+27,6.8230e+27,1.4160e+29,6.6954e+28,3.4223e+29,2.9693e+29,1.6540e+27,1.3630e+27,3.4560e+27,3.3670e+27,24.3,74.5,0.4,0.8,8.5684e+29,8.3066e+29,2.5614e+28,5.5900e+26,3.4675e+28,0.0000e+00,96.9,3.0,0.1,1.9449e+29,0.2270
353,8.5971e+29,2.0670e+29,6.4321e+29,3.0410e+27,6.7580e+27,1.3956e+29,6.7142e+28,3.4470e+29,2.9852e+29,1.6100e+27,1.4310e+27,3.3920e+27,3.3660e+27,24.0,74.8,0.4,0.8,8.5894e+29,8.3291e+29,2.5440e+28,5.8800e+26,3.4470e+28,0.0000e+00,97.0,3.0,0.1,1.9815e+29,0.2307
354,8.6862e+29,2.0714e+29,6.5175e+29,2.9650e+27,6.7660e+27,1.3955e+29,6.7596e+28,3.4872e+29,3.0302e+29,1.5430e+27,1.4220e+27,3.4430e+27,3.3230e+27,23.8,75.0,0.3,0.8,8.6830e+29,8.4151e+29,2.6212e+28,5.8100e+26,3.4510e+28,0.0000e+00,96.9,3.0,0.1,2.0058e+29,0.2310
355,8.7855e+29,2.0840e+29,6.6024e+29,3.0870e+27,6.8180e+27,1.3961e+29,6.8789e+28,3.5147e+29,3.0877e+29,1.6540e+27,1.4330e+27,3.4010e+27,3.4170e+27,23.7,75.2,0.4,0.8,8.7868e+29,8.5166e+29,2.6431e+28,5.8000e+26,3.4798e+28,0.0000e+00,96.9,3.0,0.1,2.0539e+29,0.2337
356,8.7664e+29,2.0620e+29,6.6061e+29,3.0420e+27,6.7830e+27,1.3798e+29,6.8228e+28,3.5413e+29,3.0648e+29,1.6390e+27,1.4030e+27,3.3450e+27,3.4380e+27,23.5,75.4,0.3,0.8,8.7563e+29,8.4863e+29,2.6404e+28,5.9900e+26,3.4571e+28,0.0000e+00,96.9,3.0,0.1,2.0519e+29,0.2343
357,8.8324e+29,2.0595e+29,6.6735e+29,3.1440e+27,6.7840e+27,1.3704e+29,6.8908e+28,3.5697e+29,3.1039e+29,1.6460e+27,1.4980e+27,3.3980e+27,3.3860e+27,23.3,75.6,0.4,0.8,8.8310e+29,8.5586e+29,2.6644e+28,5.9700e+26,3.4592e+28,0.0000e+00,96.9,3.0,0.1,2.0909e+29,0.2368
358,8.8640e+29,2.0553e+29,6.7099e+29,3.1020e+27,6.7800e+27,1.3613e+29,6.9398e+28,3.5537e+29,3.1562e+29,1.6780e+27,1.4240e+27,3.3610e+27,3.4190e+27,23.2,75.7,0.3,0.8,8.8626e+29,8.5851e+29,2.7176e+28,5.7100e+26,3.4605e+28,0.0000e+00,96.9,3.1,0.1,2.1022e+29,0.2372
359,8.8688e+29,2.0508e+29,6.7191e+29,3.1070e+27,6.7820e+27,1.3543e+29,6.9658e+28,3.5550e+29,3.1641e+29,1.6480e+27,1.4590e+27,3.3890e+27,3.3930e+27,23.1,75.8,0.4,0.8,8.8684e+29,8.5901e+29,2.7178e+28,6.4800e+26,3.4612e+28,0.0000e+00,96.9,3.1,0.1,2.1179e+29,0.2388
